spotify_id,name,artists,daily_rank,daily_movement,weekly_movement,country,snapshot_date,popularity,is_explicit,duration_ms,album_name,album_release_date,danceability,energy,key,loudness,mode,speechiness,acousticness,instrumentalness,liveness,valence,tempo,time_signature
2RkZ5LkEzeHGRsmDqKwmaJ,Ordinary,Alex Warren,1,1,0,,2025-06-11,95,False,186964,"You'll Be Alright, Kid (Chapter 1)",2024-09-26,0.368,0.694,2,-6.141,1,0.06,0.704,6.59e-06,0.055,0.391,168.115,3
42UBPzRMh5yyz0EDPr6fr1,Manchild,Sabrina Carpenter,2,-1,48,,2025-06-11,89,True,213645,Manchild,2025-06-05,0.731,0.685,7,-5.087,1,0.0572,0.122,0.0,0.317,0.811,123.01,4
0FTmksd2dxiE5e3rWyJXs6,back to friends,sombr,3,0,1,,2025-06-11,98,False,199032,back to friends,2024-12-27,0.436,0.723,1,-2.291,1,0.0301,9.37e-05,8.82e-05,0.0929,0.235,92.855,4
7so0lgd0zP2Sbgs2d7a1SZ,Die With A Smile,"Lady Gaga, Bruno Mars",4,0,-1,,2025-06-11,91,False,251667,MAYHEM,2025-03-07,0.519,0.601,6,-7.727,0,0.0317,0.289,0.0,0.126,0.498,157.964,3
6dOtVTDdiauQNBQEDOtlAB,BIRDS OF A FEATHER,Billie Eilish,5,1,0,,2025-06-11,100,False,210373,HIT ME HARD AND SOFT,2024-05-17,0.747,0.507,2,-10.171,1,0.0358,0.2,0.0608,0.117,0.438,104.978,4
27xkOIER6uDLKALIelHylZ,Don’t Say You Love Me,Jin,6,-1,-4,,2025-06-11,93,False,180716,Echo,2025-05-16,0.729,0.562,8,-5.49,1,0.0304,0.484,0.0,0.105,0.757,111.976,4
6iOndD4OFo7GkaDypWQIou,La Plena - W Sound 05,"W Sound, Beéle, Ovy On The Drums",7,0,0,,2025-06-11,95,True,150001,La Plena (W Sound 05),2025-02-19,0.894,0.643,5,-3.485,1,0.132,0.543,0.000984,0.101,0.659,99.039,4
4AajxCEwGEsmHmT4H1TwjY,undressed,sombr,8,0,-2,,2025-06-11,96,False,182088,undressed,2025-03-21,0.642,0.887,0,-3.883,1,0.0406,0.137,0.0,0.0829,0.888,115.999,4
4wJ5Qq0jBN4ajy7ouZIV1c,APT.,"ROSÉ, Bruno Mars",9,1,-1,,2025-06-11,89,False,169917,rosie,2024-12-06,0.777,0.783,0,-4.477,0,0.26,0.0283,0.0,0.355,0.939,149.027,4
4WFgvKVfEhb3IUAFGrutTR,Love Me Not,Ravyn Lenae,10,-1,9,,2025-06-11,91,False,213466,Bird's Eye,2024-08-09,0.779,0.731,0,-6.176,1,0.0306,0.296,0.0,0.128,0.814,114.001,4
3QaPy1KgI7nu9FJEQUgn6h,WILDFLOWER,Billie Eilish,11,1,1,,2025-06-11,96,False,261466,HIT ME HARD AND SOFT,2024-05-17,0.467,0.247,6,-12.002,0,0.0431,0.612,0.000271,0.17,0.126,148.101,4
6eLQXa6uk2EW8drsiKbABZ,TU SANCHO,Fuerza Regida,12,2,-1,,2025-06-11,90,True,177994,111XPANTIA,2025-05-02,0.689,0.84,8,-6.423,1,0.0457,0.576,0.0,0.126,0.631,120.012,3
2yWlGEgEfPot0lv3OAjuG3,Just Keep Watching (From F1® The Movie),"Tate McRae, F1 The Album",13,0,-3,,2025-06-11,91,False,142550,Just Keep Watching (From F1® The Movie),2025-05-30,0.656,0.796,9,-5.856,0,0.113,0.0767,0.0,0.509,0.425,129.956,4
3xkHsmpQCBMytMJNiDf3Ii,Beautiful Things,Benson Boone,14,3,-1,,2025-06-11,93,False,180304,Fireworks & Rollerblades,2024-04-05,0.472,0.471,10,-5.692,1,0.0603,0.151,0.0,0.14,0.219,105.029,3
2HRqTpkrJO5ggZyyK6NPWz,Espresso,Sabrina Carpenter,15,1,6,,2025-06-11,91,True,175459,Short n' Sweet,2024-08-23,0.699,0.776,0,-5.282,1,0.0293,0.131,5.36e-06,0.205,0.708,103.963,4
21IYMdzTrzSe191Cy5eMap,Sailor Song,Gigi Perez,16,-1,-2,,2025-06-11,89,False,211978,"At The Beach, In Every Life",2025-04-25,0.499,0.392,11,-10.441,1,0.0262,0.627,7.1e-05,0.192,0.272,95.076,4
3sK8wGT43QFpWrvNQsrQya,DtMF,Bad Bunny,17,2,-2,,2025-06-11,97,True,237117,DeBÍ TiRAR MáS FOToS,2025-01-05,0.625,0.131,7,-27.405,0,0.0717,0.177,0.218,0.0807,0.032,136.02,4
7tI8dRuH2Yc6RuoTjxo4dU,Who,Jimin,18,-7,-9,,2025-06-11,90,False,170887,MUSE,2024-07-19,0.66,0.756,0,-3.743,0,0.032,0.00289,0.0,0.193,0.838,116.034,4
7ne4VBA60CxGM75vw0EYad,That’s So True,Gracie Abrams,19,2,-1,,2025-06-11,96,True,166300,The Secret of Us (Deluxe),2024-10-18,0.554,0.808,1,-4.169,1,0.0368,0.214,0.0,0.159,0.372,108.548,4
0QCIpQV3twfqo9kh0t8Zza,Shake It To The Max (FLY) - Remix,"MOLIY, Silent Addy, Skillibeng, Shenseea",20,-2,-4,,2025-06-11,93,True,178775,Shake It To The Max (FLY) (Remix),2025-02-21,0.856,0.548,0,-6.609,0,0.123,0.561,0.0,0.155,0.562,97.997,4
1HEwEN64NjgTaHmo7LfkX8,no tiene sentido,Beéle,21,-1,3,,2025-06-11,89,False,158036,BORONDO,2025-05-15,0.671,0.596,2,-7.565,0,0.0556,0.0871,1.97e-05,0.119,0.497,121.976,4
4DPdJvSMB6hmrjgC5eC85d,Iris,The Goo Goo Dolls,22,28,28,,2025-06-11,58,False,289533,Stay with You,1998-01-01,0.315,0.715,11,-8.072,0,0.0362,0.00125,7.97e-06,0.0942,0.497,155.925,3
2CGNAOSuO1MEFCbBRgUzjd,luther (with sza),"Kendrick Lamar, SZA",23,-1,-6,,2025-06-11,92,False,177598,GNX,2024-11-21,0.707,0.575,2,-7.546,1,0.125,0.251,0.0,0.248,0.576,138.008,4
4Q0qVhFQa7j6jRKzo3HDmP,Sapphire,Ed Sheeran,24,5,26,,2025-06-11,81,False,179082,Sapphire,2025-06-05,0.631,0.72,1,-6.152,1,0.0655,0.0163,0.0,0.347,0.394,95.011,4
5yJaXWIErrrsjQ3J0eR5aK,The Night We Met,Lord Huron,25,0,4,,2025-06-11,82,False,208226,Strange Trails,2015-04-07,0.44,0.378,2,-9.545,1,0.045,0.968,0.272,0.639,0.105,174.121,3
17phhZDn6oGtzMe56NuWvj,Lose Control,Teddy Swims,26,0,0,,2025-06-11,92,False,210688,I've Tried Everything But Therapy (Part 1),2023-09-15,0.561,0.604,9,-4.409,1,0.0337,0.199,1.9e-05,0.104,0.242,159.92,3
3GCdLUSnKSMJhs4Tj6CV3s,All The Stars (with SZA),"Kendrick Lamar, SZA",27,0,-5,,2025-06-11,94,True,232186,Black Panther The Album Music From And Inspired By,2018-02-09,0.695,0.633,8,-4.946,1,0.0599,0.0612,0.000195,0.0926,0.557,96.782,4
7CyPwkp0oE8Ro9Dd5CUDjW,"One Of The Girls (with JENNIE, Lily Rose Depp)","The Weeknd, JENNIE, Lily-Rose Depp",28,4,6,,2025-06-11,94,False,244684,The Idol Episode 4 (Music from the HBO Original Series),2023-06-23,0.264,0.64,8,-6.221,1,0.0442,0.0393,2.31e-06,0.151,0.19,84.828,4
5XeFesFbtLpXzIVDNQP22n,I Wanna Be Yours,Arctic Monkeys,29,8,10,,2025-06-11,94,False,183956,AM,2013-09-09,0.464,0.417,0,-9.345,0,0.0256,0.136,0.022,0.0974,0.479,67.528,4
0WbMK4wrZ1wFSty9F7FCgu,"Good Luck, Babe!",Chappell Roan,30,9,7,,2025-06-11,94,False,218423,"Good Luck, Babe!",2024-04-05,0.7,0.582,11,-5.96,0,0.0356,0.0502,0.0,0.0881,0.785,116.712,4
4e6TmHCC4PRUj75knNplNP,Mangu,"Fourtwnty, Charita Utami",31,-7,-8,,2025-06-11,87,False,261048,Nalar,2023-04-18,0.534,0.295,7,-8.733,1,0.0238,0.647,2.96e-06,0.0794,0.197,94.048,4
3AJwUDP919kvQ9QcozQPxg,Yellow,Coldplay,32,16,18,,2025-06-11,93,False,266773,Parachutes,2000-07-10,0.429,0.661,11,-7.227,1,0.0281,0.00239,0.000121,0.234,0.285,173.372,4
3hpm0fTeSqlhJbnqAgaLZs,Marlboro Rojo,Fuerza Regida,33,-5,-5,,2025-06-11,91,True,184173,111XPANTIA,2025-05-02,0.773,0.645,4,-6.376,0,0.0349,0.342,3.38e-06,0.32,0.923,114.996,1
35ISBknsCeZQtq66xABI9g,Messy,Lola Young,34,-3,-1,,2025-06-11,89,True,284066,This Wasn't Meant For You Anyway,2024-06-21,0.798,0.562,9,-5.913,1,0.0375,0.11,0.00606,0.122,0.647,110.991,4
2QjOHCTQ1Jl3zawyYOpxh6,Sweater Weather,The Neighbourhood,35,5,11,,2025-06-11,93,False,240400,I Love You.,2013-04-22,0.612,0.807,10,-2.81,1,0.0336,0.0495,0.0177,0.101,0.398,124.053,4
2lTm559tuIvatlT1u0JYG2,BAILE INoLVIDABLE,Bad Bunny,36,-2,-9,,2025-06-11,96,True,367725,DeBÍ TiRAR MáS FOToS,2025-01-05,0.168,0.00332,10,-46.113,1,0.0615,0.192,0.79,0.112,0.219,119.387,3
0FIDCNYYjNvPVimz5icugS,Timeless (feat Playboi Carti),"The Weeknd, Playboi Carti",37,-1,-7,,2025-06-11,95,True,256000,Hurry Up Tomorrow,2025-01-31,0.768,0.775,11,-5.06,0,0.0466,0.069,2.96e-06,0.138,0.6,119.999,4
0fK7ie6XwGxQTIkpFoWkd1,like JENNIE,JENNIE,38,-5,-13,,2025-06-11,95,True,123517,Ruby,2025-03-07,0.811,0.743,10,-5.321,0,0.0611,0.281,0.00671,0.0868,0.815,130.019,4
2RdEC8Ff83WkX7kDVCHseE,party 4 u,Charli xcx,39,-4,-7,,2025-06-11,93,False,296653,how i'm feeling now,2020-05-15,0.579,0.522,1,-8.393,1,0.0993,0.761,1.41e-05,0.655,0.245,79.453,4
04emojnbYkrRmv5qtJcgVP,What I Want (feat. Tate McRae),"Morgan Wallen, Tate McRae",40,1,-9,,2025-06-11,92,False,184517,I’m The Problem,2025-05-16,0.657,0.699,9,-3.92,1,0.0262,0.639,0.0,0.148,0.495,115.998,4
1UPB5rYJ0bzn6mNSoAHrZC,You'll Be in My Heart,NIKI,41,-11,-6,,2025-06-11,93,False,241776,You'll Be In My Heart,2022-09-14,0.486,0.613,9,-8.748,1,0.0394,0.0569,0.00139,0.126,0.633,187.531,4
4oB8Xd7gMlUEtWoD8bmCXW,Morena,"Neton Vega, Peso Pluma",42,-4,-2,,2025-06-11,92,False,193728,Mi Vida Mi Muerte,2025-02-14,0.697,0.776,4,-7.409,0,0.0308,0.379,0.00148,0.341,0.189,118.007,3
5ITV0zqzjOYfFWpW0xBmRa,Show Me Love,"WizTheMc, bees & honey",43,-1,-2,,2025-06-11,94,False,176965,Show Me Love,2025-02-07,0.714,0.691,1,-7.333,1,0.0434,0.0212,0.000292,0.111,0.155,107.15,4
6WatFBLVB0x077xWeoVc2k,Si Antes Te Hubiera Conocido,KAROL G,44,5,-1,,2025-06-11,94,False,195824,Si Antes Te Hubiera Conocido,2024-06-21,0.924,0.668,11,-6.795,1,0.0469,0.446,0.000594,0.0678,0.787,128.027,4
6393yGahSJ9slVdOwSxOVR,Pink Pony Club,Chappell Roan,45,-2,5,,2025-06-11,88,False,258034,The Rise and Fall of a Midwest Princess,2023-09-21,0.61,0.65,6,-6.199,1,0.0474,0.399,0.0,0.11,0.507,106.719,4
7KA4W4McWYRpgf0fWsJZWB,See You Again (feat. Kali Uchis),"Tyler, The Creator, Kali Uchis",46,4,-4,,2025-06-11,93,True,180386,Flower Boy,2017-07-21,0.558,0.559,6,-9.222,1,0.0959,0.371,7.49e-06,0.109,0.62,78.558,4
6J5kc12BW5HuP3d7C3vvx8,EoO,Bad Bunny,47,-2,-11,,2025-06-11,94,True,204768,DeBÍ TiRAR MáS FOToS,2025-01-05,0.36,0.464,10,-29.598,0,0.0702,0.749,0.859,0.0825,0.184,63.662,4
221eHga9f9Ne4f8D7WVgPT,Mystical Magical,Benson Boone,48,-1,-3,,2025-06-11,92,False,165746,Mystical Magical,2025-04-24,0.671,0.697,11,-3.851,1,0.116,0.19,0.0,0.393,0.848,119.867,4
1JSTJqkT5qHq8MDJnJbRE1,Every Breath You Take,The Police,49,-3,1,,2025-06-11,93,False,253920,Synchronicity (Remastered 2003),1983-06-17,0.82,0.452,1,-9.796,1,0.0348,0.543,0.00294,0.0714,0.74,117.401,4
0GRc3eGTg8HBdWLRGYgqIc,Azizam,Ed Sheeran,50,0,0,,2025-06-11,92,False,162029,Azizam,2025-04-04,0.663,0.899,6,-5.103,1,0.0473,0.00255,0.0,0.065,0.876,127.998,4
7c5uGV9Rys18JP2570ykTu,Isaka (6am),"CIZA, Jazzworx, Thukuthela",1,0,0,ZA,2025-06-11,75,False,349910,Isaka (6am),2025-04-11,0.341,0.54,10,-9.07,0,0.0566,0.292,0.279,0.212,0.752,176.762,3
73MJ65QLIfsU2GyCt5KQ3a,Uzizwa Kanjan (feat. GL_Ceejay),"Jazzworx, MaWhoo, Thukuthela, GL_Ceejay",2,0,0,ZA,2025-06-11,72,False,467145,Uzizwa Kanjan (feat. GL_ceejay),2025-04-25,0.51,0.431,1,-11.19,1,0.0518,0.582,0.371,0.11,0.56,118.055,4
4nP3JxLWurlrvollaDlxsJ,Mali,"Dlala Thukzin, Zee Nxumalo, SYKES",3,0,0,ZA,2025-06-11,69,False,408813,031 Studio Camp 2.0,2025-04-25,0.807,0.538,11,-7.799,0,0.0518,0.00606,0.00329,0.0526,0.291,118.05,4
62auSQwzIlyVuqUsxd4w63,"Abantwana Bakho (feat. Thatohatsi, Young Stunna & Nkosazana Daughter)","DJ Maphorisa, Xduppy, Kabza De Small, Thatohatsi, Young Stunna, Nkosazana Daughter",4,0,1,ZA,2025-06-11,69,False,518307,NGOMOYA,2025-03-28,0.74,0.747,8,-10.59,1,0.0496,0.0218,0.0037,0.181,0.542,112.992,4
24fRfn3FOM4xk02aE4wief,Vuka (feat. Thukuthela),"Oscar Mbo, Jazzworx, Thukuthela",5,3,1,ZA,2025-06-11,71,False,327451,Vuka (feat. Thukuthela),2024-12-13,0.738,0.455,4,-10.965,0,0.0466,0.175,0.198,0.105,0.524,118.006,4
0DGP0pRR8yz4OW2xxjIskt,Vuma Dlozi Lami (feat. Ancestral Rituals),"Issa sisdoh, Ancestral Rituals",6,-1,-2,ZA,2025-06-11,69,False,380238,Vuma Dlozi Lami (feat. Ancestral Rituals),2024-09-12,0.675,0.619,2,-8.775,1,0.0328,0.00155,0.0759,0.0456,0.759,117.988,4
1x4yHR7HJ0ZQCQVjXb2Vc8,UNIKHODIMA,"NHLOSO KHWELA, Shenge wasehlalankosi",7,0,0,ZA,2025-06-11,63,False,265560,UNIKHODIMA,2025-05-03,0.822,0.56,2,-9.604,1,0.0812,0.107,0.0,0.088,0.896,129.968,4
5JjQdivvXPrnjeEoxE16WD,Warning,"Shandesh, Shebeshxt, King Salah, Kaycherlow NLL",8,-2,6,ZA,2025-06-11,63,False,280398,Warning,2025-05-23,0.536,0.706,1,-9.56,0,0.0856,0.0336,0.000201,0.0957,0.82,126.787,4
2RkZ5LkEzeHGRsmDqKwmaJ,Ordinary,Alex Warren,9,0,1,ZA,2025-06-11,95,False,186964,"You'll Be Alright, Kid (Chapter 1)",2024-09-26,0.368,0.694,2,-6.141,1,0.06,0.704,6.59e-06,0.055,0.391,168.115,3
2Ufc72Ojfx9lR30r5srBPB,Sdudla or Slender,"Shandesh, Mvzzle",10,0,-1,ZA,2025-06-11,69,False,224187,Sdudla or Slender,2025-03-12,0.848,0.68,11,-10.33,1,0.0662,0.0915,0.000432,0.0425,0.815,127.052,4
3CLA4E7HOX6MBSjZG7hyhm,Di Chopper,"Shandesh, Mvzzle, Abi wa Mampela, Naleboy Young King",11,0,-3,ZA,2025-06-11,68,False,265762,Di Chopper,2025-04-11,0.757,0.722,6,-9.878,1,0.0589,0.156,0.00168,0.0575,0.887,127.063,4
2QVyLdd8FNg33pm5qfju1g,Sajola Kamnandi,"Sminofu, Zee Nxumalo",12,3,-1,ZA,2025-06-11,66,False,254778,Sajola Kamnandi,2025-04-24,0.668,0.943,11,-5.814,0,0.055,0.0442,0.000371,0.0979,0.78,155.973,4
7hO6BIPeHb0Y5v9bgXoxKg,Sohlala Sisonke,"Dlala Thukzin, Zeh McGeba, MK Productions",13,-1,3,ZA,2025-06-11,67,False,327457,Finally Famous Too,2024-09-27,0.715,0.765,7,-7.837,0,0.0363,0.124,0.0824,0.0391,0.733,118.026,4
3bM6G6G4kcoeTAMdFDPKEB,Ngwanaka,"Janesh, Hitboss SA",14,7,4,ZA,2025-06-11,64,False,256864,Lekompo Easter,2025-04-18,0.719,0.71,9,-6.092,1,0.0536,0.00791,0.0026,0.0506,0.345,127.866,4
2tUXE87QNnoVQZApV3uyVZ,Ngisakuthanda,"Zee Nxumalo, TBO, PYY Log Drum King, Dj Tearz, Dr Thulz",15,2,0,ZA,2025-06-11,68,False,412092,Ngisakuthanda,2024-09-06,0.767,0.814,8,-5.779,0,0.0555,0.00891,0.000751,0.0668,0.546,112.998,4
5Qnm8kfRqAO7uYl18opkUE,Deda,Samthing Soweto,16,4,7,ZA,2025-06-11,59,False,298653,Deda,2025-05-30,0.322,0.394,5,-10.706,0,0.0548,0.792,9.09e-06,0.174,0.223,86.969,4
3fD3CRxrTurrH3W4nJEt26,Ndonwabile (feat. Raspy & Babalwa M),"Kelvin Momo, Raspy, Babalwa M",17,-4,-5,ZA,2025-06-11,62,False,381096,Thato Ya Modimo,2025-05-30,0.856,0.548,5,-12.225,0,0.053,0.0262,0.0347,0.0427,0.323,111.997,4
79r4mAwHBAB1x5QnImlUM6,Ncono Siyeke,"Mshinwemali, Shenge wasehlalankosi",18,0,4,ZA,2025-06-11,62,False,299363,Ncono Siyeke,2024-09-10,0.455,0.799,2,-8.831,1,0.0359,0.384,0.0,0.575,0.868,99.729,3
6VBfzBgHu8tFeeg2ZQO4gH,Wayengenalutho,MENZI MUSIC,19,-3,2,ZA,2025-06-11,64,False,312293,Sizesiguge,2024-12-06,0.591,0.962,9,-4.144,1,0.0397,0.201,2.27e-06,0.0849,0.93,68.517,4
0OMHMgH263gIrUcszYYivV,Emhlabeni (feat. Thatohatsi & Tracy),"Kelvin Momo, Da Muziqal Chef, Thatohatsi, Tracy",20,-1,-7,ZA,2025-06-11,64,False,518596,Thato Ya Modimo,2025-05-30,0.832,0.615,10,-12.271,0,0.0588,0.0107,0.0473,0.113,0.708,112.007,4
0Y3kQx93aK7cVwvNn6pfoB,Soft,"Nasty C, Usimamane",21,-7,29,ZA,2025-06-11,57,True,135248,Soft,2025-06-06,0.659,0.416,4,-11.744,0,0.275,0.648,0.000115,0.111,0.245,180.973,4
1SBdVvoxfFvuO6BVY9WqnI,Uvume Kanjani?,LIMIT NALA,22,0,2,ZA,2025-06-11,63,False,284055,Uvume Kanjani?,2025-03-21,0.641,0.721,7,-5.911,1,0.0272,0.647,3.79e-05,0.0945,0.787,129.982,4
2QqCjFfWbjMSRo2vscPJBr,Mamenemene,"Shandesh, DJ Janisto, King Salah",23,6,15,ZA,2025-06-11,62,False,261353,Mamenemene,2025-05-09,0.751,0.66,1,-8.76,0,0.112,0.369,3.85e-06,0.065,0.877,126.876,4
5wYyy08pvNomxBKFa3Bfj6,"ZENZELE (feat. Royal MusiQ, Uncool MC, Xduppy, & CowBoii)","Uncle Waffles, Royal MusiQ, Uncool MC, Xduppy, CowBoii",24,2,5,ZA,2025-06-11,69,False,273098,4 Da Ho's,2024-12-06,0.884,0.409,1,-11.041,0,0.0775,0.0154,0.00166,0.0686,0.723,113.037,4
021iZJ1jjc6cZZ4sMXvcW9,Romeo & Juliet,"Naledi Aphiwe, Mawelele",25,-2,3,ZA,2025-06-11,64,False,307663,Romeo & Juliet,2025-01-22,0.744,0.562,2,-9.515,1,0.0475,0.241,0.0179,0.0593,0.691,125.989,3
7bIDSVHXsazyMqK2Peb8FK,Amen,"Cici, Naledi Aphiwe",26,-1,-7,ZA,2025-06-11,63,False,198929,Amen,2025-05-21,0.228,0.365,8,-7.986,0,0.0295,0.833,5.56e-05,0.109,0.255,100.515,5
3RCMGDpJlWeEgCLhOz63oa,Ngiyakuthanda,MENZI MUSIC,27,-3,-1,ZA,2025-06-11,63,False,283062,Sizesiguge,2024-12-06,0.556,0.924,7,-5.459,0,0.0365,0.424,1.44e-05,0.335,0.833,136.027,4
659qsb8NZaTuNubJDk1gaD,"Dlala Ka Yona (feat. Focalistic, Ricky Lenyora, Uncool MC & Mellow & Sleazy)","DJ Maphorisa, Xduppy, Enny Man Da Guitar, Focalistic, Ricky Lenyora, Uncool MC, Mellow & Sleazy",28,0,9,ZA,2025-06-11,63,False,428816,ROUGH DANCE,2025-03-28,0.871,0.664,1,-11.304,1,0.057,0.00858,0.00111,0.0655,0.624,112.0,4
6UTWHvcKICoVo2OuD78Wxq,Abangifuni,"Romeo Makota, Eemoh",29,1,3,ZA,2025-06-11,63,False,452455,Lebelo - EP,2025-02-28,0.775,0.621,1,-9.226,1,0.0416,0.0345,0.0168,0.118,0.313,113.015,4
2MSzTLwjCFUcGrxNFvU6pm,Mkhuzeni (feat. Da Muziqal Chef),"Kelvin Momo, Babalwa M, Da Muziqal Chef",30,-3,-10,ZA,2025-06-11,61,False,527495,Thato Ya Modimo,2025-05-30,0.796,0.836,1,-8.973,0,0.0531,0.0152,0.0444,0.0345,0.543,113.015,4
3JW9hNUjUN51X9jZyn2HVV,Ngishutheni,"Goon Flavour, Master KG, Eemoh",31,0,2,ZA,2025-06-11,71,False,317220,Ngishutheni,2025-04-23,0.787,0.591,11,-7.984,1,0.0444,0.0357,0.00703,0.0796,0.716,112.032,4
6dOtVTDdiauQNBQEDOtlAB,BIRDS OF A FEATHER,Billie Eilish,32,3,14,ZA,2025-06-11,100,False,210373,HIT ME HARD AND SOFT,2024-05-17,0.747,0.507,2,-10.171,1,0.0358,0.2,0.0608,0.117,0.438,104.978,4
1y8zzw3sYud9aHmAK8ujV6,Shapa Bell (feat. King WaveMusiq),"Naleboy Young King, Shandesh, King WaveMusiq",33,1,2,ZA,2025-06-11,59,False,267189,Shapa Bell (feat. King WaveMusiq),2025-04-01,0.843,0.657,3,-6.211,0,0.0978,0.087,0.0,0.0776,0.811,126.977,4
7vmzUiBkTNEiHoGnRIZ09f,Modimo (feat. Sir Trill & Murumba Pitch),"Kelvin Momo, Tycoon, Sir Trill, Murumba Pitch",34,3,-17,ZA,2025-06-11,61,False,476091,Thato Ya Modimo,2025-05-30,0.829,0.741,1,-9.84,0,0.0493,0.0109,0.108,0.629,0.577,112.984,4
2CGNAOSuO1MEFCbBRgUzjd,luther (with sza),"Kendrick Lamar, SZA",35,4,13,ZA,2025-06-11,92,False,177598,GNX,2024-11-21,0.707,0.575,2,-7.546,1,0.125,0.251,0.0,0.248,0.576,138.008,4
5tIt860TkOItU0BRafiyzd,Sigade Umzila,Mthandeni SK,36,2,9,ZA,2025-06-11,62,False,205400,Sigade Umzila,2024-11-29,0.705,0.882,1,-7.342,0,0.0368,0.339,0.161,0.208,0.883,89.968,4
2LeOHKRLm1Bz7eeNVinUYs,Esandleni,Nontokozo Mkhize,37,-1,5,ZA,2025-06-11,57,False,336600,Lindiwe,2025-01-24,0.477,0.683,4,-5.893,1,0.0395,0.0597,0.00045,0.335,0.495,99.768,4
6txAWGckgEGJIhLjhNdtE9,Residuals,Chris Brown,38,7,12,ZA,2025-06-11,76,False,215178,11:11 (Deluxe),2024-04-10,0.58,0.645,6,-7.793,0,0.0821,0.342,0.0,0.108,0.171,114.905,4
3QaPy1KgI7nu9FJEQUgn6h,WILDFLOWER,Billie Eilish,39,3,11,ZA,2025-06-11,96,False,261466,HIT ME HARD AND SOFT,2024-05-17,0.467,0.247,6,-12.002,0,0.0431,0.612,0.000271,0.17,0.126,148.101,4
21lD8ZDP6nbEAUtoSQl032,Awsukanini,Umafikizolo,40,-8,-15,ZA,2025-06-11,61,False,228884,Inja Kabi Lena,2025-03-20,0.665,0.972,11,-5.828,0,0.0379,0.755,0.56,0.259,0.967,163.963,4
16B7JnyBsNloQWuWHtUGu7,Ngimile Mpo,Umafikizolo,41,0,2,ZA,2025-06-11,59,False,287843,Inja Kabi Lena,2025-03-20,0.623,0.932,11,-6.745,0,0.0374,0.48,0.909,0.224,0.875,172.034,4
1blpjqXA4y03pWHnDbhs9l,Bo Gogo (feat. Tracy & Thatohatsi),"Kelvin Momo, Da Muziqal Chef, Tracy, Thatohatsi",42,1,8,ZA,2025-06-11,65,False,527129,Ntsako,2024-12-13,0.811,0.71,8,-11.21,0,0.0495,0.0147,0.0276,0.0928,0.534,113.003,4
3LmvfNUQtglbTrydsdIqFU,We Belong Together,Mariah Carey,43,4,7,ZA,2025-06-11,74,False,201400,The Emancipation of Mimi,2005-04-12,0.833,0.467,0,-7.89,1,0.0619,0.0339,0.0,0.09,0.767,139.971,4
73XTer5tuPKNstPEW1eKwL,Naledi,"Mawelele, Naledi Aphiwe",44,0,-8,ZA,2025-06-11,62,False,203210,Time,2025-03-07,0.675,0.538,0,-2.631,1,0.0289,0.757,1.83e-05,0.0964,0.5,94.962,4
4iZ4pt7kvcaH6Yo8UoZ4s2,Snooze,SZA,45,5,5,ZA,2025-06-11,90,True,201800,SOS,2022-12-09,0.559,0.551,5,-7.231,1,0.132,0.141,0.0,0.11,0.392,143.008,4
60NQDPeMwd5mpfrWS5RmrB,Kgatsa dinoka,"Mabotho s, Dj Lekusto",46,2,4,ZA,2025-06-11,58,False,232045,Kgatsa dinoka,2025-03-20,0.902,0.808,8,-6.691,1,0.0573,0.0673,0.000881,0.1,0.925,131.048,4
7so0lgd0zP2Sbgs2d7a1SZ,Die With A Smile,"Lady Gaga, Bruno Mars",47,3,3,ZA,2025-06-11,91,False,251667,MAYHEM,2025-03-07,0.519,0.601,6,-7.727,0,0.0317,0.289,0.0,0.126,0.498,157.964,3
3xkHsmpQCBMytMJNiDf3Ii,Beautiful Things,Benson Boone,48,2,2,ZA,2025-06-11,93,False,180304,Fireworks & Rollerblades,2024-04-05,0.472,0.471,10,-5.692,1,0.0603,0.151,0.0,0.14,0.219,105.029,3
53wwaMp15eGyE12Cm7sxLa,Ungukuphila,Xolly Mncwango,49,-16,1,ZA,2025-06-11,59,False,356306,Jesus Is Enough,2020-11-20,0.278,0.49,3,-11.191,1,0.0523,0.454,0.0,0.351,0.332,168.763,3
1hnB525vM5GrFr5AQIXQu8,Ndisize (feat. Ami Faku),"Caiiro, Ami Faku",50,-10,0,ZA,2025-06-11,63,False,315116,Caiiro,2024-07-05,0.784,0.629,5,-8.35,1,0.0491,0.00634,0.259,0.0918,0.517,117.005,4
2HRgqmZQC0MC7GeNuDIXHN,Seven (feat. Latto) (Explicit Ver.),"Jung Kook, Latto",1,0,0,VN,2025-06-11,85,True,183550,GOLDEN,2023-11-03,0.79,0.831,11,-4.185,1,0.044,0.312,0.0,0.0797,0.872,124.987,4
01qFKNWq73UfEslI0GvumE,3D (feat. Jack Harlow),"Jung Kook, Jack Harlow",2,2,2,VN,2025-06-11,79,True,201812,3D : The Remixes,2023-10-02,0.853,0.824,1,-3.287,1,0.103,0.0322,0.0,0.0859,0.888,108.044,4
1DVYafsLmcQySKkJnY4RCs,Phép Màu - Đàn Cá Gỗ Original Soundtrack,"MAYDAYs, Minh Tốc & Lam",3,-1,-1,VN,2025-06-11,74,False,266666,Phép Màu (Đàn Cá Gỗ Original Soundtrack),2025-02-21,0.492,0.508,7,-6.907,1,0.0355,0.128,0.0,0.254,0.249,143.857,4
6cc5PzJUddXskJGHJINw9F,DANCING IN THE DARK,SOOBIN,4,-1,1,VN,2025-06-11,73,False,227458,BẬT NÓ LÊN,2024-06-25,0.625,0.503,1,-10.565,1,0.0314,0.258,1.43e-05,0.117,0.388,108.038,4
27xkOIER6uDLKALIelHylZ,Don’t Say You Love Me,Jin,5,0,-2,VN,2025-06-11,93,False,180716,Echo,2025-05-16,0.729,0.562,8,-5.49,1,0.0304,0.484,0.0,0.105,0.757,111.976,4
5WkuMbkHX7yR7nnBKCn7tV,vạn vật như muốn ta bên nhau,RIO,6,0,3,VN,2025-06-11,70,False,185625,vạn vật như muốn ta bên nhau,2025-04-10,0.687,0.226,9,-13.359,1,0.0321,0.916,4.81e-06,0.127,0.567,95.931,3
7G7mSV4BebkoHWwKTDvXu9,Winter Ahead (with PARK HYO SHIN),"V, Park Hyo Shin",7,11,10,VN,2025-06-11,84,False,234895,Winter Ahead (with PARK HYO SHIN),2024-11-29,0.36,0.316,3,-9.954,1,0.0284,0.858,0.000212,0.23,0.229,76.844,3
4nXrVH5xwN1w6TpmP7uu8n,Exit Sign,"HIEUTHUHAI, marzuz",8,0,2,VN,2025-06-11,71,False,201589,Ai Cũng Phải Bắt Đầu Từ Đâu Đó,2023-10-16,0.483,0.599,2,-7.564,1,0.39,0.848,2.01e-05,0.153,0.175,75.375,4
3Ids3RXurYBgySph53qWnB,Từng Ngày Yêu Em,buitruonglinh,9,8,19,VN,2025-06-11,69,False,225882,Từng Ngày Như Mãi Mãi,2024-12-12,0.604,0.531,2,-7.252,1,0.071,0.701,6.08e-05,0.145,0.425,152.995,4
3uT8QfoX0BE8ZJa4h98LDW,Wrong Times,"Puppy, Dangrangto",10,-1,-2,VN,2025-06-11,72,False,211200,Wrong Times,2023-05-17,0.809,0.42,8,-14.145,1,0.319,0.654,2.91e-06,0.116,0.521,148.048,4
2wZAvkgiOE5tyrnqhB69KA,Âm Thầm Bên Em,Sơn Tùng M-TP,11,1,0,VN,2025-06-11,69,False,293112,m-tp M-TP,2017-04-01,0.5,0.462,10,-9.153,1,0.0273,0.883,0.00349,0.128,0.107,140.075,4
2a5hng9yXtbjtTVVm9UviC,Mơ,Vũ Cát Tường,12,3,15,VN,2025-06-11,68,False,262191,Mơ,2016-01-01,0.556,0.413,9,-7.261,1,0.0791,0.908,3.38e-06,0.0924,0.191,113.086,4
7fCeYpR02Q8JVuD88hJZVT,Bầu Trời Mới,"Da LAB, Minh Tốc & Lam",13,-6,-6,VN,2025-06-11,67,False,262495,M∞N,2024-10-05,0.464,0.709,5,-5.431,1,0.0545,0.511,0.0,0.111,0.275,180.047,4
3y66li7DIrH7HLKIZzxR5H,Lễ Đường,Kai Đinh,14,7,-8,VN,2025-06-11,70,False,249301,Lễ Đường,2025-03-09,0.579,0.44,1,-8.008,1,0.0428,0.686,0.0,0.0769,0.507,135.877,4
31VNCmwspR7nVJ6kruUuJt,Đừng Làm Trái Tim Anh Đau,Sơn Tùng M-TP,15,-2,-3,VN,2025-06-11,71,False,279208,Đừng Làm Trái Tim Anh Đau,2024-06-08,0.854,0.636,11,-7.972,1,0.0406,0.527,0.0,0.135,0.858,125.512,4
2Pwou3Q2Cf59RxdX2V6MgV,Có Đôi Điều,Shiki,16,7,6,VN,2025-06-11,70,False,174000,Lặng,2024-06-27,0.42,0.59,0,-8.071,1,0.17,0.695,0.00374,0.168,0.406,89.959,4
3CmacJj7VC4W6daC8BWd0h,Mất Kết Nối,Dương Domic,17,-1,2,VN,2025-06-11,70,False,207473,Dữ Liệu Quý,2024-11-22,0.492,0.399,1,-9.028,1,0.0443,0.82,0.0,0.133,0.236,131.811,4
354swDEk1Zdo9y57fEqmRg,ĐOÁ HOA,"TeuYungBoy, BIG WIND, DONAL",18,-7,-5,VN,2025-06-11,69,False,158987,ĐOÁ HOA,2025-03-08,0.8,0.621,8,-9.104,0,0.0623,0.209,0.000104,0.195,0.607,150.044,4
7tI8dRuH2Yc6RuoTjxo4dU,Who,Jimin,19,-5,1,VN,2025-06-11,90,False,170887,MUSE,2024-07-19,0.66,0.756,0,-3.743,0,0.032,0.00289,0.0,0.193,0.838,116.034,4
2KslE17cAJNHTsI2MI0jb2,Standing Next to You,Jung Kook,20,6,-6,VN,2025-06-11,85,False,206019,GOLDEN,2023-11-03,0.711,0.809,2,-4.389,0,0.0955,0.0447,0.0,0.339,0.816,106.017,4
36fgG6NiEuQXznNgf5y2Ck,một bài hát không vui mấy - Extended Version,"T.R.I, Dangrangto, DONAL",21,20,25,VN,2025-06-11,67,False,235315,một bài hát không vui mấy (Extended Version),2024-12-24,0.796,0.35,5,-8.425,1,0.0368,0.597,3.27e-05,0.129,0.445,94.985,4
4CUvVaAYuXtvYURLFz7EIL,Chuyện Đôi Ta (feat. Muộii),"Emcee L (Da LAB), Da LAB, Muộii (Starry Night)",22,8,-1,VN,2025-06-11,68,False,208048,Chuyện Đôi Ta (feat. Muộii),2021-12-01,0.517,0.467,0,-7.222,1,0.0442,0.724,0.0,0.0908,0.453,199.815,3
1K0HQ30Wc11okzlcnFA7Ub,Không Thể Say,HIEUTHUHAI,23,-1,-8,VN,2025-06-11,70,False,228413,Ai Cũng Phải Bắt Đầu Từ Đâu Đó,2023-10-16,0.675,0.635,7,-5.266,1,0.0416,0.246,0.0,0.211,0.642,144.984,4
4tqXSj46umlymdIxqY8zso,giá như,SOOBIN,24,-5,-8,VN,2025-06-11,66,False,223200,BẬT NÓ LÊN,2024-06-25,0.748,0.474,7,-11.228,0,0.0354,0.206,9.43e-05,0.0832,0.446,124.975,4
0SmQ0UWeiHKQtxUej4Rem6,Tháng Năm,SOOBIN,25,2,0,VN,2025-06-11,66,False,225358,The Playah,2020-12-15,0.67,0.618,9,-5.467,0,0.0377,0.128,0.0,0.0534,0.251,147.015,4
4fj4Jn4nw8fGX8xdbCntJf,Sau Cơn Mưa,"CoolKid, RHYDER",26,-16,-2,VN,2025-06-11,69,False,154756,Sau Cơn Mưa,2023-07-28,0.69,0.3,6,-9.204,1,0.039,0.769,1.69e-06,0.123,0.646,81.983,4
4gaxEUZE4z9pJAVTSFwgQI,một đời,"14 Casper, Bon Nghiêm, buitruonglinh",27,-3,-1,VN,2025-06-11,64,False,328240,SỐ KHÔNG,2023-03-03,0.442,0.349,0,-10.676,1,0.0307,0.847,1.36e-06,0.136,0.365,135.978,4
226ljdOTLM2clGpm4mZvAm,Love is,Dangrangto,28,3,9,VN,2025-06-11,69,False,266758,Love is,2023-06-27,0.69,0.291,4,-16.499,1,0.0515,0.207,1.06e-06,0.205,0.584,139.126,4
3COYA2vgfcUhDyRlVpZy5p,PHÓNG ZÌN ZÌN,"tlinh, Low G",29,5,-11,VN,2025-06-11,70,False,202999,FLVR,2024-09-18,0.717,0.693,5,-6.808,0,0.0646,0.185,0.00171,0.164,0.445,101.996,4
6kCU6i8iRrAAmJJ8Sj4JYC,Nắng có mang em về,"Shartnuss, Tr.D, Phankeo",30,-1,20,VN,2025-06-11,67,False,254304,Luv,2023-10-21,0.459,0.408,7,-12.482,1,0.0361,0.801,0.0312,0.162,0.287,150.922,4
4wJ5Qq0jBN4ajy7ouZIV1c,APT.,"ROSÉ, Bruno Mars",31,-11,3,VN,2025-06-11,89,False,169917,rosie,2024-12-06,0.777,0.783,0,-4.477,0,0.26,0.0283,0.0,0.355,0.939,149.027,4
2uZmeuNAxSm7XfVIwLkhCx,nhắn nhủ,Ronboogz,32,5,11,VN,2025-06-11,67,False,241190,nhắn nhủ,2023-12-12,0.762,0.295,7,-9.745,1,0.035,0.954,0.00157,0.164,0.284,129.962,4
3P3rcI48wwVEgxF5vPM6pG,Buông Đôi Tay Nhau Ra,Sơn Tùng M-TP,33,11,5,VN,2025-06-11,67,False,227492,m-tp M-TP,2017-04-01,0.705,0.72,8,-7.135,0,0.0291,0.639,0.515,0.108,0.634,110.961,4
3ZbZtdEw9U0uZW4tZItIwq,Chịu Cách Mình Nói Thua,"RHYDER, CoolKid, BAN",34,-6,-11,VN,2025-06-11,70,False,181558,Chịu Cách Mình Nói Thua,2023-11-22,0.604,0.737,10,-6.575,0,0.0372,0.16,0.0,0.115,0.36,154.173,4
0669gFIK8dYK9GGQ0K0QNF,Tràn Bộ Nhớ,Dương Domic,35,4,-3,VN,2025-06-11,68,False,172500,Dữ Liệu Quý,2024-11-22,0.71,0.768,7,-8.18,1,0.0515,0.56,0.000898,0.103,0.472,127.925,4
4exlWP8cokkWVCvyP3kg7c,nếu lúc đó,"tlinh, 2pillz",36,-1,-6,VN,2025-06-11,66,False,263752,ái,2023-08-16,0.627,0.591,4,-7.908,1,0.0316,0.344,0.000134,0.159,0.358,140.018,4
26zqmmkqUK6mCc87XDzPym,"CHÂN THÀNH (feat. RHYDER, Captain, Quang Hùng MasterD, WEAN & Ali Hoàng Dương)","ANH TRAI ""SAY HI"", RHYDER, CAPTAIN BOY, Quang Hùng MasterD, WEAN, Ali Hoàng Dương",37,5,-4,VN,2025-06-11,67,False,258000,"ANH TRAI ""SAY HI"" (Live Stage 4)",2024-08-26,0.35,0.599,7,-6.94,0,0.0942,0.545,0.0,0.139,0.472,180.134,3
1o6cYDMHvKOfizi4d9Lqxr,id 072019,W/N,38,12,4,VN,2025-06-11,66,False,271704,id 072019,2023-07-31,0.593,0.325,6,-11.214,1,0.0296,0.957,0.219,0.286,0.442,110.068,4
7gSQxwCpEMjg8wb6Y3oqe7,"HÀO QUANG (feat. RHYDER, Dương Domic & Pháp Kiều)","ANH TRAI ""SAY HI"", RHYDER, Dương Domic, Pháp Kiều",39,-6,-3,VN,2025-06-11,67,False,245454,"ANH TRAI ""SAY HI"" (Live Stage 2)",2024-08-06,0.577,0.587,1,-5.814,1,0.0369,0.69,0.0,0.268,0.5,131.52,4
41DlPJXKTCypXdf2eSqa03,bình yên,"Vũ., Binz",40,-15,0,VN,2025-06-11,65,False,195974,Bảo Tàng Của Nuối Tiếc,2024-09-27,0.677,0.526,1,-8.375,1,0.0435,0.787,1.92e-05,0.0855,0.217,121.969,4
5BTzf3doGTigDIYUFtbkI9,Sinh Ra Đã Là Thứ Đối Lập Nhau (feat. Badbies),"Emcee L (Da LAB), Da LAB, Badbies",41,2,6,VN,2025-06-11,67,False,234168,Sinh Ra Đã Là Thứ Đối Lập Nhau (feat. Badbies),2020-12-29,0.494,0.395,6,-8.653,1,0.0301,0.887,1.43e-05,0.058,0.179,141.464,4
3ET3xHCLMGd57u06A9RjJ0,Nói Dối,Ronboogz,42,-4,-3,VN,2025-06-11,67,False,206139,Nói Dối,2022-12-12,0.707,0.563,5,-9.683,1,0.1,0.842,1.72e-05,0.124,0.382,167.989,4
5rSAUmbOg4giDrM29vUyHe,Nơi Này Có Anh,Sơn Tùng M-TP,43,-7,5,VN,2025-06-11,66,False,260117,m-tp M-TP,2017-04-01,0.52,0.853,0,-5.249,1,0.0304,0.0451,0.000959,0.144,0.328,91.993,4
5XfGQZA0ioQAWUjlyJRcHc,1000 Ánh Mắt,"Shiki, Obito",44,-12,-15,VN,2025-06-11,69,False,152000,Lặng,2024-06-27,0.641,0.326,8,-8.716,1,0.0325,0.789,0.0,0.104,0.474,143.997,4
5PGh9MyKry8slG5AfvD1eD,Hà Nội,"Obito, Shiki, VSTRA",45,-5,-14,VN,2025-06-11,68,False,165555,Đánh Đổi,2023-10-10,0.768,0.368,11,-13.274,0,0.0469,0.329,0.105,0.284,0.365,107.998,4
1J3SmWwlYAG68LGKr86MVH,Chúng Ta Của Hiện Tại,Sơn Tùng M-TP,46,4,4,VN,2025-06-11,66,False,301538,Chúng Ta Của Hiện Tại,2020-12-20,0.582,0.662,2,-5.261,1,0.0352,0.0682,0.0,0.205,0.528,155.976,4
0s7RyyUlQfd8mnnboHe18n,Hẹn Gặp Em Dưới Ánh Trăng,"MANBO, HIEUTHUHAI, HURRYKNG",47,-1,-12,VN,2025-06-11,68,False,222000,Hẹn Gặp Em Dưới Ánh Trăng,2020-09-25,0.787,0.658,8,-7.595,1,0.0325,0.65,2.31e-05,0.118,0.475,120.005,4
1XZE0InCx3SdCnLpVsPpZl,Jumping Machine (跳楼机),LBI利比,48,0,-3,VN,2025-06-11,82,False,201642,Jumping Machine (跳楼机),2025-01-23,0.605,0.53,6,-7.981,1,0.029,0.659,0.0,0.172,0.351,127.939,4
0oSc7X1uRQGuEqNRtXEeQL,Dù Cho Tận Thế,ERIK,49,-2,0,VN,2025-06-11,68,False,233263,Dù Cho Tận Thế,2025-02-06,0.68,0.492,9,-5.936,1,0.0328,0.724,0.0,0.128,0.364,120.049,4
265hQASPY3HFmUH38zZrSK,MOIEM,"Dangrangto, DONAL",50,-5,0,VN,2025-06-11,66,False,191834,MOIEM,2024-11-06,0.506,0.332,5,-11.503,0,0.0586,0.016,4.8e-06,0.109,0.0945,76.37,4
1HEwEN64NjgTaHmo7LfkX8,no tiene sentido,Beéle,1,1,0,VE,2025-06-11,89,False,158036,BORONDO,2025-05-15,0.671,0.596,2,-7.565,0,0.0556,0.0871,1.97e-05,0.119,0.497,121.976,4
7tI8dRuH2Yc6RuoTjxo4dU,Who,Jimin,2,-1,0,VE,2025-06-11,90,False,170887,MUSE,2024-07-19,0.66,0.756,0,-3.743,0,0.032,0.00289,0.0,0.193,0.838,116.034,4
6iOndD4OFo7GkaDypWQIou,La Plena - W Sound 05,"W Sound, Beéle, Ovy On The Drums",3,0,1,VE,2025-06-11,95,True,150001,La Plena (W Sound 05),2025-02-19,0.894,0.643,5,-3.485,1,0.132,0.543,0.000984,0.101,0.659,99.039,4
27xkOIER6uDLKALIelHylZ,Don’t Say You Love Me,Jin,4,0,-1,VE,2025-06-11,93,False,180716,Echo,2025-05-16,0.729,0.562,8,-5.49,1,0.0304,0.484,0.0,0.105,0.757,111.976,4
4zhk2RS2EZODmBW6il55Qj,mi refe,"Beéle, Ovy On The Drums",5,1,1,VE,2025-06-11,85,False,159404,BORONDO,2025-05-15,0.637,0.648,7,-5.306,0,0.271,0.403,5.41e-05,0.119,0.441,123.108,4
2QP041AcWg8PwPIWP95RKN,top diesel,Beéle,6,-1,1,VE,2025-06-11,82,False,189456,BORONDO,2025-05-15,0.825,0.73,5,-4.007,1,0.11,0.144,0.000884,0.0435,0.77,99.995,4
1C7NXX8UJ6pgNx8EkmyZDd,si te pillara,Beéle,7,0,2,VE,2025-06-11,79,False,184547,BORONDO,2025-05-15,0.503,0.673,5,-5.594,1,0.0773,0.59,0.0,0.396,0.343,103.814,4
18m5dJOPB2geFwOymXNaWg,AURORA,"Mora, De La Rose",8,0,-3,VE,2025-06-11,85,True,192853,LO MISMO DE SIEMPRE,2025-05-18,0.595,0.761,11,-4.966,0,0.042,0.592,0.0,0.202,0.367,111.926,4
4DnrAI8WyUY6gkOwl8GlPN,capaz (merengueton),"Alleh, Yorghaki",9,0,1,VE,2025-06-11,90,False,173858,LA CIUDAD,2024-12-24,0.872,0.614,3,-5.618,0,0.181,0.0815,0.000207,0.135,0.785,126.957,4
3fmw8iIyQDS2L7nE6Wd0xG,sobelove,Beéle,10,0,-2,VE,2025-06-11,81,False,131827,BORONDO,2025-05-15,0.756,0.721,8,-4.046,0,0.191,0.36,9.88e-06,0.0794,0.715,111.994,4
7d6yK8v8J484SWH5prIQiE,VeLDÁ,"Bad Bunny, Omar Courtz, Dei V",11,0,2,VE,2025-06-11,92,True,235336,DeBÍ TiRAR MáS FOToS,2025-01-05,0.613,0.981,1,-18.638,1,0.149,0.29,0.0023,0.437,0.0337,101.852,3
6VfL3MEuYeJbDlD8m011HR,quédate,Beéle,12,1,0,VE,2025-06-11,83,False,176481,BORONDO,2025-05-15,0.608,0.633,0,-4.609,0,0.137,0.294,2.04e-05,0.143,0.549,111.888,5
2BvPMS2XWfnCpHHvWeOyeC,DETRÁS DE TU ALMA,Mora,13,1,2,VE,2025-06-11,83,True,237000,LO MISMO DE SIEMPRE,2025-05-18,0.433,0.733,4,-5.54,0,0.128,0.503,0.0,0.244,0.263,89.405,4
5FLzweTtgQurkLPs0E7uEO,Priti,"Danny Ocean, Sech",14,-2,-3,VE,2025-06-11,87,False,130968,Priti,2025-03-20,0.8,0.681,9,-7.307,1,0.0499,0.163,0.0,0.101,0.523,121.915,4
0Qe2g06yzLBuuSvVmFiweP,Hasta Aquí Llegué,"Nanpa Básico, Beéle",15,2,4,VE,2025-06-11,84,False,188887,Duelo,2024-11-07,0.641,0.657,11,-8.338,0,0.218,0.538,0.0,0.106,0.411,100.016,4
61C7zXd4t2Zuhz6DRwgsLM,Volver,"Piso 21, Marc Anthony, Beéle",16,2,4,VE,2025-06-11,85,False,232149,Volver,2025-02-06,0.478,0.793,11,-4.449,1,0.387,0.235,0.0,0.146,0.604,92.294,4
5Fhr3wqeieN5WDkAsqL1JJ,MONA LISA,j-hope,17,-2,-1,VE,2025-06-11,87,False,137191,MONA LISA,2025-03-21,0.799,0.805,1,-5.009,1,0.0372,0.0278,9.03e-06,0.0535,0.96,137.952,4
2SPBFiD8iITb8CKJGz1TEQ,111,Yan Block,18,2,0,VE,2025-06-11,86,True,153750,111,2025-02-20,0.792,0.498,4,-10.327,0,0.196,0.501,0.165,0.0951,0.14,127.974,4
31we7ZzWdSBEOKs5Ln6QVF,NUBES,"De La Rose, Omar Courtz",19,4,5,VE,2025-06-11,85,True,271801,NUBES,2025-04-03,0.657,0.666,7,-3.786,1,0.0302,0.243,0.0,0.101,0.19,99.945,4
4zbEItKoaRId1vRZkoO0Uh,Imagínate,"Danny Ocean, Kapo",20,-1,5,VE,2025-06-11,88,False,170365,Imagínate,2024-11-07,0.779,0.737,11,-4.667,1,0.109,0.134,0.0,0.0974,0.445,101.923,4
5DdLSEyKh8zgCrJq2hFj92,Yo sé,"Yan Block, TORRRES",21,0,1,VE,2025-06-11,86,True,129705,Yo sé,2024-05-23,0.716,0.462,5,-9.847,0,0.128,0.68,0.0,0.132,0.626,136.045,4
1i1n7hUzCDkXGFqIJSSzom,frente al mar,Beéle,22,0,4,VE,2025-06-11,79,False,165178,BORONDO,2025-05-15,0.75,0.682,10,-3.825,1,0.0945,0.168,1.28e-06,0.112,0.618,100.036,4
6OCNg7QchXJMww1LHMjIzb,Hiekka,"Nicky Jam, Beéle",23,1,0,VE,2025-06-11,86,False,213333,Hiekka,2025-05-02,0.724,0.726,4,-4.077,0,0.0416,0.0451,0.0,0.12,0.332,107.865,4
3Ob9NJaBlOGDvndnG6G2PW,MÁS QUE ALGO,"Mora, Omar Courtz",24,1,-10,VE,2025-06-11,82,True,242306,LO MISMO DE SIEMPRE,2025-05-18,0.564,0.619,7,-6.331,1,0.0495,0.737,0.0,0.122,0.403,103.05,4
1o4xkdBe0RjSf2u6VXi4OI,444,"Yan Block, Panda Black",25,4,-4,VE,2025-06-11,85,True,175280,444,2024-04-04,0.435,0.61,1,-8.114,0,0.0895,0.152,1.21e-05,0.142,0.22,118.653,5
2RX1emplIvpgCuZl87y50j,ENAMORA2,Fer Ariza,26,-10,-9,VE,2025-06-11,51,False,202064,ENAMORA2,2025-03-26,0.834,0.876,7,-5.473,1,0.124,0.0923,0.0,0.115,0.59,122.046,4
4MUrUT38U98olfnyzMBCzm,KLOuFRENS,Bad Bunny,27,-1,6,VE,2025-06-11,90,True,199114,DeBÍ TiRAR MáS FOToS,2025-01-05,0.326,0.125,1,-32.45,1,0.148,0.703,0.706,0.18,0.306,106.974,4
0DMJz677XfXiiruhIELu2e,VITAMINA,"Jombriel, DFZM, Jøtta",28,-1,3,VE,2025-06-11,92,False,208743,VITAMINA,2025-02-27,0.815,0.746,10,-4.855,0,0.0528,0.015,2.26e-06,0.056,0.768,92.007,4
7bywjHOc0wSjGGbj04XbVi,LUNA,"Feid, ATL Jacob",29,5,19,VE,2025-06-11,89,False,196800,FERXXOCALIPSIS,2023-12-01,0.774,0.86,7,-2.888,0,0.13,0.131,0.0,0.116,0.446,100.019,4
6m1TWFMeon7ai9XLOzdbiR,FAKE LOVE,BTS,30,20,2,VE,2025-06-11,81,False,242333,Love Yourself 轉 'Tear',2018-05-18,0.557,0.719,2,-4.515,0,0.0371,0.00267,0.0,0.306,0.345,77.502,4
2lTm559tuIvatlT1u0JYG2,BAILE INoLVIDABLE,Bad Bunny,31,-1,3,VE,2025-06-11,96,True,367725,DeBÍ TiRAR MáS FOToS,2025-01-05,0.168,0.00332,10,-46.113,1,0.0615,0.192,0.79,0.112,0.219,119.387,3
6J5kc12BW5HuP3d7C3vvx8,EoO,Bad Bunny,32,-4,-2,VE,2025-06-11,94,True,204768,DeBÍ TiRAR MáS FOToS,2025-01-05,0.36,0.464,10,-29.598,0,0.0702,0.749,0.859,0.0825,0.184,63.662,4
4Hkp1TiYqGYhknFwtUsbqd,ME GUSTAS CC,ROA,33,0,2,VE,2025-06-11,79,True,173573,Private Suite (Vol. 2),2024-12-13,0.337,0.818,5,-5.261,0,0.149,0.303,0.000159,0.111,0.457,87.429,5
59D4DOkspUbWyMmbAPQkxZ,VOY A LLeVARTE PA PR,Bad Bunny,34,-3,3,VE,2025-06-11,93,True,156364,DeBÍ TiRAR MáS FOToS,2025-01-05,0.148,0.604,7,-35.032,1,0.0588,0.921,0.453,0.405,1e-05,106.295,3
6WatFBLVB0x077xWeoVc2k,Si Antes Te Hubiera Conocido,KAROL G,35,0,9,VE,2025-06-11,94,False,195824,Si Antes Te Hubiera Conocido,2024-06-21,0.924,0.668,11,-6.795,1,0.0469,0.446,0.000594,0.0678,0.787,128.027,4
6ifUES3keWjwXgae8pXI3o,Me Rehúso,Danny Ocean,36,8,13,VE,2025-06-11,86,False,205714,54+1,2019-03-22,0.744,0.804,1,-6.327,1,0.0677,0.0231,0.0,0.0494,0.426,104.823,4
10MpBpx64MNixmUMNj7f6b,LATINA FOREVA,KAROL G,37,-5,-10,VE,2025-06-11,88,True,159452,LATINA FOREVA,2025-05-22,0.806,0.715,1,-3.539,0,0.0538,0.0115,0.0,0.0756,0.5,97.936,4
0JY2QXSvlpA8DZwgaAYWlY,Solcito,"Miguel Bueno, Juan Duque",38,12,12,VE,2025-06-11,0,False,144000,Solcito,2025-03-13,0.766,0.576,8,-8.165,0,0.101,0.307,0.00035,0.351,0.773,99.968,4
0l0vcZMU7AOeQmUIREoI2U,Qué Pasaría...,"Rauw Alejandro, Bad Bunny",39,-2,6,VE,2025-06-11,91,True,191018,Cosa Nuestra,2024-11-15,0.833,0.563,4,-5.593,0,0.204,0.528,1.27e-05,0.139,0.343,105.008,4
3sK8wGT43QFpWrvNQsrQya,DtMF,Bad Bunny,40,2,6,VE,2025-06-11,97,True,237117,DeBÍ TiRAR MáS FOToS,2025-01-05,0.625,0.131,7,-27.405,0,0.0717,0.177,0.218,0.0807,0.032,136.02,4
3YrTrs2hJbLklaBdhr4TrH,ETA - RMX,"ROA, De La Rose, Luar La L, Yan Block, Omar Courtz",41,-3,-5,VE,2025-06-11,76,True,462561,Private Suite (Vol. 2),2024-12-13,0.606,0.744,10,-4.661,0,0.208,0.436,0.0,0.109,0.558,87.993,4
3I4YGWwJoqBdBGVnkRjnVw,secuestro,"Slayter, Yan Block, NTG",42,-2,-2,VE,2025-06-11,78,True,194062,dile no a las drogas,2025-04-10,0.764,0.568,10,-6.004,0,0.134,0.639,0.0151,0.144,0.674,94.02,4
3jAshemiRYWukWLtT3Ivrb,SOLEAO,"Myke Towers, Quevedo",43,-2,7,VE,2025-06-11,82,False,218305,SOLEAO,2025-05-29,0.738,0.606,5,-5.175,0,0.0603,0.253,1.11e-05,0.105,0.628,104.131,4
0Sr7ssScx54yxdM2ols7nW,Q U E V A S H A C E R H O Y ?,"Omar Courtz, De La Rose",44,2,6,VE,2025-06-11,86,True,224022,PRIMERA MUSA,2024-09-20,0.56,0.681,6,-6.304,0,0.244,0.103,0.0,0.106,0.388,155.079,4
3bn6CxnWxuvYZz3i9vE2dc,MIL VIDAS,"Mora, Ryan Castro",45,-2,-16,VE,2025-06-11,80,False,269720,LO MISMO DE SIEMPRE,2025-05-18,0.744,0.587,0,-6.256,1,0.0292,0.737,0.0,0.147,0.438,105.006,4
7eNwwoxDR8KVzNAuGvliAO,Kyoto,"Omar Courtz, De La Rose, Haze",46,1,1,VE,2025-06-11,82,True,247840,Kyoto,2023-07-14,0.732,0.753,9,-4.269,0,0.0512,0.235,1.74e-05,0.568,0.405,94.978,4
5TFD2bmFKGhoCRbX61nXY5,NUEVAYoL,Bad Bunny,47,-2,3,VE,2025-06-11,94,False,183685,DeBÍ TiRAR MáS FOToS,2025-01-05,0.142,0.195,6,-20.024,1,0.139,0.265,0.995,0.204,0.12,137.922,4
1YYfyJ2yCvGFCxwjsIqEK9,Khé?,"Rauw Alejandro, Romeo Santos",48,2,2,VE,2025-06-11,88,False,206066,Cosa Nuestra,2024-11-15,0.687,0.627,7,-4.975,1,0.181,0.326,0.0,0.0893,0.47,155.865,4
51YOvMn0xShoUKDdPecFbb,morena (Bonus Track),Beéle,49,-13,-8,VE,2025-06-11,76,False,188930,BORONDO,2025-05-15,0.737,0.682,9,-6.149,1,0.13,0.155,0.0,0.227,0.676,104.107,4
1cmfXbOvNJt7iDrnJy5BRE,DROGA,"Mora, C. Tangana",50,-2,-12,VE,2025-06-11,85,True,222626,LO MISMO DE SIEMPRE,2025-05-18,0.695,0.848,0,-5.039,0,0.0569,0.383,0.0,0.078,0.878,76.022,4
6iOndD4OFo7GkaDypWQIou,La Plena - W Sound 05,"W Sound, Beéle, Ovy On The Drums",1,0,0,UY,2025-06-11,95,True,150001,La Plena (W Sound 05),2025-02-19,0.894,0.643,5,-3.485,1,0.132,0.543,0.000984,0.101,0.659,99.039,4
6X8DTIJEgHUjZynuds0E2f,Tu jardín con enanitos,"Roze Oficial, Max Carra, Valen, RAMKY EN LOS CONTROLES",2,0,0,UY,2025-06-11,75,False,175059,Tu jardín con enanitos,2025-05-22,0.49,0.638,7,-5.894,1,0.0398,0.0721,0.0,0.313,0.484,138.061,3
4DnrAI8WyUY6gkOwl8GlPN,capaz (merengueton),"Alleh, Yorghaki",3,0,0,UY,2025-06-11,90,False,173858,LA CIUDAD,2024-12-24,0.872,0.614,3,-5.618,0,0.181,0.0815,0.000207,0.135,0.785,126.957,4
1HEwEN64NjgTaHmo7LfkX8,no tiene sentido,Beéle,4,2,6,UY,2025-06-11,89,False,158036,BORONDO,2025-05-15,0.671,0.596,2,-7.565,0,0.0556,0.0871,1.97e-05,0.119,0.497,121.976,4
0DMJz677XfXiiruhIELu2e,VITAMINA,"Jombriel, DFZM, Jøtta",5,-1,-1,UY,2025-06-11,92,False,208743,VITAMINA,2025-02-27,0.815,0.746,10,-4.855,0,0.0528,0.015,2.26e-06,0.056,0.768,92.007,4
2iDDnYmaz1HhedjI91fbmp,MOTINHA 2.0 (Mete Marcha) - Remix,"DENNIS, Luísa Sonza, Emilia",6,-1,-1,UY,2025-06-11,81,False,118081,MOTINHA 2.0 (Mete Marcha) - Remix,2025-04-24,0.861,0.894,0,-1.306,0,0.13,0.0511,0.0,0.333,0.918,135.078,4
2efbgTtEGNpsUZaOfgRTR6,blackout 🧊,"Emilia, TINI, Nicki Nicole",7,1,0,UY,2025-06-11,85,False,182282,blackout 🧊,2025-03-25,0.778,0.787,9,-2.447,0,0.0478,0.245,0.000106,0.111,0.957,137.994,4
7dCGkDZgWIDSZyxInMkdIv,Pa las girlas,Mattei,8,-1,3,UY,2025-06-11,80,False,150578,Pa las girlas,2025-02-24,0.584,0.848,1,-4.285,0,0.0801,0.126,0.0,0.242,0.727,196.074,4
5MKbWaXeSQSmzmo7gPQha1,Amor de Vago,"La T y La M, Malandro",9,0,0,UY,2025-06-11,80,False,188423,Amor de Vago,2024-08-23,0.65,0.507,2,-7.27,1,0.111,0.706,2.47e-06,0.0725,0.603,179.984,4
0vcuJjViqrFCCWUrjrZW1X,RAMEN PARA DOS,"Maria Becerra, Paulo Londra, XROSS",10,1,-4,UY,2025-06-11,84,True,231999,RAMEN PARA DOS,2025-05-08,0.789,0.627,1,-4.211,0,0.0444,0.155,0.0,0.375,0.601,130.021,4
7tI8dRuH2Yc6RuoTjxo4dU,Who,Jimin,11,-1,18,UY,2025-06-11,90,False,170887,MUSE,2024-07-19,0.66,0.756,0,-3.743,0,0.032,0.00289,0.0,0.193,0.838,116.034,4
4zhk2RS2EZODmBW6il55Qj,mi refe,"Beéle, Ovy On The Drums",12,1,2,UY,2025-06-11,85,False,159404,BORONDO,2025-05-15,0.637,0.648,7,-5.306,0,0.271,0.403,5.41e-05,0.119,0.441,123.108,4
55mYWV1RJDUKziwn1Is0Vt,Se Me Olvida / Empelotica,LA NUEVA ESCUELA,13,-1,-5,UY,2025-06-11,61,False,287666,Se Me Olvida / Empelotica,2024-11-14,0.716,0.776,4,-4.088,1,0.104,0.242,0.0,0.152,0.631,90.095,4
6WJ2QzbVnjmPGKpmb6tmmO,amor de veraNO,La T y La M,14,0,-1,UY,2025-06-11,72,False,198469,amor de veraNO,2025-03-07,0.795,0.656,1,-6.813,0,0.0473,0.63,0.0111,0.366,0.969,82.008,4
3jAshemiRYWukWLtT3Ivrb,SOLEAO,"Myke Towers, Quevedo",15,3,35,UY,2025-06-11,82,False,218305,SOLEAO,2025-05-29,0.738,0.606,5,-5.175,0,0.0603,0.253,1.11e-05,0.105,0.628,104.131,4
3UEIObvIQMJzF09RWRcqcP,bunda 🍑,"Emilia, Luísa Sonza",16,-1,-1,UY,2025-06-11,81,True,223855,bunda 🍑,2025-02-20,0.558,0.584,9,-5.454,0,0.0529,0.269,0.0,0.322,0.824,130.03,4
7d6yK8v8J484SWH5prIQiE,VeLDÁ,"Bad Bunny, Omar Courtz, Dei V",17,-1,-1,UY,2025-06-11,92,True,235336,DeBÍ TiRAR MáS FOToS,2025-01-05,0.613,0.981,1,-18.638,1,0.149,0.29,0.0023,0.437,0.0337,101.852,3
5IgmWwbNUeZzvYrODLletR,UWAIE - versión cumbia,Max Carra,18,2,2,UY,2025-06-11,71,False,162947,UWAIE (versión cumbia),2024-09-19,0.687,0.782,9,-4.772,0,0.0446,0.399,7.37e-06,0.334,0.799,142.481,4
2F6PBqz7aPA7K309aFKMHt,Con Otra,Cazzu,19,2,0,UY,2025-06-11,76,False,231016,Latinaje,2025-04-24,0.431,0.69,10,-4.502,0,0.0395,0.12,0.0,0.961,0.575,167.972,4
0STW8nw4lNN4TEQ8KmNer6,Parte & Choke,"Jombriel, Alex Krack, Jøtta",20,3,-3,UY,2025-06-11,84,False,205264,Parte & Choke,2024-11-05,0.728,0.654,5,-3.976,0,0.365,0.00581,0.0,0.131,0.884,117.337,5
6wDig9zSE2qpDbw1W3qqIX,MASNA REMIX,"FMK, Emilia, Nicki Nicole, Tiago PZK",21,-2,29,UY,2025-06-11,66,False,248000,MASNA REMIX,2025-06-05,0.62,0.759,5,-3.834,1,0.0654,0.199,1.57e-05,0.128,0.344,179.932,4
4C1GR4t5ZVMtmbnLgKukgG,Cosas Pendientes,"The La Planta, La Penúltima",22,2,0,UY,2025-06-11,61,False,131908,Cosas Pendientes,2025-04-03,0.488,0.737,7,-5.505,0,0.0369,0.128,0.0,0.0879,0.619,80.225,4
2lTm559tuIvatlT1u0JYG2,BAILE INoLVIDABLE,Bad Bunny,23,-1,-5,UY,2025-06-11,96,True,367725,DeBÍ TiRAR MáS FOToS,2025-01-05,0.168,0.00332,10,-46.113,1,0.0615,0.192,0.79,0.112,0.219,119.387,3
3xdbqyli0ZUKupnyKQfGJp,Tengo Una Cadena,Salastkbron,24,2,18,UY,2025-06-11,74,True,120012,Tengo Una Cadena,2025-04-30,0.754,0.647,1,-5.677,1,0.08,0.108,0.0,0.115,0.607,97.999,4
0mmWol32PnowJQf0rZx5ab,Golfista,Duki,25,0,-1,UY,2025-06-11,75,False,158927,Golfista,2025-05-29,0.775,0.751,1,-3.854,1,0.0522,0.00121,1.42e-05,0.0956,0.591,159.986,4
44m9PAUZYeOEGeaTYh6NAl,Tan Lejos,"No Te Va Gustar, Juan Casanova",26,2,8,UY,2025-06-11,73,False,298000,El Camino Más Largo,2008-10-23,0.652,0.577,0,-7.877,1,0.0328,0.0264,1.17e-06,0.0758,0.662,120.037,4
6MuJUSYCqA4FpMogUHzb2R,Ese Maldito Momento,No Te Va Gustar,27,2,-2,UY,2025-06-11,73,False,185866,El Calor Del Pleno Invierno,2012-10-18,0.643,0.616,11,-6.358,0,0.0266,0.469,5.74e-05,0.0886,0.652,139.931,4
5DdLSEyKh8zgCrJq2hFj92,Yo sé,"Yan Block, TORRRES",28,-1,-5,UY,2025-06-11,86,True,129705,Yo sé,2024-05-23,0.716,0.462,5,-9.847,0,0.128,0.68,0.0,0.132,0.626,136.045,4
31we7ZzWdSBEOKs5Ln6QVF,NUBES,"De La Rose, Omar Courtz",29,2,6,UY,2025-06-11,85,True,271801,NUBES,2025-04-03,0.657,0.666,7,-3.786,1,0.0302,0.243,0.0,0.101,0.19,99.945,4
0CgpCtEPvyDizcg2p47VrU,A las Nueve,No Te Va Gustar,30,11,1,UY,2025-06-11,74,False,207533,El Calor Del Pleno Invierno,2012-10-18,0.625,0.804,4,-5.652,0,0.0268,0.236,8.22e-05,0.308,0.827,129.931,4
6WatFBLVB0x077xWeoVc2k,Si Antes Te Hubiera Conocido,KAROL G,31,1,-1,UY,2025-06-11,94,False,195824,Si Antes Te Hubiera Conocido,2024-06-21,0.924,0.668,11,-6.795,1,0.0469,0.446,0.000594,0.0678,0.787,128.027,4
4zbEItKoaRId1vRZkoO0Uh,Imagínate,"Danny Ocean, Kapo",32,3,0,UY,2025-06-11,88,False,170365,Imagínate,2024-11-07,0.779,0.737,11,-4.667,1,0.109,0.134,0.0,0.0974,0.445,101.923,4
4jn3R3KF5hx2fCiXlj89yE,FLECHAZO EN EL CENTRO,"YSY A, Bhavi, Milo j",33,-3,6,UY,2025-06-11,75,False,185241,TU DUO FAVORITO,2023-09-06,0.753,0.644,5,-6.685,0,0.043,0.132,1.66e-06,0.104,0.457,104.947,4
3sK8wGT43QFpWrvNQsrQya,DtMF,Bad Bunny,34,3,-1,UY,2025-06-11,97,True,237117,DeBÍ TiRAR MáS FOToS,2025-01-05,0.625,0.131,7,-27.405,0,0.0717,0.177,0.218,0.0807,0.032,136.02,4
59D4DOkspUbWyMmbAPQkxZ,VOY A LLeVARTE PA PR,Bad Bunny,35,-2,-8,UY,2025-06-11,93,True,156364,DeBÍ TiRAR MáS FOToS,2025-01-05,0.148,0.604,7,-35.032,1,0.0588,0.921,0.453,0.405,1e-05,106.295,3
1KfiYYMCZkP7no8DdkXFDl,Tiene,"Tobal Mj, Lucky Brown, Nacho G Flow",36,3,2,UY,2025-06-11,80,False,225000,Tiene,2025-02-26,0.734,0.611,0,-7.034,1,0.0439,0.123,0.000398,0.186,0.392,98.009,4
3YcNehpEP1edJwVwsLfkbr,Embustera,"LA NUEVA ESCUELA, Callejero Fino",37,1,6,UY,2025-06-11,57,False,233170,Embustera,2025-03-12,0.781,0.792,9,-3.184,1,0.0782,0.184,0.0,0.182,0.635,123.149,4
18m5dJOPB2geFwOymXNaWg,AURORA,"Mora, De La Rose",38,-2,-17,UY,2025-06-11,85,True,192853,LO MISMO DE SIEMPRE,2025-05-18,0.595,0.761,11,-4.966,0,0.042,0.592,0.0,0.202,0.367,111.926,4
2oZqk6nAy2CSAcmINCMi2N,QUE CABRONA,Lauty Gram,39,-5,-13,UY,2025-06-11,74,False,168374,QUE CABRONA,2025-03-06,0.77,0.741,9,-4.288,1,0.0518,0.0977,0.0,0.413,0.424,100.011,4
27xkOIER6uDLKALIelHylZ,Don’t Say You Love Me,Jin,40,-23,-28,UY,2025-06-11,93,False,180716,Echo,2025-05-16,0.729,0.562,8,-5.49,1,0.0304,0.484,0.0,0.105,0.757,111.976,4
7cncPk3pgG1lNTUIiKxGev,Carita Triste,La Penúltima,41,6,9,UY,2025-06-11,45,False,125906,Carita Triste,2025-05-29,0.575,0.779,5,-5.11,1,0.0316,0.149,0.0,0.159,0.909,159.959,4
4onciYei2VhqMIdqsE8GrD,Capaz,"Maxi Alvarez, ONE PLAY",42,3,2,UY,2025-06-11,55,False,110625,Capaz,2025-03-27,0.585,0.809,6,-4.245,1,0.138,0.202,0.0,0.0702,0.912,126.785,4
76lXtXJP6VqX6r9Ks3AUy0,Si Las Gatas Se Amotinan,"Peipper, DobleP, Locura Mix",43,-3,-2,UY,2025-06-11,80,False,164000,Si Las Gatas Se Amotinan,2024-11-14,0.889,0.5,3,-12.083,1,0.309,0.139,0.0,0.221,0.648,79.949,4
0ns3zTWJE4rq5DAvPQoVFP,Falso Amor,"LA NUEVA ESCUELA, Guaynaa, Uri, Valen, Frijo",44,-2,6,UY,2025-06-11,50,False,211379,Falso Amor,2025-06-04,0.542,0.888,9,-3.452,0,0.0375,0.196,0.0,0.74,0.849,86.917,4
5WEF0icHWmAZBBMglBd599,WELTiTA,"Bad Bunny, Chuwi",45,-1,4,UY,2025-06-11,89,False,187507,DeBÍ TiRAR MáS FOToS,2025-01-05,0.458,0.297,4,-32.354,0,0.6,0.866,0.329,0.346,0.357,96.14,3
6JAaPxRPeElmUGPqyIkhCS,FINGI DEMENCIA,"RAMKY EN LOS CONTROLES, The La Planta",46,-3,-1,UY,2025-06-11,66,False,126705,FINGI DEMENCIA,2025-01-09,0.624,0.828,7,-2.859,1,0.0579,0.11,0.0,0.474,0.423,84.883,4
0iwmZVScrpLcbbfHbdJGT0,Como Eran Las Cosas,Babasonicos,47,3,-11,UY,2025-06-11,60,False,242520,Lo + tranquilo,2020-06-26,0.696,0.448,8,-9.099,1,0.0333,0.452,2.43e-05,0.0904,0.569,95.004,4
42UBPzRMh5yyz0EDPr6fr1,Manchild,Sabrina Carpenter,48,2,2,UY,2025-06-11,89,True,213645,Manchild,2025-06-05,0.731,0.685,7,-5.087,1,0.0572,0.122,0.0,0.317,0.811,123.01,4
7bywjHOc0wSjGGbj04XbVi,LUNA,"Feid, ATL Jacob",49,1,1,UY,2025-06-11,89,False,196800,FERXXOCALIPSIS,2023-12-01,0.774,0.86,7,-2.888,0,0.13,0.131,0.0,0.116,0.446,100.019,4
0sf2srhosDzfozt7AfF1vO,Tan Nervioso,LA NUEVA ESCUELA,50,-4,-3,UY,2025-06-11,56,False,207692,Tan Nervioso,2024-06-28,0.731,0.806,2,-4.169,1,0.0437,0.127,0.0,0.292,0.922,125.034,4
42UBPzRMh5yyz0EDPr6fr1,Manchild,Sabrina Carpenter,1,0,49,US,2025-06-11,89,True,213645,Manchild,2025-06-05,0.731,0.685,7,-5.087,1,0.0572,0.122,0.0,0.317,0.811,123.01,4
04emojnbYkrRmv5qtJcgVP,What I Want (feat. Tate McRae),"Morgan Wallen, Tate McRae",2,0,-1,US,2025-06-11,92,False,184517,I’m The Problem,2025-05-16,0.657,0.699,9,-3.92,1,0.0262,0.639,0.0,0.148,0.495,115.998,4
2RkZ5LkEzeHGRsmDqKwmaJ,Ordinary,Alex Warren,3,1,-1,US,2025-06-11,95,False,186964,"You'll Be Alright, Kid (Chapter 1)",2024-09-26,0.368,0.694,2,-6.141,1,0.06,0.704,6.59e-06,0.055,0.391,168.115,3
0FTmksd2dxiE5e3rWyJXs6,back to friends,sombr,4,-1,0,US,2025-06-11,98,False,199032,back to friends,2024-12-27,0.436,0.723,1,-2.291,1,0.0301,9.37e-05,8.82e-05,0.0929,0.235,92.855,4
4gfrYDtaRmp6HPvN80V2ob,I Got Better,Morgan Wallen,5,0,0,US,2025-06-11,88,False,204963,I’m The Problem,2025-05-16,0.598,0.798,0,-4.587,1,0.0295,0.576,0.000564,0.155,0.542,84.986,4
4AajxCEwGEsmHmT4H1TwjY,undressed,sombr,6,0,-3,US,2025-06-11,96,False,182088,undressed,2025-03-21,0.642,0.887,0,-3.883,1,0.0406,0.137,0.0,0.0829,0.888,115.999,4
5z0LSDpPpGwc2ZyJHpsE3J,Just In Case,Morgan Wallen,7,1,-1,US,2025-06-11,86,False,166206,I’m The Problem,2025-05-16,0.649,0.505,10,-6.664,1,0.0313,0.647,0.0,0.144,0.386,145.998,4
2CGNAOSuO1MEFCbBRgUzjd,luther (with sza),"Kendrick Lamar, SZA",8,1,-1,US,2025-06-11,92,False,177598,GNX,2024-11-21,0.707,0.575,2,-7.546,1,0.125,0.251,0.0,0.248,0.576,138.008,4
4WFgvKVfEhb3IUAFGrutTR,Love Me Not,Ravyn Lenae,9,-2,5,US,2025-06-11,91,False,213466,Bird's Eye,2024-08-09,0.779,0.731,0,-6.176,1,0.0306,0.296,0.0,0.128,0.814,114.001,4
2u9S9JJ6hTZS3Vf22HOZKg,NOKIA,Drake,10,0,-2,US,2025-06-11,94,True,241023,$ome $exy $ongs 4 U,2025-02-14,0.537,0.727,5,-4.184,1,0.15,0.247,0.0,0.173,0.508,106.037,4
6dOtVTDdiauQNBQEDOtlAB,BIRDS OF A FEATHER,Billie Eilish,11,0,-2,US,2025-06-11,100,False,210373,HIT ME HARD AND SOFT,2024-05-17,0.747,0.507,2,-10.171,1,0.0358,0.2,0.0608,0.117,0.438,104.978,4
5E3XPRJVgYnxhMAFI7nZ7N,OWA OWA,Lil Tecca,12,2,-1,US,2025-06-11,85,True,132380,OWA OWA,2025-05-30,0.719,0.729,1,-7.874,1,0.0704,0.0368,0.0,0.101,0.444,126.005,3
7AeM1BGYM7emrqmQn1PuWv,I'm The Problem,Morgan Wallen,13,0,-3,US,2025-06-11,86,False,177811,I’m The Problem,2025-05-16,0.549,0.752,5,-4.94,0,0.0367,0.665,1.2e-05,0.102,0.446,92.053,1
3siwsiaEoU4Kuuc9WKMUy5,No One Noticed,The Marías,14,-2,-2,US,2025-06-11,93,False,236906,Submarine,2024-05-31,0.705,0.339,7,-10.612,1,0.0278,0.552,0.0814,0.12,0.457,97.989,4
5IZXB5IKAD2qlvTPJYDCFB,I Had Some Help (Feat. Morgan Wallen),"Post Malone, Morgan Wallen",15,6,12,US,2025-06-11,88,True,178205,F-1 Trillion,2024-08-15,0.644,0.874,0,-4.723,1,0.0265,0.0113,0.0,0.227,0.753,128.017,4
6393yGahSJ9slVdOwSxOVR,Pink Pony Club,Chappell Roan,16,-1,4,US,2025-06-11,88,False,258034,The Rise and Fall of a Midwest Princess,2023-09-21,0.61,0.65,6,-6.199,1,0.0474,0.399,0.0,0.11,0.507,106.719,4
0ofHAoxe9vBkTCp2UQIavz,Dreams - 2004 Remaster,Fleetwood Mac,17,1,1,US,2025-06-11,91,False,257800,Rumours (Super Deluxe),1977-02-04,0.828,0.492,0,-9.744,1,0.0276,0.0644,0.00428,0.128,0.789,120.151,4
221eHga9f9Ne4f8D7WVgPT,Mystical Magical,Benson Boone,18,-1,1,US,2025-06-11,92,False,165746,Mystical Magical,2025-04-24,0.671,0.697,11,-3.851,1,0.116,0.19,0.0,0.393,0.848,119.867,4
7u7IqryLFAygWFz6bsEB7y,Blue Strips,Jessie Murph,19,0,2,US,2025-06-11,89,False,147209,Blue Strips,2025-04-11,0.646,0.653,1,-4.132,1,0.0392,0.294,0.0,0.0968,0.235,133.936,4
2yWlGEgEfPot0lv3OAjuG3,Just Keep Watching (From F1® The Movie),"Tate McRae, F1 The Album",20,0,-4,US,2025-06-11,91,False,142550,Just Keep Watching (From F1® The Movie),2025-05-30,0.656,0.796,9,-5.856,0,0.113,0.0767,0.0,0.509,0.425,129.956,4
7so0lgd0zP2Sbgs2d7a1SZ,Die With A Smile,"Lady Gaga, Bruno Mars",21,1,-4,US,2025-06-11,91,False,251667,MAYHEM,2025-03-07,0.519,0.601,6,-7.727,0,0.0317,0.289,0.0,0.126,0.498,157.964,3
0YsIYFRoxkmEvbKCwTp0Tg,20 Cigarettes,Morgan Wallen,22,-6,-9,US,2025-06-11,86,False,160901,I’m The Problem,2025-05-16,0.629,0.57,10,-5.733,0,0.0243,0.725,0.0,0.145,0.399,98.015,4
3xkHsmpQCBMytMJNiDf3Ii,Beautiful Things,Benson Boone,23,3,2,US,2025-06-11,93,False,180304,Fireworks & Rollerblades,2024-04-05,0.472,0.471,10,-5.692,1,0.0603,0.151,0.0,0.14,0.219,105.029,3
0FIDCNYYjNvPVimz5icugS,Timeless (feat Playboi Carti),"The Weeknd, Playboi Carti",24,1,2,US,2025-06-11,95,True,256000,Hurry Up Tomorrow,2025-01-31,0.768,0.775,11,-5.06,0,0.0466,0.069,2.96e-06,0.138,0.6,119.999,4
7EW7Yivb93qKAtp5qEm5of,Dark Thoughts,Lil Tecca,25,4,-10,US,2025-06-11,91,True,136991,Dark Thoughts,2025-03-14,0.801,0.773,1,-3.756,0,0.155,0.055,0.0,0.189,0.709,101.935,4
21IYMdzTrzSe191Cy5eMap,Sailor Song,Gigi Perez,26,2,3,US,2025-06-11,89,False,211978,"At The Beach, In Every Life",2025-04-25,0.499,0.392,11,-10.441,1,0.0262,0.627,7.1e-05,0.192,0.272,95.076,4
73kIKvg65QWieOKXIwyLJP,All The Way (feat. Bailey Zimmerman),"BigXthaPlug, Bailey Zimmerman",27,-4,-4,US,2025-06-11,88,True,165000,All The Way (feat. Bailey Zimmerman),2025-04-04,0.831,0.555,1,-6.331,0,0.0576,0.314,0.0,0.135,0.444,135.015,4
2RdEC8Ff83WkX7kDVCHseE,party 4 u,Charli xcx,28,-4,-6,US,2025-06-11,93,False,296653,how i'm feeling now,2020-05-15,0.579,0.522,1,-8.393,1,0.0993,0.761,1.41e-05,0.655,0.245,79.453,4
5fZJQrFKWQLb7FpJXZ1g7K,A Bar Song (Tipsy),Shaboozey,29,-2,2,US,2025-06-11,86,True,171291,"Where I've Been, Isn't Where I'm Going",2024-05-31,0.722,0.706,9,-4.857,1,0.0292,0.072,0.0,0.067,0.599,80.969,4
17phhZDn6oGtzMe56NuWvj,Lose Control,Teddy Swims,30,0,3,US,2025-06-11,92,False,210688,I've Tried Everything But Therapy (Part 1),2023-09-15,0.561,0.604,9,-4.409,1,0.0337,0.199,1.9e-05,0.104,0.242,159.92,3
6Qyc6fS4DsZjB2mRW9DsQs,Iris,The Goo Goo Dolls,31,2,4,US,2025-06-11,94,False,289533,Dizzy up the Girl,1998-01-01,0.315,0.715,11,-8.072,0,0.0362,0.00125,7.97e-06,0.0942,0.497,155.925,3
0hta2Lb2zKJ7kEnAEZEE3G,Nope your too late i already died,"wifiskeleton, i wanna be a jack-o-lantern",32,-1,12,US,2025-06-11,92,False,90067,suburban daredevil,2024-10-22,0.704,0.597,4,-10.458,0,0.036,0.105,0.00835,0.264,0.978,119.993,4
76JKIsdKrAfWUMjaA0u7v5,Too Sweet,Hozier,33,1,6,US,2025-06-11,84,False,251424,Unreal Unearth: Unaired,2024-08-19,0.741,0.62,10,-5.505,1,0.0412,0.0295,0.000809,0.0398,0.934,117.038,4
0WbMK4wrZ1wFSty9F7FCgu,"Good Luck, Babe!",Chappell Roan,34,3,7,US,2025-06-11,94,False,218423,"Good Luck, Babe!",2024-04-05,0.7,0.582,11,-5.96,0,0.0356,0.0502,0.0,0.0881,0.785,116.712,4
0aB0v4027ukVziUGwVGYpG,tv off (feat. lefty gunplay),"Kendrick Lamar, Lefty Gunplay",35,0,-3,US,2025-06-11,92,True,220690,GNX,2024-11-22,0.855,0.529,6,-6.679,0,0.263,0.0837,0.0,0.423,0.548,100.036,4
2HRqTpkrJO5ggZyyK6NPWz,Espresso,Sabrina Carpenter,36,4,9,US,2025-06-11,91,True,175459,Short n' Sweet,2024-08-23,0.699,0.776,0,-5.282,1,0.0293,0.131,5.36e-06,0.205,0.708,103.963,4
7KA4W4McWYRpgf0fWsJZWB,See You Again (feat. Kali Uchis),"Tyler, The Creator, Kali Uchis",37,2,-1,US,2025-06-11,93,True,180386,Flower Boy,2017-07-21,0.558,0.559,6,-9.222,1,0.0959,0.371,7.49e-06,0.109,0.62,78.558,4
0qmhTHMVxnXRmT5N92wTD9,Bloodline (with Jelly Roll),"Alex Warren, Jelly Roll",38,0,-14,US,2025-06-11,90,False,182008,Bloodline (with Jelly Roll),2025-05-22,0.621,0.779,4,-6.346,0,0.056,0.255,0.0,0.0683,0.513,127.925,4
7B3BwNecBhKvNwSMOOl7Gk,Fame is a Gun,Addison Rae,39,-7,11,US,2025-06-11,76,False,183237,Addison,2025-06-06,0.692,0.399,3,-7.325,0,0.035,0.165,0.00109,0.1,0.411,137.976,4
3t6gUcGYLrUuqwpXjOFWQc,I Never Lie,Zach Top,40,4,10,US,2025-06-11,86,False,224906,Cold Beer & Country Music,2024-04-05,0.782,0.641,3,-6.431,1,0.0275,0.332,0.00923,0.108,0.522,107.997,4
58ge6dfP91o9oXMzq3XkIS,505,Arctic Monkeys,41,1,2,US,2025-06-11,86,False,253586,Favourite Worst Nightmare (Standard Version),2007-04-24,0.52,0.852,0,-5.866,1,0.0543,0.00237,5.79e-05,0.0733,0.234,140.267,4
5mAGsieQbw180sYdL3RMKk,Love Somebody,Morgan Wallen,42,-6,-5,US,2025-06-11,83,False,204828,I’m The Problem,2025-05-16,0.622,0.852,5,-5.182,0,0.0281,0.00912,0.000118,0.145,0.719,122.038,4
1BDLD4c07q0bmq2VCRsXoE,I Ain't Comin' Back (feat. Post Malone),"Morgan Wallen, Post Malone",43,-2,-13,US,2025-06-11,83,False,175271,I’m The Problem,2025-05-16,0.372,0.727,11,-4.9,1,0.0358,0.566,0.0,0.298,0.741,200.363,4
3GCdLUSnKSMJhs4Tj6CV3s,All The Stars (with SZA),"Kendrick Lamar, SZA",44,-1,-10,US,2025-06-11,94,True,232186,Black Panther The Album Music From And Inspired By,2018-02-09,0.695,0.633,8,-4.946,1,0.0599,0.0612,0.000195,0.0926,0.557,96.782,4
7ne4VBA60CxGM75vw0EYad,That’s So True,Gracie Abrams,45,5,5,US,2025-06-11,96,True,166300,The Secret of Us (Deluxe),2024-10-18,0.554,0.808,1,-4.169,1,0.0368,0.214,0.0,0.159,0.372,108.548,4
6AI3ezQ4o3HUoP6Dhudph3,Not Like Us,Kendrick Lamar,46,1,-4,US,2025-06-11,94,True,274192,Not Like Us,2024-05-04,0.898,0.472,1,-7.001,1,0.0776,0.0107,0.0,0.141,0.214,101.061,4
1osfLqL6L2iQsirRf83ded,Worst Way,Riley Green,47,-1,3,US,2025-06-11,85,False,220558,Way Out Here,2024-04-12,0.366,0.492,11,-7.9,1,0.0324,0.0899,0.000994,0.132,0.349,197.768,3
4KULAymBBJcPRpk1yO4dOG,I Remember Everything (feat. Kacey Musgraves),"Zach Bryan, Kacey Musgraves",48,2,2,US,2025-06-11,88,False,227195,Zach Bryan,2023-08-25,0.429,0.453,0,-7.746,1,0.0459,0.554,2e-06,0.102,0.155,77.639,4
5UJbgR4XF4y1DvbkxEqe8S,Sports car,Tate McRae,49,-4,-9,US,2025-06-11,89,False,165045,So Close To What,2025-02-20,0.861,0.815,11,-3.672,0,0.0349,0.0505,0.00139,0.1,0.886,106.978,4
5G2f63n7IPVPPjfNIGih7Q,Taste,Sabrina Carpenter,50,0,0,US,2025-06-11,92,False,157279,Short n' Sweet,2024-08-23,0.674,0.907,3,-4.086,1,0.064,0.101,0.0,0.297,0.721,112.964,4
29qDVTQqe4jWIiPzQcQOev,Смарагдове небо,Drevo,1,0,0,UA,2025-06-11,63,False,186827,Смарагдове небо,2025-05-23,0.726,0.847,4,-3.892,0,0.0309,0.00534,2.54e-06,0.0528,0.774,115.994,4
7JZs5hNCz4be2sJxaLIy5l,З якого ти поверху неба?,"Jerry Heil, YARMAK",2,1,0,UA,2025-06-11,64,False,196817,АРХЕТИПИ,2025-05-02,0.776,0.427,2,-8.968,0,0.0415,0.67,3.81e-06,0.126,0.488,129.91,4
1dpHnn6eh4Pz55UproSdJv,так похуй,madk1d,3,-1,0,UA,2025-06-11,72,True,108000,sexyswag,2025-03-21,0.598,0.813,10,-4.188,0,0.169,0.00179,8.74e-05,0.128,0.764,80.008,4
4C5BDHPQuJ5K49XsAK8uq2,Dirty,KRISTIEE,4,0,14,UA,2025-06-11,64,True,109817,Dirty,2025-05-30,0.763,0.379,5,-11.122,1,0.103,0.432,0.00635,0.0984,0.437,147.023,4
4PMQ591DnjhGRYZNLETsno,Пінаколада,Vitaliy Kozlovskiy,5,0,-1,UA,2025-06-11,61,False,195784,Пінаколада,2025-05-14,0.671,0.934,1,-3.802,0,0.0664,0.0315,2.27e-05,0.401,0.585,94.949,4
36DnMjOyWBOZLgWYm2KWFz,ты че обиделась,"madk1d, тёмный принц",6,0,0,UA,2025-06-11,69,True,90000,sexyswag,2025-03-21,0.615,0.755,1,-5.813,1,0.128,0.00816,0.0908,0.209,0.717,159.911,4
2vsIoRPtatBX9GceGkPHkY,ШОВКОВИЦЯ,"IVAN LIULENOV, DAMNITSKYI",7,2,43,UA,2025-06-11,53,False,185061,ШОВКОВИЦЯ,2025-05-28,0.599,0.874,2,-5.272,0,0.179,0.0928,0.0,0.297,0.385,178.135,4
0fqp87BpzFd10BIDLP0qVv,Атата - Ренебе,VovaZiLvova,8,-1,-3,UA,2025-06-11,61,False,174643,Прекрасне інакше,2012-03-30,0.698,0.847,0,-5.159,1,0.0557,0.171,0.0,0.338,0.667,115.036,4
69Agz1StFDBAQwJ2xgvGbF,Тьотя,Шугар,9,2,-1,UA,2025-06-11,60,False,185739,Тьотя,2024-04-11,0.735,0.717,4,-4.822,0,0.0269,0.0822,2.07e-06,0.333,0.598,114.99,4
4w4qGjcvOgsYRyO4x9Ci0U,Врубай,Parfeniuk,10,-2,-3,UA,2025-06-11,57,False,150583,Врубай,2024-11-28,0.871,0.628,11,-4.952,0,0.298,0.304,0.0,0.0938,0.69,120.052,4
4J7GqAqdOfYrcOKJIp4m8U,Зірочка палай,Анна Трінчер,11,-1,-2,UA,2025-06-11,61,False,128640,Зірочка палай,2025-04-03,0.809,0.782,7,-5.271,0,0.0585,0.174,5.33e-05,0.128,0.555,125.015,4
40y6wpbyTXB2DGzaBrLC7f,Олєг,Шугар,12,1,-2,UA,2025-06-11,58,False,177931,Олєг,2024-02-01,0.812,0.74,6,-5.742,0,0.0556,0.0728,2.33e-05,0.0582,0.681,116.053,4
2oMasfMjnLEF6JpRDtD1rF,Мужчина,Alena Omargalieva,13,-1,-2,UA,2025-06-11,62,False,163000,Мужчина,2025-03-27,0.755,0.693,7,-5.978,1,0.14,0.152,3.5e-05,0.208,0.461,97.007,4
1ZbtwhtxORZcaSh5VKjeXJ,Не лякай,"OSTY, Klavdia Petrivna",14,2,-2,UA,2025-06-11,61,False,174500,Не лякай,2024-09-06,0.613,0.597,2,-5.527,0,0.0256,0.385,4.02e-05,0.105,0.264,85.931,4
0HcAqtveWI1vLCefAqy6Db,Де би де би,Drevo,15,-1,13,UA,2025-06-11,56,False,169000,Перший тайм,2024-10-11,0.578,0.658,9,-5.484,0,0.0249,0.00127,4.83e-05,0.204,0.751,88.019,4
2k1bI9pRGnUQZWhr3NmJBx,Нагадай,Domiy,16,1,4,UA,2025-06-11,60,False,152184,Нагадай,2023-12-16,0.777,0.531,1,-7.445,0,0.0265,0.26,0.00265,0.141,0.54,110.001,4
4HiXhD2daY4ca5nr977V4e,болен,"dope17, mapt0v",17,3,-1,UA,2025-06-11,67,True,88093,болен,2024-09-06,0.545,0.761,7,-6.149,0,0.0499,0.11,0.0,0.424,0.406,78.492,4
5XIoRdNKbhG3uFDB0UXWuw,Наследство,"Icegergert, SKY RAE",18,0,1,UA,2025-06-11,67,True,130778,Наследство,2025-04-25,0.861,0.716,11,-4.071,1,0.234,0.0662,0.0,0.179,0.593,83.486,4
23cpg22rXsND2u3ElYxQdj,Забий,"Wellboy, Parfeniuk",19,5,2,UA,2025-06-11,60,False,194457,Забий,2024-02-16,0.649,0.711,4,-6.786,0,0.0902,0.549,0.0,0.156,0.487,83.086,4
2dopO0qCoX7qoTbIriIf3q,Зцапала-злапала,Boombox,20,-5,-7,UA,2025-06-11,61,False,203493,Family бізнес,2006-01-01,0.78,0.541,9,-6.568,1,0.246,0.247,0.0,0.0726,0.743,99.487,4
74kalpHrS2ngqa68XFL0dS,Fake ID,"kizaru, Icegergert",21,-2,-7,UA,2025-06-11,71,True,229500,Fake ID,2025-04-11,0.79,0.634,0,-5.894,1,0.291,0.0713,0.000102,0.366,0.155,160.016,4
12TC6zACzfx6ey8ZAP6R3y,А що?,MONATIK,22,0,2,UA,2025-06-11,59,False,197727,А що?,2024-05-22,0.705,0.777,9,-5.23,0,0.182,0.129,0.00034,0.0616,0.82,87.743,4
1b977NIX97rPhUrvt57udY,FENOMENAL',DOROFEEVA,23,-2,-8,UA,2025-06-11,60,False,177138,FENOMENAL',2025-04-24,0.768,0.812,1,-5.029,1,0.125,0.0163,8.89e-05,0.301,0.784,99.996,4
3O6R6CXo0660qvmdeG6EOD,Токсік,Шугар,24,-1,-7,UA,2025-06-11,59,False,179631,Токсік,2024-10-17,0.727,0.685,5,-5.503,0,0.0354,0.0882,1.74e-05,0.108,0.405,121.988,4
0hta2Lb2zKJ7kEnAEZEE3G,Nope your too late i already died,"wifiskeleton, i wanna be a jack-o-lantern",25,1,-2,UA,2025-06-11,92,False,90067,suburban daredevil,2024-10-22,0.704,0.597,4,-10.458,0,0.036,0.105,0.00835,0.264,0.978,119.993,4
4MQmxIxM5CXKjdq4IrCWhd,Касета,SadSvit,26,1,-4,UA,2025-06-11,61,False,144235,Cassette,2021-12-13,0.654,0.743,10,-7.189,0,0.0315,0.3,0.0453,0.109,0.634,169.978,4
7bBZdL9ZTDKbNN7J1Alla4,Їде дах,"Klavdia Petrivna, Маша Кондратенко",27,9,15,UA,2025-06-11,58,False,180000,Їде дах,2024-08-13,0.787,0.769,3,-5.905,0,0.0794,0.158,0.0,0.149,0.667,119.116,4
4SbcktBkOk1YgAyQvjC8kl,На порозі,Domiy,28,-3,1,UA,2025-06-11,59,False,159567,На порозі,2024-06-21,0.663,0.681,6,-4.764,1,0.0295,0.714,4.16e-05,0.0841,0.509,92.009,4
7CuxOoQMEaiSXIGwJJkQHW,Кульбаби,Тоня Матвієнко,29,-1,-4,UA,2025-06-11,59,False,163224,Кульбаби,2022-12-09,0.832,0.668,1,-5.033,0,0.0315,0.332,0.0,0.12,0.516,100.034,4
0BryMsuHUY9EK5wC45PggL,мило материшься,volhey,30,5,-3,UA,2025-06-11,66,False,120397,мило материшься,2024-12-06,0.436,0.686,1,-10.314,1,0.0513,0.281,0.301,0.0909,0.641,192.115,4
0mXuEBzTaqYmzIovJhx20u,цена,"madk1d, паранойя",31,1,19,UA,2025-06-11,64,True,138305,sexyswag,2025-03-21,0.624,0.842,10,-3.272,0,0.11,0.0012,0.00234,0.427,0.619,117.905,4
61BaxM1NIcadLu3gtWm2uT,Силуети,"SadSvit, СТРУКТУРА ЩАСТЯ",32,-1,-6,UA,2025-06-11,61,False,177346,Силуети,2022-10-28,0.527,0.861,8,-6.73,1,0.0388,0.0155,0.0311,0.276,0.387,77.498,4
3Fdo0fNzj2QnPU1SgsNHcV,Катюха,whitek3d,33,-4,1,UA,2025-06-11,63,True,77037,Катюха,2025-05-02,0.827,0.891,0,-3.137,1,0.247,0.134,0.0,0.323,0.685,162.006,4
4GNVBarJ82ABAYZyPYwinT,Рана,CHEEV,34,0,1,UA,2025-06-11,59,False,121558,Рана,2024-07-03,0.654,0.708,2,-5.912,1,0.129,0.276,1.22e-05,0.0683,0.449,153.964,4
71LcXxyXOLybJnTjno152t,Гектор,Icegergert,35,-5,15,UA,2025-06-11,66,True,82269,Гектор,2024-08-09,0.898,0.643,11,-6.954,1,0.283,0.0958,8.78e-06,0.154,0.744,105.093,4
69zCrlRTLn4sLeU4fJOzmE,Кухни,Бонд с кнопкой,36,-3,0,UA,2025-06-11,66,False,140800,Кухни,2025-02-27,0.371,0.638,1,-5.155,1,0.0356,0.457,0.0,0.356,0.21,99.797,3
2LHNTC9QZxsL3nWpt8iaSR,Abracadabra,Lady Gaga,37,0,-7,UA,2025-06-11,88,False,223398,MAYHEM,2025-03-07,0.679,0.906,10,-3.443,0,0.0632,0.0119,0.0,0.229,0.652,126.01,4
12LGZ1axDaBCZGDlvZ9Hnl,А я все плакала,"DOROFEEVA, LEBIGA",38,12,-6,UA,2025-06-11,54,False,150000,HEARTBEAT,2024-09-26,0.776,0.601,10,-5.69,1,0.0381,0.292,1.87e-06,0.125,0.16,100.031,3
6LNfmj0I41Q9b1ePvZldeX,Ау ау,"Sasha Norova, Adam",39,0,11,UA,2025-06-11,58,False,132626,Культурне диско,2025-01-24,0.578,0.607,9,-7.331,0,0.0373,0.366,0.000171,0.135,0.823,180.185,4
2WQ09wqQBIOor7Q0VpIDBK,Rock That Body,Black Eyed Peas,40,10,10,UA,2025-06-11,81,False,268840,THE E.N.D. (THE ENERGY NEVER DIES) [Deluxe Version],2009-01-01,0.715,0.907,7,-6.025,0,0.0993,0.0172,8.39e-05,0.426,0.841,124.991,4
4nvPpWu7S4ZBaOVHMQUaSY,Додайте світла,DOROFEEVA,41,1,-10,UA,2025-06-11,58,False,152076,Додайте світла,2025-03-06,0.74,0.794,6,-3.734,1,0.0281,0.0197,1.95e-05,0.126,0.758,129.979,4
4gmYoD8EB3ATqJJHuj354Q,Мила моя,TVORCHI,42,4,4,UA,2025-06-11,58,False,178857,Мила моя,2025-03-06,0.779,0.804,6,-5.435,0,0.126,0.0548,0.00048,0.338,0.375,105.005,4
2bqS0QtnXGjOYs3z6VtSyW,Контракт,Poshlaya Molly,43,-5,0,UA,2025-06-11,65,False,204756,Контракт,2021-03-12,0.682,0.806,0,-6.184,1,0.0418,0.000461,0.0,0.217,0.872,109.972,4
7so0lgd0zP2Sbgs2d7a1SZ,Die With A Smile,"Lady Gaga, Bruno Mars",44,0,-7,UA,2025-06-11,91,False,251667,MAYHEM,2025-03-07,0.519,0.601,6,-7.727,0,0.0317,0.289,0.0,0.126,0.498,157.964,3
0QCIpQV3twfqo9kh0t8Zza,Shake It To The Max (FLY) - Remix,"MOLIY, Silent Addy, Skillibeng, Shenseea",45,-5,-12,UA,2025-06-11,93,True,178775,Shake It To The Max (FLY) (Remix),2025-02-21,0.856,0.548,0,-6.609,0,0.123,0.561,0.0,0.155,0.562,97.997,4
1YeQGpxrQvp6Yg3K6SIgho,Покохай мене,"Chico, Qatoshi, 100лиця",46,4,4,UA,2025-06-11,57,False,176666,Покохай мене,2023-11-12,0.855,0.888,0,-5.451,1,0.217,0.0261,0.0,0.249,0.871,124.987,4
6LP6fWSZmvXcd27Yv2pz9u,Акація,"Chico, Qatoshi, paashee",47,3,3,UA,2025-06-11,56,False,165028,Акація,2024-11-12,0.781,0.948,10,-4.009,0,0.118,0.0403,0.0,0.438,0.793,123.073,4
0FTmksd2dxiE5e3rWyJXs6,back to friends,sombr,48,-3,2,UA,2025-06-11,98,False,199032,back to friends,2024-12-27,0.436,0.723,1,-2.291,1,0.0301,9.37e-05,8.82e-05,0.0929,0.235,92.855,4
11gTRcdz4wK32fghA2vrX7,Lost Angeles,FRIENDLY THUG 52 NGG,49,-6,-4,UA,2025-06-11,66,True,114437,Cristoforo Colombo,2023-11-03,0.788,0.544,7,-9.738,0,0.324,0.141,0.0,0.0947,0.411,75.474,4
4GBfKfnvmcTcNrlJcV4OLV,Четыре тридцать,Violetta Sokolova,50,0,-10,UA,2025-06-11,63,True,133475,Четыре тридцать,2022-05-13,0.432,0.793,4,-3.432,1,0.0561,0.313,0.0,0.589,0.723,200.075,4
7G7mSV4BebkoHWwKTDvXu9,Winter Ahead (with PARK HYO SHIN),"V, Park Hyo Shin",1,0,0,TW,2025-06-11,84,False,234895,Winter Ahead (with PARK HYO SHIN),2024-11-29,0.36,0.316,3,-9.954,1,0.0284,0.858,0.000212,0.23,0.229,76.844,3
27xkOIER6uDLKALIelHylZ,Don’t Say You Love Me,Jin,2,0,0,TW,2025-06-11,93,False,180716,Echo,2025-05-16,0.729,0.562,8,-5.49,1,0.0304,0.484,0.0,0.105,0.757,111.976,4
1XZE0InCx3SdCnLpVsPpZl,Jumping Machine (跳楼机),LBI利比,3,1,2,TW,2025-06-11,82,False,201642,Jumping Machine (跳楼机),2025-01-23,0.605,0.53,6,-7.981,1,0.029,0.659,0.0,0.172,0.351,127.939,4
7tI8dRuH2Yc6RuoTjxo4dU,Who,Jimin,4,-1,-1,TW,2025-06-11,90,False,170887,MUSE,2024-07-19,0.66,0.756,0,-3.743,0,0.032,0.00289,0.0,0.193,0.838,116.034,4
5cOXSOo4olhVLVSpQBvQaP,看着我的眼睛说,张远,5,0,34,TW,2025-06-11,63,False,260794,看着我的眼睛说,2025-03-31,0.428,0.723,9,-4.847,1,0.077,0.569,0.0,0.304,0.319,76.983,4
0qkYuCno3SoU8vxkCdx0iJ,THUNDER,SEVENTEEN,6,0,-2,TW,2025-06-11,86,False,164040,SEVENTEEN 5th Album 'HAPPY BURSTDAY',2025-05-26,0.752,0.837,5,-4.996,0,0.0632,0.0332,0.0,0.0643,0.718,129.988,4
0fK7ie6XwGxQTIkpFoWkd1,like JENNIE,JENNIE,7,0,1,TW,2025-06-11,95,True,123517,Ruby,2025-03-07,0.811,0.743,10,-5.321,0,0.0611,0.281,0.00671,0.0868,0.815,130.019,4
5h1BN75CEh8wdSwE1xrbSe,Slow Dancing,V,8,4,-1,TW,2025-06-11,78,False,187026,Layover,2023-09-08,0.579,0.63,8,-7.758,1,0.058,0.257,0.00462,0.0986,0.552,155.96,4
2xYrGeWUjwGvB0KMAfUFSd,第57次取消发送,菲菲公主,9,-1,27,TW,2025-06-11,66,False,180560,第57次取消发送,2025-02-10,0.488,0.475,9,-10.065,1,0.0257,0.689,0.00107,0.125,0.293,172.038,4
298LjjcBvuQCAlwUWb9dKb,像晴天像雨天（电视剧《难哄》心动曲）,Silence Wang,10,-1,1,TW,2025-06-11,77,False,236616,电视剧《难哄》影视原声带·只喜欢你Love Moments,2025-02-18,0.691,0.662,0,-5.817,1,0.0279,0.431,0.0,0.174,0.385,127.984,4
1NoDTQhJsrd5rnpb6PQthK,離開的一路上,理想混蛋,11,14,16,TW,2025-06-11,66,False,254961,半熟理想,2023-10-27,0.597,0.506,2,-8.05,1,0.0267,0.0611,0.0,0.119,0.322,126.026,4
3coRPMnFg2dJcPu5RMloa9,Whiplash,aespa,12,1,4,TW,2025-06-11,78,False,183226,Whiplash - The 5th Mini Album,2024-10-21,0.863,0.9,10,-2.974,0,0.0448,0.0953,0.0212,0.0786,0.748,126.023,4
2N0SPREDYqILVEFSsWF5N5,Love Me Again,V,13,17,6,TW,2025-06-11,76,False,182293,Layover,2023-08-11,0.633,0.607,0,-6.182,0,0.0532,0.183,1.38e-06,0.167,0.363,74.029,4
1vfUASvUGt3gxQ1x3T3u1C,嚣张,en,14,-3,-4,TW,2025-06-11,69,False,253994,嚣张,2019-08-14,0.595,0.52,11,-6.81,1,0.031,0.646,0.0,0.116,0.168,133.999,4
72AAKt6SQmRbYSvVKP34QD,Pleasure,JOLIN,15,-5,-6,TW,2025-06-11,67,False,168107,Pleasure,2025-05-28,0.705,0.676,7,-5.428,1,0.0536,0.00852,0.0536,0.141,0.495,127.971,4
42UBPzRMh5yyz0EDPr6fr1,Manchild,Sabrina Carpenter,16,3,34,TW,2025-06-11,89,True,213645,Manchild,2025-06-05,0.731,0.685,7,-5.087,1,0.0572,0.122,0.0,0.317,0.811,123.01,4
4wJ5Qq0jBN4ajy7ouZIV1c,APT.,"ROSÉ, Bruno Mars",17,1,1,TW,2025-06-11,89,False,169917,rosie,2024-12-06,0.777,0.783,0,-4.477,0,0.26,0.0283,0.0,0.355,0.939,149.027,4
5HVq8nS0pbM6G7YK8M7DY4,愛情的大壞蛋,Amazing Show,18,-1,5,TW,2025-06-11,64,False,187266,Amazing Show同名專輯,2024-09-30,0.381,0.844,1,-4.236,0,0.053,0.00263,0.0,0.203,0.492,167.9,4
2nopDUxom21JoMzFXj9wS0,HANDS UP,MEOVV,19,-5,-5,TW,2025-06-11,82,False,192467,HANDS UP,2025-04-28,0.844,0.689,9,-5.472,0,0.0522,0.0052,0.000119,0.305,0.441,140.0,4
0hEWvzkgbI301JZj947gFz,大展鴻圖(Blueprint Supreme),"攬佬SKAI ISYOURGOD, AR刘夫阳",20,3,25,TW,2025-06-11,73,False,211677,八方來財(Stacks from All Sides),2024-08-20,0.636,0.758,1,-6.597,1,0.138,0.00531,0.0,0.309,0.184,175.948,4
3V2v19gDm4rmRkMwcgS4X2,有些,颜人中,21,-6,10,TW,2025-06-11,71,False,229523,失眠症候群,2019-12-14,0.685,0.535,7,-7.53,1,0.0433,0.744,0.0,0.081,0.369,125.922,4
0VTzUEuHYD8s7CgQ15cDPo,特別的人,Khalil Fong,22,-6,-7,TW,2025-06-11,69,False,259079,危險世界,2014-04-11,0.563,0.488,11,-7.314,1,0.0349,0.332,0.0,0.187,0.262,139.987,4
5doooVlMVRZztQbySqARMI,HOME SWEET HOME (feat. TAEYANG & DAESUNG),"G-DRAGON, TAEYANG, DAESUNG",23,-1,-3,TW,2025-06-11,71,False,211330,Übermensch,2025-02-25,0.633,0.752,10,-4.5,0,0.0726,0.00275,1.45e-06,0.0966,0.408,149.947,4
6dOtVTDdiauQNBQEDOtlAB,BIRDS OF A FEATHER,Billie Eilish,24,7,6,TW,2025-06-11,100,False,210373,HIT ME HARD AND SOFT,2024-05-17,0.747,0.507,2,-10.171,1,0.0358,0.2,0.0608,0.117,0.438,104.978,4
59lBAMCis4C6NsPdUV35Vz,愛愛愛,Khalil Fong,25,1,13,TW,2025-06-11,68,False,215253,愛愛愛,2006-12-31,0.473,0.459,9,-7.348,1,0.0377,0.4,0.0,0.0862,0.346,66.37,4
7z2M7DsEjZjwXBkWG3zd21,我懷念的,Stefanie Sun,26,-5,-9,TW,2025-06-11,69,False,289066,逆光,2007-05-02,0.434,0.391,4,-8.016,1,0.0341,0.755,0.0,0.109,0.283,139.972,4
7so0lgd0zP2Sbgs2d7a1SZ,Die With A Smile,"Lady Gaga, Bruno Mars",27,1,-6,TW,2025-06-11,91,False,251667,MAYHEM,2025-03-07,0.519,0.601,6,-7.727,0,0.0317,0.289,0.0,0.126,0.498,157.964,3
198zDKzyktXRG1PGpidY9h,DRIP,BABYMONSTER,28,1,0,TW,2025-06-11,82,False,180845,DRIP,2024-11-01,0.862,0.687,6,-5.215,1,0.0702,0.065,0.0,0.0862,0.704,119.972,4
6Wobsw9uZ0D0xkfOjxXSq9,Messy (From F1® The Movie),"ROSÉ, F1 The Album",29,-5,-17,TW,2025-06-11,86,False,179055,Messy (From F1® The Movie),2025-05-08,0.562,0.643,5,-5.739,1,0.0422,0.0442,0.0,0.0965,0.277,96.92,4
2FQE7XVMDtuHjkjY0D1uwj,愚人節快樂,Crowd Lu,30,-3,-8,TW,2025-06-11,68,False,256256,愚人節快樂,2025-04-01,0.435,0.309,4,-9.906,1,0.0419,0.734,0.0,0.292,0.235,118.082,4
2BHXQNTVx1WWEk3WyCo4VO,跳楼机,en,31,2,2,TW,2025-06-11,69,False,209158,跳楼机,2025-02-15,0.58,0.62,1,-6.676,1,0.0366,0.21,0.0,0.105,0.349,127.881,4
3be9ACTxtcL6Zm4vJRUiPG,blue,yung kai,32,2,-6,TW,2025-06-11,92,False,214357,blue,2024-08-02,0.746,0.317,4,-11.982,1,0.0342,0.933,0.0186,0.121,0.585,97.49,3
2CGNAOSuO1MEFCbBRgUzjd,luther (with sza),"Kendrick Lamar, SZA",33,2,1,TW,2025-06-11,92,False,177598,GNX,2024-11-21,0.707,0.575,2,-7.546,1,0.125,0.251,0.0,0.248,0.576,138.008,4
6d8DgvFxp6lbdfOw9BVkLS,Good Thing,i-dle,34,-14,-21,TW,2025-06-11,78,False,154386,We are,2025-05-19,0.684,0.938,6,-2.128,0,0.0421,0.00125,0.000169,0.325,0.93,132.022,4
7Bb2dk76u7tTQxLf1nY9Ne,Count to Ten,Pets Tseng,35,-3,-3,TW,2025-06-11,47,False,232336,Stay Tuned,2025-05-27,0.538,0.483,8,-7.798,1,0.0462,0.733,0.0,0.0943,0.387,137.727,4
5lKnZbdGCBViitE1Ce5TZh,Supernova,aespa,36,1,6,TW,2025-06-11,75,False,178880,Armageddon - The 1st Album,2024-05-26,0.744,0.747,11,-4.281,0,0.0824,0.00691,2.03e-06,0.0739,0.368,120.077,4
6WE1SUfXxG41NqW9jPHfti,23/17,"王ADEN, 高爾宣 OSN",37,5,-12,TW,2025-06-11,63,False,213000,23/17,2025-05-16,0.684,0.704,11,-5.569,1,0.0613,0.177,0.0,0.108,0.49,119.928,4
5SxVJ2qGPoP13ZTZz4yntH,A Strange Love Song,Yoga Lin,38,1,-14,TW,2025-06-11,54,False,251785,A Strange Love Song,2025-05-14,0.531,0.498,9,-8.118,1,0.0285,0.322,0.0,0.147,0.396,137.942,4
34K7NvVX6Jw0AzT7hQpQ9X,NONO,頑童Mj116,39,1,2,TW,2025-06-11,62,False,171428,NONO,2025-05-15,0.946,0.535,6,-6.171,1,0.224,0.0321,0.0,0.0825,0.195,98.013,4
0kFTS4OH2t44gsLN0a8Khr,任性 (電視劇《難哄》主題曲),Mayday,40,1,0,TW,2025-06-11,68,False,265000,任性,2024-12-30,0.486,0.673,0,-7.262,1,0.0397,0.0962,0.0,0.0916,0.561,136.045,4
13bw75oRjvxMv9VGIeM32i,愛我還是他,David Tao,41,-5,-6,TW,2025-06-11,69,False,292666,太平盛世,2005-08-01,0.465,0.391,11,-8.029,1,0.0304,0.758,0.0,0.112,0.152,133.025,4
2HRgqmZQC0MC7GeNuDIXHN,Seven (feat. Latto) (Explicit Ver.),"Jung Kook, Latto",42,8,8,TW,2025-06-11,85,True,183550,GOLDEN,2023-11-03,0.79,0.831,11,-4.185,1,0.044,0.312,0.0,0.0797,0.872,124.987,4
2kutq7mQIFYUdGxHptsMlE,你知道你比晚霞好看嗎,"Tr33, BK, Seluu",43,1,-14,TW,2025-06-11,63,False,178666,你知道你比晚霞好看嗎,2025-05-11,0.645,0.658,6,-8.3,1,0.0575,0.354,0.0,0.152,0.489,90.004,4
1z5ebC9238uGoBgzYyvGpQ,toxic till the end,ROSÉ,44,3,2,TW,2025-06-11,85,False,156685,rosie,2024-12-06,0.413,0.604,7,-5.628,1,0.0999,0.0498,0.0,0.114,0.296,167.232,4
6GyUt7yJ0sOktc5HjvVnFh,在加納共和國離婚,"Firdhaus, DIOR 大穎",45,-7,4,TW,2025-06-11,69,False,261000,在加納共和國離婚,2023-08-14,0.415,0.381,7,-9.731,1,0.0516,0.859,0.0,0.129,0.241,116.053,4
373C7aTyGRJw7sVT4UG6Fh,Girls Will Be Girls,ITZY,46,4,4,TW,2025-06-11,61,False,168013,Girls Will Be Girls,2025-06-09,0.776,0.906,1,-2.923,1,0.0992,0.043,0.0,0.0311,0.554,130.062,4
24Y63uAvj6Oc9jGuTlhlgf,HOT,LE SSERAFIM,47,-4,-4,TW,2025-06-11,76,False,143797,HOT (English ver.) (feat. JADE),2025-04-14,0.763,0.63,0,-3.406,1,0.0558,0.0883,0.0,0.42,0.968,127.957,4
6KspA5I7eXMCcK4PgXmOPA,OGS,頑童Mj116,48,1,2,TW,2025-06-11,63,False,160024,OGS,2025-04-30,0.868,0.638,2,-5.929,1,0.163,0.0138,5.59e-05,0.0797,0.532,149.983,4
0cOMncRq4cmDLO4tPQnkBF,擱淺,Jay Chou,49,-1,-2,TW,2025-06-11,67,False,238133,七里香,2004-08-03,0.499,0.5,5,-7.189,1,0.0276,0.687,0.000726,0.141,0.127,122.686,4
4Zwn8WxD61diTwqv9hyTQA,閣愛妳一擺,EggPlantEgg,50,0,-6,TW,2025-06-11,62,False,278010,閣愛妳一擺,2021-12-10,0.552,0.779,7,-5.1,1,0.0494,0.0475,0.0,0.154,0.539,133.924,4
1YrEoI9Cn6pmCXuiUGQ0Kf,SONBAHAR,"Era7capone, Poizi, SNOW",1,0,0,TR,2025-06-11,79,False,150000,SONBAHAR,2025-05-30,0.783,0.779,4,-4.152,0,0.11,0.0924,8.22e-05,0.115,0.079,119.97,4
0VOnehekjQz9cvUwLzmYSQ,Sen Kaldın,Semicenk,2,0,2,TR,2025-06-11,82,False,152438,Geçiyor Zaman,2024-08-09,0.581,0.732,10,-4.821,0,0.0523,0.143,0.0312,0.178,0.345,145.954,4
0F7e5Ot8PrsdHBW0SmeXi7,Aşk Yok Olmaktır,Yıldız Tilbe,3,0,0,TR,2025-06-11,79,False,280560,Aşkperest,1996-08-02,0.537,0.491,2,-10.871,1,0.172,0.266,0.0,0.626,0.756,112.483,3
2qBH9hL1iMU9kpz44dLtcj,Mosmor Perde,BLOK3,4,0,3,TR,2025-06-11,76,False,156774,Mosmor Perde,2025-05-30,0.8,0.52,0,-8.493,1,0.158,0.623,0.000916,0.312,0.677,92.996,4
4EsRpVBBKiqOZ67DJj0QHF,Snap,manifest,5,0,0,TR,2025-06-11,76,False,149711,Snap,2025-05-30,0.713,0.804,3,-4.904,0,0.042,0.00212,3.5e-05,0.144,0.682,146.022,4
2RlpOjMTH17Gf0F0AM40Lw,Kör Sevdam,Zeynep Bastık,6,0,0,TR,2025-06-11,77,False,191142,Kör Sevdam,2025-05-23,0.478,0.76,4,-5.447,0,0.0296,0.132,0.0,0.117,0.604,180.181,4
1horGWxHKfwctCKdHwrO0n,Keşke,"BLOK3, Ati242",7,2,2,TR,2025-06-11,82,False,207253,Keşke,2025-03-28,0.755,0.423,5,-9.967,1,0.12,0.603,4.28e-06,0.292,0.389,94.99,4
3mnejDqp3v2ucwt7MlcwsN,BELLYDANCE,Motive,8,4,0,TR,2025-06-11,77,False,147123,BELLYDANCE,2025-05-23,0.63,0.561,4,-9.867,0,0.0736,0.243,0.000496,0.285,0.267,120.12,4
3ff93VTp2DBbNnDEsAW8Cm,SEVMEYİ DENEMEDİN,BLOK3,9,1,3,TR,2025-06-11,80,False,172900,OBSESIF,2024-09-13,0.744,0.439,1,-11.238,0,0.0336,0.384,3.09e-05,0.0847,0.529,100.027,4
28Aau4tlztDlgKJQXrWhZR,Önümüz Yaz,Simge,10,-3,6,TR,2025-06-11,77,False,181518,Önümüz Yaz,2024-06-21,0.726,0.914,7,-4.226,1,0.0802,0.0758,0.0,0.54,0.839,108.02,4
5CiycCVVt7vLJyMw1MVfzS,Geçsin Yıllar,"Oğuzhan Koç, Merve Özbey",11,0,-9,TR,2025-06-11,79,False,207428,Geçsin Yıllar,2025-05-09,0.571,0.635,2,-5.665,0,0.0447,0.203,0.0,0.115,0.366,139.825,4
4H8ns1mp3witrdJGLrJXR6,Y,Poizi,12,2,5,TR,2025-06-11,76,False,147000,Y,2025-04-25,0.544,0.618,5,-7.194,1,0.0529,0.146,0.0,0.315,0.376,80.063,4
2lh2tbZpcMs7scV62GcJaI,ÜZÜLECEKSİN 2.0,"SNOW, Murat Boz, Era7capone",13,0,-2,TR,2025-06-11,79,True,139354,ÜZÜLECEKSİN 2.0,2025-04-18,0.284,0.866,10,-6.522,0,0.0993,0.332,1.73e-06,0.109,0.712,92.843,4
0E1hVdXGZu0MoE77bYyjie,YANKI X İNTİHAR,"Simge, Era7capone, Ozan Bayraşa, SNOW",14,1,4,TR,2025-06-11,78,False,151512,YANKI X İNTİHAR,2024-11-14,0.571,0.777,1,-6.673,1,0.0713,0.0462,2.16e-05,0.63,0.692,91.132,4
1HJU78CRk4vxvjE5Cs1BCt,Vidrado Em Você,"Dj Guuga, Mc Livinho",15,-7,-5,TR,2025-06-11,88,False,134769,Vidrado Em Você,2019-06-11,0.844,0.925,2,0.303,1,0.1,0.14,7.67e-06,0.109,0.589,159.929,4
1lNcnIU4jtqD69Qtfjh8EJ,Sana Güvenmiyorum - Dedub Sessions,"Dedublüman, Aleyna Tilki",16,1,-2,TR,2025-06-11,78,False,204833,Sana Güvenmiyorum (Dedub Sessions),2024-11-01,0.378,0.666,11,-7.385,0,0.0283,0.0282,5.71e-05,0.456,0.525,89.909,4
1iOjOuccQP5gL52dQW8EqW,ÇIKAR BİRİ KARŞIMA,"Poizi, Era7capone, SNOW",17,2,2,TR,2025-06-11,78,True,167190,ÇIKAR BİRİ KARŞIMA,2025-02-21,0.486,0.732,9,-6.271,0,0.134,0.308,0.0,0.133,0.54,85.603,4
0T9wqk6MpJWBMEAyyQGVAK,KTS,manifest,18,2,-5,TR,2025-06-11,77,False,146517,KTS,2025-05-16,0.746,0.75,10,-5.237,0,0.103,0.0396,0.0,0.828,0.735,109.99,4
65txmqjijZoGYs1irX6tBU,Her Nerdeysen,Ati242,19,2,6,TR,2025-06-11,78,True,149626,Manifesto,2024-10-11,0.818,0.638,4,-8.253,0,0.0897,0.474,0.000267,0.135,0.583,121.951,4
7wSiIzgBSzNFDbVDgxCqeO,Roman Olur Yazsam Seni,Velet,20,-2,-5,TR,2025-06-11,80,False,172023,Roman Olur Yazsam Seni,2025-04-12,0.689,0.461,3,-7.303,0,0.214,0.389,0.0,0.19,0.614,86.519,4
1I7iW0f42qRNJMvpyERRmo,Aldanırım,"Sıla Şahin, Samet Kardeşler",21,-5,-1,TR,2025-06-11,79,False,201231,Aldanırım,2025-01-31,0.63,0.588,3,-6.403,0,0.0379,0.315,1.76e-06,0.165,0.152,98.961,4
3tCCD2qQLdC99YkRwGPSsx,Kumralım,Yaşar,22,4,-1,TR,2025-06-11,75,False,210840,Divane,1996-01-01,0.723,0.942,9,-7.141,0,0.169,0.435,0.0,0.151,0.66,114.943,4
3XZDLNS43nxBJ6HmAlVMGp,Gözlerinden Gözlerine,Semicenk,23,-1,-1,TR,2025-06-11,79,False,176625,Gözlerinden Gözlerine,2025-01-31,0.726,0.573,7,-7.876,0,0.0928,0.435,9.68e-05,0.0814,0.484,90.019,4
4UzAPluTbjdlyyhfE00REO,MERMER,"Lvbel C5, AKDO",24,9,26,TR,2025-06-11,66,False,78927,SÖZDE KİMSELER SEVMİYOR,2025-05-30,0.822,0.509,9,-11.371,1,0.304,0.262,0.0,0.077,0.585,130.04,4
366jopUhzxmlcO7m7I6q8G,Mendil,Gülden,25,-2,3,TR,2025-06-11,77,False,214146,Mendil,2019-06-17,0.769,0.725,7,-6.522,0,0.0687,0.0202,0.0,0.456,0.258,123.08,4
5R4IMqppkpo0rBBHja7j7J,Bu Yaz,Bahadır Tatlıöz,26,-1,1,TR,2025-06-11,70,False,182253,Bu Yaz,2025-05-23,0.828,0.847,0,-5.719,0,0.213,0.353,0.0,0.104,0.708,129.986,4
0bvgWq2ZUhwwjLR1AMcQDs,CISTAK,"Era7capone, Batuflex, Narco",27,0,6,TR,2025-06-11,76,True,136009,CISTAK,2024-09-13,0.819,0.71,2,-8.549,1,0.22,0.186,4.69e-05,0.25,0.923,119.985,4
5pEpvR03HbLxkBtK73EeJw,Değişmene Rağmen,Ati242,28,9,2,TR,2025-06-11,74,False,185786,Manifesto,2024-10-11,0.724,0.698,7,-6.607,0,0.0669,0.537,3.33e-06,0.417,0.559,96.962,4
5dIFM4dkwEjMnFppbHTsEA,Ahu,Mabel Matiz,29,10,8,TR,2025-06-11,73,False,214915,Gök Nerede,2015-02-23,0.686,0.666,9,-5.56,1,0.039,0.146,0.0,0.0428,0.801,122.06,4
7FfdTwI2i0b5PNeNvqtqCY,Italy Forma,Ati242,30,-2,1,TR,2025-06-11,77,True,181346,Manifesto,2024-10-11,0.488,0.858,9,-5.768,0,0.398,0.16,0.0,0.295,0.673,98.02,4
4am1HRe1AbECdzyYfiwwW9,HA HA HA HA,"Lvbel C5, AKDO",31,-7,-7,TR,2025-06-11,63,True,102097,SÖZDE KİMSELER SEVMİYOR,2025-05-30,0.801,0.848,9,-3.872,1,0.0824,0.145,4.99e-06,0.272,0.799,79.98,4
5uh8vQEAZeIFEYhAg52BNS,Benden Sonra,Rıza Tamer,32,2,-3,TR,2025-06-11,77,False,163548,Benden Sonra,2025-03-28,0.564,0.522,10,-6.316,0,0.0674,0.782,0.0,0.0978,0.561,129.898,4
18BJaXD2ss3mP9o0qMOp8P,kum saati,"EGE!, Wegh",33,3,-7,TR,2025-06-11,71,False,139534,kum saati,2025-05-30,0.654,0.551,5,-6.618,1,0.126,0.46,1.23e-05,0.125,0.523,171.923,4
6wW7ZgvYwgOKCRLeqYEM6y,Ara Beni Lütfen,Kenan Doğulu,34,-4,10,TR,2025-06-11,71,False,279799,Festival,2006-06-13,0.71,0.684,10,-8.349,0,0.0888,0.24,6.85e-06,0.122,0.63,94.013,4
0nSgiI4vDSLUCA4GcQDAtp,pUTA,"Jeff Redd, BIGBAT",35,-6,-1,TR,2025-06-11,77,True,104072,pUTA,2025-04-18,0.786,0.723,6,-7.638,1,0.0333,0.0694,0.00148,0.108,0.92,129.992,4
0f5wEn5loiPLw2ItV8Qxoi,Arıyo,manifest,36,4,-4,TR,2025-06-11,75,False,133090,Arıyo,2025-04-11,0.826,0.706,9,-6.151,1,0.0406,0.0978,0.0,0.0637,0.87,110.01,4
4E10qEzOmTIVmrg6Wz2RHj,Saygımdan,Bengü,37,8,13,TR,2025-06-11,74,False,271210,İkinci Hal,2014-10-17,0.725,0.661,5,-5.269,0,0.0343,0.283,0.0,0.225,0.618,127.974,4
4y3QBJf9E8yDJCEFbRK8xk,Yankı,Simge,38,-6,12,TR,2025-06-11,73,False,265964,Yankı,2016-02-05,0.592,0.776,1,-6.46,1,0.0398,0.00674,4.39e-06,0.437,0.416,90.963,4
6Ear9bhjbNi2oaqv5qlqlM,Dönsen Bile,Ferdi Özbeğen,39,-4,-3,TR,2025-06-11,74,False,203653,Sizin Seçtikleriniz,1986-01-01,0.556,0.535,0,-10.617,1,0.036,0.252,1.37e-06,0.311,0.636,124.079,4
24QL6OovqvjJ7cDxBd5Fwl,DURULDUM,"Era7capone, KERO",40,2,0,TR,2025-06-11,76,True,124516,DURULDUM,2025-01-17,0.671,0.686,2,-7.307,1,0.304,0.759,0.000148,0.411,0.784,93.197,4
3ZwRkdnTb4az8X5n4WXuHA,aklına ben gelicem,BLOK3,41,0,2,TR,2025-06-11,76,False,149406,aklına ben gelicem,2023-09-22,0.277,0.546,10,-10.798,0,0.062,0.148,0.0,0.244,0.217,199.957,4
3xZxb7EIcNyRmDc8ECaWTl,HUQQA,Jeff Redd,42,-11,-3,TR,2025-06-11,77,True,127031,HUQQA,2025-03-07,0.87,0.589,1,-7.351,1,0.218,0.0133,4.86e-05,0.0543,0.729,107.978,4
01F8naUG7sn9LWvk68vauX,Çıt Çıt Çedene,Barış Manço,43,0,-20,TR,2025-06-11,69,False,233946,Estağfurullah Ne Haddimize,1983-05-05,0.68,0.523,5,-16.042,0,0.113,0.28,0.0,0.136,0.852,82.5,4
5mJPC56kBRnB9rLGLs85rr,Son Bir Rica,Zeynep Dizdar,44,5,6,TR,2025-06-11,73,False,236888,Gönül Oyunu,2015-07-31,0.539,0.713,8,-5.3,0,0.138,0.314,0.0,0.105,0.583,164.302,4
7q2LhclL7UGS2yiL6QYRki,Zamansızdık,manifest,45,2,5,TR,2025-06-11,73,False,169822,Zamansızdık,2025-02-07,0.757,0.763,4,-4.665,0,0.0539,0.046,0.0,0.116,0.487,100.063,4
2CtLf9f4qAJC7ZVR0qBXWf,Tesir Altında,Mustafa Sandal,46,4,4,TR,2025-06-11,70,False,220746,Tesir Altında,2013-08-06,0.692,0.93,4,-4.285,0,0.0365,0.0696,0.0,0.0924,0.661,127.991,4
3miyN5Xj06i5cfy8vNZfDU,Shoote Shoote,Ati242,47,-1,3,TR,2025-06-11,74,True,179733,Shoote Shoote,2024-06-07,0.818,0.874,2,-5.413,1,0.0754,0.301,0.0506,0.132,0.776,122.957,4
0M2Iwnbm8vp0c5YDdUX3Pu,Efendim İşitmedim - 2. Sezon Soundtrack,Bayhan,48,-10,-13,TR,2025-06-11,69,False,187285,GASSAL (2. Sezon Soundtrack),2025-05-24,0.774,0.549,9,-11.646,0,0.0584,0.151,0.00731,0.0537,0.78,124.991,4
3Ommpa2aE0RU3F04BedepA,Bu Aşk Fazla Sana,Şebnem Ferah,49,1,-3,TR,2025-06-11,73,False,268515,Kadın,2013-01-01,0.638,0.889,11,-5.315,0,0.0352,0.0249,3.62e-06,0.181,0.384,125.005,4
12vJUYMaIzuozhvi3WJsXu,Bir Dudaktan,Özcan Deniz,50,0,-5,TR,2025-06-11,69,False,208493,Hediye,2007-01-01,0.674,0.903,4,-2.2,0,0.152,0.323,1.52e-05,0.0638,0.916,184.042,4
7tI8dRuH2Yc6RuoTjxo4dU,Who,Jimin,1,1,1,TH,2025-06-11,90,False,170887,MUSE,2024-07-19,0.66,0.756,0,-3.743,0,0.032,0.00289,0.0,0.193,0.838,116.034,4
27xkOIER6uDLKALIelHylZ,Don’t Say You Love Me,Jin,2,1,-1,TH,2025-06-11,93,False,180716,Echo,2025-05-16,0.729,0.562,8,-5.49,1,0.0304,0.484,0.0,0.105,0.757,111.976,4
2wyjOiDh07ISNq0oq69G4e,นครดารา,YOUNGOHM,3,1,0,TH,2025-06-11,75,False,196187,นครดารา,2025-02-10,0.819,0.585,0,-5.241,1,0.0394,0.205,1.35e-06,0.101,0.59,121.061,4
4l3EaJebI5YOPEU4o0Xllr,Memory,DOYOUNG,4,2,46,TH,2025-06-11,59,False,183013,Soar - The 2nd Album,2025-06-09,0.436,0.884,5,-1.954,1,0.0569,0.0511,0.0,0.167,0.591,151.08,4
63j1HWrXmSk1zK7IZYQepo,STUNNER,TEN,5,-4,-1,TH,2025-06-11,82,False,214440,STUNNER - The 2nd Mini Album,2025-03-24,0.554,0.806,1,-5.075,1,0.111,0.00637,0.0,0.0509,0.566,188.025,4
3xyNRloMm2i6sNAlnnxLFA,เจิดจรัส,YOUNGOHM,6,-1,-1,TH,2025-06-11,68,False,261948,เจิดจรัส,2025-05-13,0.671,0.815,8,-4.58,1,0.0356,0.38,0.0,0.0942,0.548,114.965,4
7KNmIjcmGJIBrhP2s5Vioe,Born Again (feat. Doja Cat & RAYE),"LISA, Doja Cat, RAYE",7,1,0,TH,2025-06-11,83,True,231174,Alter Ego,2025-02-28,0.688,0.777,1,-4.714,1,0.0408,0.0688,0.0,0.0801,0.368,114.998,4
7zKxBR2LzgFMnVBX6d0ZhT,ที่คั่นหนังสือ (Sometimes),"BOWKYLION, NONT TANONT",8,1,0,TH,2025-06-11,72,False,292500,ที่คั่นหนังสือ (Sometimes),2025-04-25,0.586,0.636,3,-5.874,1,0.0281,0.312,0.0,0.0945,0.521,92.03,4
4JVHa8eTUOEN0zS1zrA2j5,เรื่องราวความรักในตำนาน,"YOUNGOHM, GAVIN:D",9,7,6,TH,2025-06-11,70,False,239757,BANGKOK LEGACY,2020-08-10,0.713,0.874,9,-8.8,1,0.039,0.264,0.0,0.414,0.741,115.076,4
1uFvvFnus5WZFizuRH02Q0,กุหลาบ,"F.HERO, Kantong Tungngern, Saran",10,-3,-4,TH,2025-06-11,74,False,235161,กุหลาบ,2025-02-12,0.811,0.678,9,-4.617,1,0.0911,0.587,0.0,0.106,0.727,124.011,4
0gpFtSxhDc1gC7kYJ927fJ,บทสรุปสุดท้าย,Z9,11,-1,-2,TH,2025-06-11,72,False,264960,บทสรุปสุดท้าย,2025-03-22,0.579,0.349,0,-12.737,1,0.0368,0.379,0.0,0.119,0.321,124.605,4
5b2OC2aaioNReqHlQs1TbR,Faded - Special Version,"2Ectasy, Z9",12,1,-1,TH,2025-06-11,71,False,229000,Faded (Special Version),2025-03-31,0.67,0.647,1,-5.814,1,0.0283,0.601,0.0,0.167,0.605,120.068,4
4qe1nS4WjshQs40dosG8Nq,Hurry up!,"JayQ, 7Vibes",13,-1,-1,TH,2025-06-11,71,True,163879,Hurry up!,2025-03-17,0.757,0.525,5,-8.691,0,0.152,0.406,0.0,0.0871,0.921,97.006,4
6Mm77XGJld1QxvKyMrYbFj,One Of My Life,"BLVCKHEART, K6Y",14,0,3,TH,2025-06-11,69,False,216000,One Of My Life,2024-12-16,0.73,0.479,2,-10.963,1,0.0294,0.305,0.00031,0.103,0.613,79.99,4
0Vx23Np7HAjaQIttqOAUPR,ที่ผ่านมาขอบใจจริงๆ,LITTLE JOHN,15,0,-1,TH,2025-06-11,67,False,338873,ที่ผ่านมาขอบใจจริงๆ,2025-03-27,0.419,0.833,4,-5.187,1,0.0531,7.37e-05,0.0,0.2,0.194,141.926,4
24wXz2WuaF02y0mrKNPMsN,รออยู่อย่างนั้น,"Saran, Z9, SIMON",16,4,0,TH,2025-06-11,71,False,232941,รออยู่อย่างนั้น,2025-01-12,0.709,0.57,4,-10.54,1,0.107,0.306,0.0,0.129,0.577,136.147,4
4kvBebTWC2UmFevtoG0BXy,จดจำ,Only Monday,17,9,5,TH,2025-06-11,69,False,334459,Hotel Room 302,2025-04-10,0.532,0.736,9,-6.133,1,0.0274,0.132,1.82e-06,0.135,0.365,74.01,4
7pvu8UPXXIex1bChP4yyiS,ล้มแชมป์ (Only You Can),"Tilly Birds, Polycat",18,0,3,TH,2025-06-11,71,False,208269,ล้มแชมป์ (Only You Can),2025-01-14,0.742,0.667,4,-4.498,1,0.0711,0.354,0.0,0.121,0.662,103.99,4
1LV7y6Foa5JFMOUc0qyj4b,รักรักรักรักรักรักรัก (Talk Less),D Gerrard,19,-8,-6,TH,2025-06-11,67,False,244577,รักรักรักรักรักรักรัก (Talk Less),2022-09-29,0.63,0.623,5,-7.155,0,0.0797,0.778,0.00285,0.127,0.491,136.902,4
4MEn5CNtwf4VVEfmZVcpTC,ทิ้งไป,Only Monday,20,-1,-1,TH,2025-06-11,71,False,350833,Only Monday,2022-07-09,0.413,0.774,10,-5.431,1,0.0329,0.0106,0.000139,0.145,0.478,180.19,4
5MI9rnOsAayuxi7pKVydNg,Priceless (feat. LISA),"Maroon 5, LISA",21,6,4,TH,2025-06-11,86,False,163352,Priceless (feat. LISA),2025-05-02,0.583,0.863,0,-4.595,1,0.0548,0.113,0.0,0.193,0.743,90.214,4
2a78JDp7YVCyEydtRiHOn7,I Just Wanna Know,PUN,22,1,4,TH,2025-06-11,68,False,223500,PUN,2024-09-19,0.363,0.549,9,-7.205,1,0.0381,0.345,0.0,0.159,0.24,204.054,4
4eXfkqFZLTixR89GpkjKgE,I’m OK // Not OK - Headphones Version,"BOYdPOD, Billkin",23,-1,27,TH,2025-06-11,62,False,316158,I’m OK // Not OK (Headphones Version),2025-06-04,0.652,0.216,4,-13.13,1,0.0312,0.943,2.13e-05,0.0956,0.218,136.008,4
38pEX03GFZ0PfFDaOrpKOM,Bad Desire (With or Without You),ENHYPEN,24,-3,26,TH,2025-06-11,82,False,141885,DESIRE : UNLEASH,2025-06-05,0.626,0.725,0,-4.866,0,0.105,0.234,0.0,0.12,0.665,155.877,4
4KZRjuldIGTS7AQUPbUvbs,ที่เดิม,PUN,25,4,9,TH,2025-06-11,70,False,236062,PUN,2024-09-19,0.606,0.5,2,-7.865,1,0.0282,0.515,0.0,0.103,0.207,82.029,4
3qT2Jn6s5k5dluHNqThi1X,ไม่ให้ไป,Three Man Down,26,-1,17,TH,2025-06-11,70,False,240410,ไม่ให้ไป,2024-06-11,0.52,0.852,9,-4.65,1,0.04,0.157,0.0,0.279,0.344,146.048,4
77rZWogLvZ2NOf248oMd6N,CURSE (รักใครไม่เป็น),"Z9, 2K, Saran",27,-3,-3,TH,2025-06-11,71,False,253333,CURSE (รักใครไม่เป็น),2025-01-29,0.64,0.455,0,-13.247,1,0.0603,0.791,1.1e-05,0.0739,0.175,143.945,4
6dOtVTDdiauQNBQEDOtlAB,BIRDS OF A FEATHER,Billie Eilish,28,9,2,TH,2025-06-11,100,False,210373,HIT ME HARD AND SOFT,2024-05-17,0.747,0.507,2,-10.171,1,0.0358,0.2,0.0608,0.117,0.438,104.978,4
7G7mSV4BebkoHWwKTDvXu9,Winter Ahead (with PARK HYO SHIN),"V, Park Hyo Shin",29,2,-19,TH,2025-06-11,84,False,234895,Winter Ahead (with PARK HYO SHIN),2024-11-29,0.36,0.316,3,-9.954,1,0.0284,0.858,0.000212,0.23,0.229,76.844,3
43eS61ezviPc61XDu6tRYR,เผื่อวันไหนเธอจะกลับมา,guncharlie,30,-2,-2,TH,2025-06-11,70,False,239683,เผื่อวันไหนเธอจะกลับมา,2024-02-29,0.596,0.631,8,-8.884,1,0.029,0.0232,3.19e-06,0.294,0.49,133.773,4
6SAcZT7H44417uxybshTEy,จากกันโดยสมบูรณ์,guncharlie,31,-14,1,TH,2025-06-11,68,False,206416,จากกันโดยสมบูรณ์,2024-12-16,0.533,0.733,0,-7.52,1,0.0385,0.12,0.000253,0.133,0.292,76.018,4
0V3sKBY7Iypaufb6RzR3Er,เพลงรัก,Three Man Down,32,-2,-12,TH,2025-06-11,71,False,269016,เพลงรัก,2024-10-08,0.543,0.634,7,-5.242,1,0.0323,0.376,0.0,0.18,0.509,121.992,3
6d8gjGmu1uNrjjJbLvgyaH,วิงวอน (ex-change),BOWKYLION,33,1,0,TH,2025-06-11,68,False,251538,CHERRY,2024-11-19,0.668,0.524,5,-6.459,0,0.0346,0.604,0.0,0.156,0.59,130.049,4
0fK7ie6XwGxQTIkpFoWkd1,like JENNIE,JENNIE,34,1,-7,TH,2025-06-11,95,True,123517,Ruby,2025-03-07,0.811,0.743,10,-5.321,0,0.0611,0.281,0.00671,0.0868,0.815,130.019,4
6QdPlI3flfUFMy4JNpsWcG,สุดแต่ใจจะไขว่คว้า,LITTLE JOHN,35,3,6,TH,2025-06-11,69,False,314117,สุดแต่ใจจะไขว่คว้า,2025-01-15,0.564,0.885,3,-5.203,0,0.0592,0.000437,2.45e-06,0.288,0.207,119.056,4
6SNwxbDxjzzN2VO3k6pXdR,สักวันฉันจะหายดี,Ink Waruntorn,36,-4,-5,TH,2025-06-11,71,False,228648,สักวันฉันจะหายดี,2025-02-06,0.533,0.529,3,-5.741,1,0.0423,0.709,0.0,0.075,0.489,148.001,4
65ZihkVQO3KqPj7ZKxmcev,Rockstar,LISA,37,5,1,TH,2025-06-11,77,True,138213,Alter Ego,2025-02-28,0.666,0.628,8,-4.692,1,0.0471,0.127,0.0,0.0287,0.57,139.999,4
1fBIWQh21BNWLhuhXDMog1,ทุกความทรงจำ,Only Monday,38,1,-15,TH,2025-06-11,69,False,275625,Only Monday,2022-07-09,0.495,0.735,9,-6.427,1,0.0337,0.028,0.0,0.0987,0.316,79.992,4
2QV4JzbjMvgBRXsZHE0vW5,ฉันไม่ต้องการตัวเธอในตอนนี้,LITTLE JOHN,39,5,10,TH,2025-06-11,68,False,365538,ฉันไม่ต้องการตัวเธอในตอนนี้,2024-08-02,0.361,0.718,3,-6.712,1,0.068,0.00168,0.0,0.0948,0.22,129.903,4
5XGTehBbNk1y0KrdkI1qsK,ท้ายปี,Only Monday,40,1,10,TH,2025-06-11,69,False,285843,ท้ายปี,2024-11-19,0.51,0.884,9,-4.386,1,0.0351,0.000395,7.6e-05,0.208,0.361,99.934,4
24VfUtHxbkCrscWC00toom,ความทรงจำ,Musketeers,41,-8,-6,TH,2025-06-11,69,False,258973,Left Right And Something,2015-12-16,0.501,0.648,0,-5.771,1,0.0272,0.0381,2.1e-06,0.0913,0.504,180.043,4
2eyWFRvT7lOQmqfXI25oR1,Moonlit Floor (Kiss Me),LISA,42,-2,0,TH,2025-06-11,75,False,155757,Alter Ego,2025-02-26,0.735,0.786,5,-3.95,0,0.114,0.126,0.0,0.313,0.663,109.935,4
4JxY3pNkxMKHjrPiOGQqcQ,When I'm With You (feat. Tyla),"LISA, Tyla",43,5,-3,TH,2025-06-11,77,True,172846,Alter Ego,2025-02-28,0.794,0.705,8,-6.215,0,0.14,0.218,0.0,0.133,0.467,109.933,4
4ZU069vAYkr7soRzdzNdjF,ไฟเย็น,YOUNGOHM,44,1,6,TH,2025-06-11,67,False,285000,BANGKOK LEGACY,2020-08-10,0.662,0.585,2,-8.647,1,0.0603,0.669,0.00012,0.0917,0.597,173.993,4
2AdBbeVaEdW731a3FXJAJC,อยู่ได้แล้ว,"Lipta, Mirrr",45,1,5,TH,2025-06-11,69,False,253421,อยู่ได้แล้ว,2024-07-30,0.555,0.648,11,-7.053,1,0.037,0.366,0.0,0.318,0.509,75.016,4
4jyfcb5s4H3hKl0CJXjYei,Proud,fellow fellow,46,3,4,TH,2025-06-11,63,False,225410,PROUD,2024-11-11,0.526,0.57,3,-8.893,1,0.0619,0.551,0.0,0.131,0.443,146.03,4
0VOIQcLeVfauNE0uwmIWD6,ฉันจะรีบบอกรักเธอ,T!NE,47,-4,-10,TH,2025-06-11,66,False,193246,ฉันจะรีบบอกรักเธอ,2025-02-28,0.349,0.606,8,-8.08,1,0.0358,0.177,0.0,0.14,0.231,102.7,5
6OtTqu9t1RitlU1RjUfEXe,กอดไม่ได้,Bedroom Audio,48,2,-1,TH,2025-06-11,66,False,286191,2014 Extended Play,2014-01-01,0.361,0.474,0,-8.155,1,0.0356,0.0945,0.0004,0.0663,0.251,170.018,4
2LJerOY5jSwO5K6OF9Cyuz,พบรัก,Ink Waruntorn,49,1,1,TH,2025-06-11,68,False,234000,พบรัก,2024-06-20,0.538,0.768,2,-5.755,1,0.152,0.0471,0.0,0.345,0.583,184.094,4
5ILPWem0xm3v85WeXqrTKP,เล่นของสูง,Big Ass,50,0,-6,TH,2025-06-11,68,False,246973,Seven,2004-07-20,0.574,0.844,11,-3.417,1,0.0327,0.00173,0.0,0.258,0.545,95.99,4
6iOndD4OFo7GkaDypWQIou,La Plena - W Sound 05,"W Sound, Beéle, Ovy On The Drums",1,0,1,SV,2025-06-11,95,True,150001,La Plena (W Sound 05),2025-02-19,0.894,0.643,5,-3.485,1,0.132,0.543,0.000984,0.101,0.659,99.039,4
6J5kc12BW5HuP3d7C3vvx8,EoO,Bad Bunny,2,0,-1,SV,2025-06-11,94,True,204768,DeBÍ TiRAR MáS FOToS,2025-01-05,0.36,0.464,10,-29.598,0,0.0702,0.749,0.859,0.0825,0.184,63.662,4
2lTm559tuIvatlT1u0JYG2,BAILE INoLVIDABLE,Bad Bunny,3,0,0,SV,2025-06-11,96,True,367725,DeBÍ TiRAR MáS FOToS,2025-01-05,0.168,0.00332,10,-46.113,1,0.0615,0.192,0.79,0.112,0.219,119.387,3
6ifUES3keWjwXgae8pXI3o,Me Rehúso,Danny Ocean,4,7,5,SV,2025-06-11,86,False,205714,54+1,2019-03-22,0.744,0.804,1,-6.327,1,0.0677,0.0231,0.0,0.0494,0.426,104.823,4
1HEwEN64NjgTaHmo7LfkX8,no tiene sentido,Beéle,5,1,5,SV,2025-06-11,89,False,158036,BORONDO,2025-05-15,0.671,0.596,2,-7.565,0,0.0556,0.0871,1.97e-05,0.119,0.497,121.976,4
4oB8Xd7gMlUEtWoD8bmCXW,Morena,"Neton Vega, Peso Pluma",6,-1,2,SV,2025-06-11,92,False,193728,Mi Vida Mi Muerte,2025-02-14,0.697,0.776,4,-7.409,0,0.0308,0.379,0.00148,0.341,0.189,118.007,3
6eLQXa6uk2EW8drsiKbABZ,TU SANCHO,Fuerza Regida,7,1,-1,SV,2025-06-11,90,True,177994,111XPANTIA,2025-05-02,0.689,0.84,8,-6.423,1,0.0457,0.576,0.0,0.126,0.631,120.012,3
7d6yK8v8J484SWH5prIQiE,VeLDÁ,"Bad Bunny, Omar Courtz, Dei V",8,2,-1,SV,2025-06-11,92,True,235336,DeBÍ TiRAR MáS FOToS,2025-01-05,0.613,0.981,1,-18.638,1,0.149,0.29,0.0023,0.437,0.0337,101.852,3
0DMJz677XfXiiruhIELu2e,VITAMINA,"Jombriel, DFZM, Jøtta",9,0,-4,SV,2025-06-11,92,False,208743,VITAMINA,2025-02-27,0.815,0.746,10,-4.855,0,0.0528,0.015,2.26e-06,0.056,0.768,92.007,4
1PREzVLuDT6PSE9sej4wnV,COQUETA,"Fuerza Regida, Grupo Frontera",10,-3,-6,SV,2025-06-11,90,False,241648,MALA MÍA,2024-12-19,0.74,0.819,1,-4.853,0,0.0866,0.244,0.0,0.107,0.884,78.975,4
4MUrUT38U98olfnyzMBCzm,KLOuFRENS,Bad Bunny,11,1,1,SV,2025-06-11,90,True,199114,DeBÍ TiRAR MáS FOToS,2025-01-05,0.326,0.125,1,-32.45,1,0.148,0.703,0.706,0.18,0.306,106.974,4
3sK8wGT43QFpWrvNQsrQya,DtMF,Bad Bunny,12,2,2,SV,2025-06-11,97,True,237117,DeBÍ TiRAR MáS FOToS,2025-01-05,0.625,0.131,7,-27.405,0,0.0717,0.177,0.218,0.0807,0.032,136.02,4
2JPctdUgvkQSpnUdfROxvY,Te Quería Ver,"Alemán, Neton Vega",13,0,-2,SV,2025-06-11,84,False,176129,De Vuelta a las Andadas,2025-05-09,0.807,0.763,4,-5.172,0,0.0624,0.186,1.69e-05,0.0917,0.448,100.033,4
6C1RD7YQVvt3YQj0CmuTeu,Diles,"Bad Bunny, Ozuna, Farruko, Arcángel, Ñengo Flow, DJ Luian, Mambo Kingz",14,6,31,SV,2025-06-11,84,True,286040,Diles,2016-08-26,0.813,0.56,2,-5.904,0,0.0618,0.108,0.0,0.268,0.287,118.033,4
7bywjHOc0wSjGGbj04XbVi,LUNA,"Feid, ATL Jacob",15,7,11,SV,2025-06-11,89,False,196800,FERXXOCALIPSIS,2023-12-01,0.774,0.86,7,-2.888,0,0.13,0.131,0.0,0.116,0.446,100.019,4
0fea68AdmYNygeTGI4RC18,LA CANCIÓN,"J Balvin, Bad Bunny",16,10,8,SV,2025-06-11,90,False,242573,OASIS,2019-06-28,0.756,0.646,7,-5.795,1,0.319,0.152,1.81e-05,0.108,0.429,176.088,4
2SkB7jADnfiWH8qAE9H8cO,En Privado,"Xavi, Manuel Turizo",17,-2,0,SV,2025-06-11,89,False,199399,En Privado,2025-02-06,0.833,0.863,7,-3.822,1,0.0377,0.111,4.75e-06,0.135,0.91,126.973,4
4zhk2RS2EZODmBW6il55Qj,mi refe,"Beéle, Ovy On The Drums",18,1,2,SV,2025-06-11,85,False,159404,BORONDO,2025-05-15,0.637,0.648,7,-5.306,0,0.271,0.403,5.41e-05,0.119,0.441,123.108,4
59D4DOkspUbWyMmbAPQkxZ,VOY A LLeVARTE PA PR,Bad Bunny,19,-1,0,SV,2025-06-11,93,True,156364,DeBÍ TiRAR MáS FOToS,2025-01-05,0.148,0.604,7,-35.032,1,0.0588,0.921,0.453,0.405,1e-05,106.295,3
0l0vcZMU7AOeQmUIREoI2U,Qué Pasaría...,"Rauw Alejandro, Bad Bunny",20,1,-2,SV,2025-06-11,91,True,191018,Cosa Nuestra,2024-11-15,0.833,0.563,4,-5.593,0,0.204,0.528,1.27e-05,0.139,0.343,105.008,4
3D24ErT1MMmUfXWotSj2A2,ME JALO,"Fuerza Regida, Grupo Frontera",21,-5,-8,SV,2025-06-11,92,True,212002,MALA MÍA,2024-12-19,0.47,0.75,2,-5.887,0,0.112,0.216,0.0,0.169,0.62,79.814,4
3hpm0fTeSqlhJbnqAgaLZs,Marlboro Rojo,Fuerza Regida,22,-5,-7,SV,2025-06-11,91,True,184173,111XPANTIA,2025-05-02,0.773,0.645,4,-6.376,0,0.0349,0.342,3.38e-06,0.32,0.923,114.996,1
1YYfyJ2yCvGFCxwjsIqEK9,Khé?,"Rauw Alejandro, Romeo Santos",23,2,5,SV,2025-06-11,88,False,206066,Cosa Nuestra,2024-11-15,0.687,0.627,7,-4.975,1,0.181,0.326,0.0,0.0893,0.47,155.865,4
4zbEItKoaRId1vRZkoO0Uh,Imagínate,"Danny Ocean, Kapo",24,5,3,SV,2025-06-11,88,False,170365,Imagínate,2024-11-07,0.779,0.737,11,-4.667,1,0.109,0.134,0.0,0.0974,0.445,101.923,4
32SJM4tQyJHsB8rgVtZURn,WASSUP,Young Miko,25,-1,-9,SV,2025-06-11,87,True,162263,WASSUP,2025-04-25,0.86,0.681,1,-4.757,0,0.0399,0.00481,6.09e-06,0.142,0.656,145.023,4
3Btqti3QpzZZr6uz5mlNzz,Es un Secreto,Plan B,26,24,8,SV,2025-06-11,74,False,190560,House Of Pleasure,2010-07-20,0.843,0.786,6,-4.938,0,0.0434,0.103,2.41e-06,0.0535,0.502,95.0,4
3KgHiAVuP88QoQs9CO4z1P,TATTOO,Tito Double P,27,1,-5,SV,2025-06-11,90,True,167955,TATTOO,2025-02-27,0.755,0.747,10,-4.278,0,0.0656,0.482,5.48e-06,0.0853,0.463,109.897,3
77pDO4WZPIdkwFve0iHWnb,Por Esos Ojos,Fuerza Regida,28,-1,-5,SV,2025-06-11,85,True,188064,111XPANTIA,2025-05-02,0.696,0.678,5,-7.002,0,0.0695,0.31,0.0,0.191,0.522,102.48,3
7tI8dRuH2Yc6RuoTjxo4dU,Who,Jimin,29,-25,10,SV,2025-06-11,90,False,170887,MUSE,2024-07-19,0.66,0.756,0,-3.743,0,0.032,0.00289,0.0,0.193,0.838,116.034,4
5mp6OBKCAjN4UYRvhOuUze,Tu Boda,"Oscar Maydon, Fuerza Regida",30,-7,20,SV,2025-06-11,68,True,225880,"Rico o Muerto, Vol. 1",2025-06-06,0.694,0.651,6,-6.968,1,0.0785,0.496,1.36e-05,0.0787,0.472,112.648,3
0HDHY6RSHHG2ZTE0cMT4GJ,Los Infieles,Aventura,31,10,13,SV,2025-06-11,83,False,257186,K.O.B. Live,2006-12-19,0.745,0.716,9,-8.221,0,0.0411,0.202,0.0,0.059,0.817,132.932,4
5lKFO0PrOC9jmOlPEdjHsL,DOS DÍAS,"Tito Double P, Peso Pluma",32,2,5,SV,2025-06-11,88,True,153928,INCÓMODO,2024-08-22,0.745,0.513,1,-9.116,1,0.087,0.783,0.0,0.216,0.929,109.935,3
6WatFBLVB0x077xWeoVc2k,Si Antes Te Hubiera Conocido,KAROL G,33,5,7,SV,2025-06-11,94,False,195824,Si Antes Te Hubiera Conocido,2024-06-21,0.924,0.668,11,-6.795,1,0.0469,0.446,0.000594,0.0678,0.787,128.027,4
5TFD2bmFKGhoCRbX61nXY5,NUEVAYoL,Bad Bunny,34,-2,1,SV,2025-06-11,94,False,183685,DeBÍ TiRAR MáS FOToS,2025-01-05,0.142,0.195,6,-20.024,1,0.139,0.265,0.995,0.204,0.12,137.922,4
4eLDmhsJW3JoZTXCAozHor,Loco,Neton Vega,35,-4,-3,SV,2025-06-11,86,False,186521,Mi Vida Mi Muerte,2025-02-14,0.849,0.708,1,-5.502,1,0.0686,0.0741,0.00768,0.139,0.636,91.981,4
4N1dogCaVWnGyFdPjdqNWF,COMO CAPO,"Clave Especial, Fuerza Regida",36,-3,-7,SV,2025-06-11,87,True,165482,MIJA NO TE ASUSTES,2025-02-20,0.767,0.768,5,-4.529,0,0.0474,0.147,0.0,0.068,0.802,133.082,3
4OwhwvKESFtuu06dTgct7i,Tiroteo - Remix,"Marc Seguí, Rauw Alejandro, Pol Granch",37,5,13,SV,2025-06-11,84,False,321555,Tiroteo (Remix),2021-04-01,0.75,0.522,9,-7.018,1,0.0293,0.282,0.0,0.0743,0.601,110.427,4
2BvPMS2XWfnCpHHvWeOyeC,DETRÁS DE TU ALMA,Mora,38,6,8,SV,2025-06-11,83,True,237000,LO MISMO DE SIEMPRE,2025-05-18,0.433,0.733,4,-5.54,0,0.128,0.503,0.0,0.244,0.263,89.405,4
6uroNiDEDd0xFLiri0aQNk,Triple Lavada,Esau Ortiz,39,0,-8,SV,2025-06-11,91,True,165790,Triple Lavada,2025-03-28,0.909,0.583,10,-5.735,0,0.0847,0.417,0.0,0.137,0.557,100.012,4
5GTBdEjZe7zEDp1N0eCZE4,HOLLYWOOD,"Peso Pluma, Estevan Plazola",40,-3,1,SV,2025-06-11,85,True,284864,ÉXODO,2024-06-20,0.707,0.683,3,-7.598,0,0.191,0.7,5.88e-06,0.134,0.545,94.979,3
27xkOIER6uDLKALIelHylZ,Don’t Say You Love Me,Jin,41,-6,-20,SV,2025-06-11,93,False,180716,Echo,2025-05-16,0.729,0.562,8,-5.49,1,0.0304,0.484,0.0,0.105,0.757,111.976,4
4DnrAI8WyUY6gkOwl8GlPN,capaz (merengueton),"Alleh, Yorghaki",42,5,6,SV,2025-06-11,90,False,173858,LA CIUDAD,2024-12-24,0.872,0.614,3,-5.618,0,0.181,0.0815,0.000207,0.135,0.785,126.957,4
2MioxSroS0g1mi24LLfcnq,Por un Segundo,Aventura,43,7,7,SV,2025-06-11,81,False,255026,The Last,2009-06-09,0.811,0.562,5,-10.183,0,0.0368,0.137,0.0,0.0623,0.965,129.039,4
0L5gbpFGU06vqSHacOxgka,TU TU TU,"Clave Especial, Edgardo Nuñez",44,-8,-8,SV,2025-06-11,86,True,151570,MIJA NO TE ASUSTES,2025-02-20,0.768,0.816,5,-5.264,0,0.0755,0.169,5.1e-05,0.477,0.828,142.163,3
0Imc5xRXd0eV9Ln55M1kz6,More,"Zion, Jory Boy, Ken-Y",45,5,4,SV,2025-06-11,67,False,240733,La Fórmula,2023-12-01,0.686,0.78,1,-6.662,0,0.107,0.191,0.0,0.118,0.867,172.059,4
6v5qt5KPQHJt5ckWuhDGtM,El Mayor De Los Ranas,"Victor Valverde, JR Torres",46,4,1,SV,2025-06-11,80,True,172059,Con Tokio,2025-01-17,0.842,0.748,10,-4.647,0,0.0706,0.278,0.0,0.0437,0.881,91.02,4
5FLzweTtgQurkLPs0E7uEO,Priti,"Danny Ocean, Sech",47,-4,-17,SV,2025-06-11,87,False,130968,Priti,2025-03-20,0.8,0.681,9,-7.307,1,0.0499,0.163,0.0,0.101,0.523,121.915,4
1a7onn7lPqqRWul5ogyMyX,ANSIEDAD,Fuerza Regida,48,2,-10,SV,2025-06-11,87,True,151836,111XPANTIA,2025-05-02,0.659,0.684,10,-7.631,0,0.0336,0.421,0.0,0.0814,0.737,107.057,3
6Xom58OOXk2SoU711L2IXO,Moscow Mule,Bad Bunny,49,1,1,SV,2025-06-11,87,True,245939,Un Verano Sin Ti,2022-05-06,0.804,0.674,5,-5.453,0,0.0333,0.294,1.18e-06,0.115,0.292,99.968,4
10MpBpx64MNixmUMNj7f6b,LATINA FOREVA,KAROL G,50,-4,-17,SV,2025-06-11,88,True,159452,LATINA FOREVA,2025-05-22,0.806,0.715,1,-3.539,0,0.0538,0.0115,0.0,0.0756,0.5,97.936,4
6GwekXZF2LdRWQ8IebcoQn,studené srdce,"Pil C, Luca Brassi10x, Karlo, G1nter",1,0,49,SK,2025-06-11,60,True,236800,brat,2025-06-06,0.711,0.724,1,-5.063,1,0.125,0.0102,0.105,0.13,0.306,150.085,4
60s9qt0f9uweJvExCjHSyb,dole,"Pil C, Luca Brassi10x, Dollar Prync",2,0,48,SK,2025-06-11,59,True,179130,brat,2025-06-06,0.797,0.883,11,-6.747,0,0.234,0.0516,0.0348,0.329,0.706,138.044,4
2CPkBjKdmuhiSInYPqIVDZ,Zub za zub,"Separ, Raphael",3,2,47,SK,2025-06-11,55,True,240116,Zub za zub,2025-06-05,0.611,0.703,8,-7.13,1,0.237,0.0775,0.0,0.268,0.33,104.886,4
2M9vtafpahKq5FxGAFwAzy,nikto ako my,"Pil C, Luca Brassi10x, Separ",4,-1,46,SK,2025-06-11,57,True,149538,brat,2025-06-06,0.783,0.757,9,-6.128,0,0.13,0.0753,0.000941,0.0718,0.747,130.015,4
4KmnwhIOSh9zZRzTUJGsY4,medelin,"Pil C, Luca Brassi10x, Separ",5,-1,45,SK,2025-06-11,58,True,184615,brat,2025-06-06,0.787,0.725,11,-5.287,0,0.231,0.111,6.97e-05,0.307,0.0916,104.225,4
58Kx48jdexHfT7reFY1TVE,Body to body,"Separ, French Montana, Peter Pann",6,0,-5,SK,2025-06-11,68,True,192533,NEVIEM,2025-03-30,0.785,0.792,9,-5.148,1,0.106,0.357,0.000363,0.0911,0.465,101.972,4
0gJR91rHIN6XeHZIdaqp7r,iba sny,"Pil C, Luca Brassi10x",7,0,43,SK,2025-06-11,57,True,226829,brat,2025-06-06,0.605,0.679,8,-6.247,1,0.0679,0.0145,3.36e-06,0.0874,0.0371,164.064,4
1x1gDfbVvPYm8gaRVhDhIl,Talk2me,"Sara Rikas, Yzomandias",8,1,-6,SK,2025-06-11,65,True,163209,"Ja, Sára",2025-04-23,0.795,0.462,6,-8.47,0,0.137,0.334,3.74e-06,0.084,0.475,96.969,4
4xxGheQu1flPhMEHXPfyuI,niekde v tatrách,"Pil C, Luca Brassi10x",9,-1,41,SK,2025-06-11,56,True,180740,brat,2025-06-06,0.687,0.606,1,-4.969,1,0.0509,0.0242,0.00196,0.109,0.303,161.965,4
1XIbDyk2cYuhmPa0cO0zqN,Cigarety,"Sara Rikas, Matej Turcer",10,1,-2,SK,2025-06-11,68,False,281346,"Ja, Sára",2025-04-23,0.576,0.483,11,-7.554,1,0.0264,0.00383,2.55e-05,0.282,0.195,154.687,3
2n9P4AL6xPVnoE1deBxHat,Ups and downs,Sara Rikas,11,4,-7,SK,2025-06-11,67,False,135283,"Ja, Sára",2025-04-23,0.707,0.538,4,-8.153,0,0.066,0.587,0.0,0.103,0.818,46.977,4
3LrLQlRYMFUQ4T1S7tWQpE,h1p h0p,"Pil C, Luca Brassi10x, Shimmi, guapanova",12,-2,38,SK,2025-06-11,55,True,187924,brat,2025-06-06,0.862,0.808,10,-4.403,0,0.117,0.0521,2.84e-06,0.435,0.261,106.023,4
0TavlW2wgiYIFucM8n5XEu,AENE,"Separ, SMART, Dame",13,1,-10,SK,2025-06-11,66,True,295880,NEVIEM,2025-03-30,0.824,0.694,7,-3.402,1,0.0892,0.0982,0.0,0.139,0.923,145.074,4
4O0dlJnPKQNRzh1J1pGpKg,Sorry,Sima,14,2,36,SK,2025-06-11,50,False,174246,Sorry,2025-06-06,0.711,0.742,6,-4.305,1,0.0723,0.814,4.06e-05,0.101,0.698,145.875,4
2I2og9mJr5rX7eEBhVNud0,mám v pi,"Pil C, Luca Brassi10x, Ben Cristovao",15,-2,35,SK,2025-06-11,55,True,151874,brat,2025-06-06,0.857,0.817,11,-5.382,0,0.249,0.011,0.000242,0.0926,0.24,128.022,4
7Is6xHGeJfwBwdKaLUbbyL,ján slota freestyle,"Pil C, Luca Brassi10x, Robin Zoot",16,-4,34,SK,2025-06-11,55,True,149634,brat,2025-06-06,0.75,0.675,0,-6.172,1,0.369,0.0313,0.0,0.412,0.64,164.014,4
2RkZ5LkEzeHGRsmDqKwmaJ,Ordinary,Alex Warren,17,2,-10,SK,2025-06-11,95,False,186964,"You'll Be Alright, Kid (Chapter 1)",2024-09-26,0.368,0.694,2,-6.141,1,0.06,0.704,6.59e-06,0.055,0.391,168.115,3
2C7sayl5uG8XAuTfA05WYU,Tempo za 2,"Sara Rikas, Raphael",18,-1,-12,SK,2025-06-11,64,True,187653,"Ja, Sára",2025-04-23,0.759,0.568,10,-8.335,0,0.284,0.397,0.0,0.184,0.76,93.945,4
2K4y6LbyUOr03ktqAaMZmD,KSN - PINTLICH REMIX,"Yzomandias, P T K, Robin Zoot, Nik Tendo, Ektor, PINTLICH",19,1,31,SK,2025-06-11,62,True,188571,KSN (PINTLICH REMIX),2025-06-04,0.833,0.644,9,-7.13,1,0.39,0.172,0.0,0.555,0.362,140.041,4
5SdanljnIl81vy8nsLYea4,Nehaj tak,"Separ, SpecialBeatz",20,-2,-15,SK,2025-06-11,66,True,211040,NEVIEM,2025-03-30,0.767,0.841,7,-4.619,1,0.262,0.397,0.0,0.0689,0.681,140.96,4
59Pro01fS9Ucy2HseMArGa,Homerun,"THE MAG, G1nter",21,1,29,SK,2025-06-11,48,True,104900,Homerun,2025-06-09,0.804,0.705,9,-6.509,1,0.423,0.00749,0.0,0.339,0.397,151.029,4
7KEGsz3uwzTYo0ZQBowvRB,Drž Píču,G1nter,22,1,-7,SK,2025-06-11,62,True,118153,Drž Píču,2025-05-29,0.961,0.485,1,-8.516,1,0.407,0.00772,0.0,0.117,0.301,129.969,4
3okMwMS8V4STgRha2KT4Kz,PTSD,Ektor,23,-2,-11,SK,2025-06-11,65,True,156026,PTSD,2025-05-29,0.795,0.814,7,-5.846,1,0.164,0.155,6.94e-06,0.11,0.248,132.089,4
3kGZG7KKmJmJV85JtDAUwn,Swagsucks,Separ,24,1,-15,SK,2025-06-11,64,True,162173,NEVIEM,2025-03-30,0.811,0.767,1,-5.117,1,0.225,0.275,0.0,0.323,0.37,99.949,4
6WfjL1LncrRrm79gaZoi9v,Iné Plemená,"Sara Rikas, Viktor Sheen",25,-1,-14,SK,2025-06-11,63,True,187000,"Ja, Sára",2025-04-23,0.685,0.553,6,-6.629,0,0.091,0.541,0.0,0.246,0.444,93.882,4
37bzTXxhFeNN7K3fDFeGwU,Tras tou,"Separ, Sawsane",26,0,-16,SK,2025-06-11,62,True,215013,NEVIEM,2025-03-30,0.794,0.701,2,-5.256,0,0.224,0.358,0.0,0.107,0.707,99.99,4
4yfL2UTITpAZ7btpfl7wax,Traphouse,"THE MAG, Chawo",27,5,23,SK,2025-06-11,44,True,159999,Traphouse,2025-06-09,0.815,0.508,3,-5.676,0,0.283,0.199,0.0,0.312,0.339,95.965,4
2xR7lQvCRF53gYz7H8IZfD,TY A JA,"Alan Murin, Kali, Peter Pann",28,0,22,SK,2025-06-11,47,False,169319,TY A JA,2025-06-05,0.776,0.797,1,-3.895,0,0.0529,0.0553,0.0,0.111,0.768,98.001,4
7JeVRhvdsU2s6HpuUPdEuA,Stále som,Sara Rikas,29,-2,-12,SK,2025-06-11,63,True,158010,"Ja, Sára",2025-04-23,0.439,0.384,8,-8.395,0,0.0352,0.4,0.0,0.0951,0.45,184.956,3
1P8o6bOTyh1kEqe72JFzzO,NENI STRE$S,"Pil C, Luca Brassi10x, Separ",30,-1,-14,SK,2025-06-11,63,True,169811,VOJNA,2024-06-07,0.842,0.758,10,-7.584,0,0.17,0.0128,7.02e-06,0.336,0.361,106.029,4
5LG6E6hwx6u84X7hMVkpKp,Pistácie (feat. Sofian Medjmedj),"Calin, Sofian Medjmedj",31,-1,-17,SK,2025-06-11,68,True,174117,Bieber Fever Tour Life,2024-12-06,0.565,0.487,5,-10.099,0,0.262,0.407,0.00027,0.372,0.677,72.509,4
0FTmksd2dxiE5e3rWyJXs6,back to friends,sombr,32,-1,-11,SK,2025-06-11,98,False,199032,back to friends,2024-12-27,0.436,0.723,1,-2.291,1,0.0301,9.37e-05,8.82e-05,0.0929,0.235,92.855,4
3QCRSIRZyCM2JjR4DTiwzF,Painkillers,"Yzomandias, P T K, Luca Brassi10x, Le Winter",33,1,2,SK,2025-06-11,63,True,216363,Painkillers,2024-11-22,0.779,0.807,1,-6.051,0,0.103,0.381,1.31e-05,0.123,0.606,131.987,4
5ITV0zqzjOYfFWpW0xBmRa,Show Me Love,"WizTheMc, bees & honey",34,-1,-12,SK,2025-06-11,94,False,176965,Show Me Love,2025-02-07,0.714,0.691,1,-7.333,1,0.0434,0.0212,0.000292,0.111,0.155,107.15,4
6QMXFOrO3SLcemX2lGRVP1,Svoboda,"Yzomandias, P T K, Sara Rikas",35,1,-10,SK,2025-06-11,63,True,165618,Painkillers,2024-11-22,0.792,0.459,11,-9.523,0,0.145,0.564,0.000183,0.0981,0.447,99.973,4
2DKYJ9Kco4zwf5AXPMsFpf,Throwaways,G1nter,36,3,-6,SK,2025-06-11,61,True,130388,Throwaways,2025-04-27,0.635,0.571,11,-10.19,0,0.391,0.0179,0.0,0.314,0.366,147.885,4
5agUzhiIJPAuj76t38TMy4,Džanes,Sara Rikas,37,3,4,SK,2025-06-11,58,False,123946,Džanes,2023-10-26,0.839,0.599,5,-8.602,0,0.198,0.569,0.0,0.158,0.795,98.03,4
4WXX611x1aCtwcqVJgA3xb,Sunset,"Separ, Jerry Lee, P T K",38,0,-9,SK,2025-06-11,60,True,155520,FLOWDEMORT,2023-03-31,0.762,0.805,1,-6.63,1,0.386,0.237,0.0,0.11,0.271,124.977,4
6yvop4JC7yK1cXaIpC4PvJ,I'm back,"Separ, Sara Rikas",39,2,-12,SK,2025-06-11,60,True,194413,NEVIEM,2025-03-30,0.781,0.595,11,-7.852,0,0.0968,0.538,0.0,0.107,0.174,109.996,4
0PHjcDCfUDmAK1VahjUVuK,Wannabe's,"G1nter, Young Sagvan",40,3,-7,SK,2025-06-11,60,True,148085,Wannabe's,2025-03-30,0.763,0.562,10,-8.777,0,0.091,0.099,0.0,0.097,0.194,141.122,4
6gj6FXx7jZXOOdLX4aNaSK,Syndrom,Viktor Sheen,41,9,-3,SK,2025-06-11,65,False,166299,Impostor syndrom,2024-11-08,0.826,0.711,10,-5.649,0,0.0722,0.374,0.00579,0.0718,0.557,127.102,4
2yWlGEgEfPot0lv3OAjuG3,Just Keep Watching (From F1® The Movie),"Tate McRae, F1 The Album",42,-5,-22,SK,2025-06-11,91,False,142550,Just Keep Watching (From F1® The Movie),2025-05-30,0.656,0.796,9,-5.856,0,0.113,0.0767,0.0,0.509,0.425,129.956,4
2ONLkrkTjzRMcVAPYW3xfJ,Skip skip,"Separ, SpecialBeatz",43,7,-20,SK,2025-06-11,60,True,160666,NEVIEM,2025-03-30,0.772,0.735,7,-5.486,0,0.323,0.203,0.0,0.131,0.365,66.691,3
4AajxCEwGEsmHmT4H1TwjY,undressed,sombr,44,0,-18,SK,2025-06-11,96,False,182088,undressed,2025-03-21,0.642,0.887,0,-3.883,1,0.0406,0.137,0.0,0.0829,0.888,115.999,4
6dOtVTDdiauQNBQEDOtlAB,BIRDS OF A FEATHER,Billie Eilish,45,4,-21,SK,2025-06-11,100,False,210373,HIT ME HARD AND SOFT,2024-05-17,0.747,0.507,2,-10.171,1,0.0358,0.2,0.0608,0.117,0.438,104.978,4
3h5LtZstUJRyx1vXOPmEZt,SHOCK,"Luca Brassi10x, Mjay Beatz",46,2,-14,SK,2025-06-11,57,True,169014,SHOCK,2025-03-20,0.852,0.638,1,-5.259,1,0.204,0.0156,4.73e-06,0.128,0.2,141.945,4
6fX6IbdrTsuqQzhBQnGDup,baggy,"Gleb, Samey",47,-1,-28,SK,2025-06-11,48,True,190487,PODOKNAMI,2025-05-23,0.802,0.828,1,-4.628,1,0.0733,0.0088,8.46e-06,0.372,0.484,136.072,4
3BQqSkF8Raj9lEzJdscmmu,Bbejbb,"Separ, Peter Pann",48,-3,-12,SK,2025-06-11,60,True,173917,DOVIDENIA,2024-03-02,0.733,0.867,2,-4.767,1,0.138,0.0415,2.96e-06,0.105,0.24,160.073,4
3JUNgjnP4GOjCJP3qzxPm3,Close,"G1nter, Deetray",49,1,-4,SK,2025-06-11,58,True,189295,Close,2025-05-27,0.874,0.582,10,-6.858,1,0.452,0.0989,0.0,0.103,0.363,141.986,4
0QCIpQV3twfqo9kh0t8Zza,Shake It To The Max (FLY) - Remix,"MOLIY, Silent Addy, Skillibeng, Shenseea",50,0,-13,SK,2025-06-11,93,True,178775,Shake It To The Max (FLY) (Remix),2025-02-21,0.856,0.548,0,-6.609,0,0.123,0.561,0.0,0.155,0.562,97.997,4
27xkOIER6uDLKALIelHylZ,Don’t Say You Love Me,Jin,1,0,0,SG,2025-06-11,93,False,180716,Echo,2025-05-16,0.729,0.562,8,-5.49,1,0.0304,0.484,0.0,0.105,0.757,111.976,4
7tI8dRuH2Yc6RuoTjxo4dU,Who,Jimin,2,0,0,SG,2025-06-11,90,False,170887,MUSE,2024-07-19,0.66,0.756,0,-3.743,0,0.032,0.00289,0.0,0.193,0.838,116.034,4
1XZE0InCx3SdCnLpVsPpZl,Jumping Machine (跳楼机),LBI利比,3,0,0,SG,2025-06-11,82,False,201642,Jumping Machine (跳楼机),2025-01-23,0.605,0.53,6,-7.981,1,0.029,0.659,0.0,0.172,0.351,127.939,4
0FTmksd2dxiE5e3rWyJXs6,back to friends,sombr,4,0,0,SG,2025-06-11,98,False,199032,back to friends,2024-12-27,0.436,0.723,1,-2.291,1,0.0301,9.37e-05,8.82e-05,0.0929,0.235,92.855,4
42UBPzRMh5yyz0EDPr6fr1,Manchild,Sabrina Carpenter,5,0,45,SG,2025-06-11,89,True,213645,Manchild,2025-06-05,0.731,0.685,7,-5.087,1,0.0572,0.122,0.0,0.317,0.811,123.01,4
5cOXSOo4olhVLVSpQBvQaP,看着我的眼睛说,张远,6,0,40,SG,2025-06-11,63,False,260794,看着我的眼睛说,2025-03-31,0.428,0.723,9,-4.847,1,0.077,0.569,0.0,0.304,0.319,76.983,4
0fK7ie6XwGxQTIkpFoWkd1,like JENNIE,JENNIE,7,0,-2,SG,2025-06-11,95,True,123517,Ruby,2025-03-07,0.811,0.743,10,-5.321,0,0.0611,0.281,0.00671,0.0868,0.815,130.019,4
7so0lgd0zP2Sbgs2d7a1SZ,Die With A Smile,"Lady Gaga, Bruno Mars",8,0,-2,SG,2025-06-11,91,False,251667,MAYHEM,2025-03-07,0.519,0.601,6,-7.727,0,0.0317,0.289,0.0,0.126,0.498,157.964,3
3be9ACTxtcL6Zm4vJRUiPG,blue,yung kai,9,0,-2,SG,2025-06-11,92,False,214357,blue,2024-08-02,0.746,0.317,4,-11.982,1,0.0342,0.933,0.0186,0.121,0.585,97.49,3
6dOtVTDdiauQNBQEDOtlAB,BIRDS OF A FEATHER,Billie Eilish,10,2,-1,SG,2025-06-11,100,False,210373,HIT ME HARD AND SOFT,2024-05-17,0.747,0.507,2,-10.171,1,0.0358,0.2,0.0608,0.117,0.438,104.978,4
298LjjcBvuQCAlwUWb9dKb,像晴天像雨天（电视剧《难哄》心动曲）,Silence Wang,11,-1,-3,SG,2025-06-11,77,False,236616,电视剧《难哄》影视原声带·只喜欢你Love Moments,2025-02-18,0.691,0.662,0,-5.817,1,0.0279,0.431,0.0,0.174,0.385,127.984,4
4wJ5Qq0jBN4ajy7ouZIV1c,APT.,"ROSÉ, Bruno Mars",12,3,1,SG,2025-06-11,89,False,169917,rosie,2024-12-06,0.777,0.783,0,-4.477,0,0.26,0.0283,0.0,0.355,0.939,149.027,4
2RdEC8Ff83WkX7kDVCHseE,party 4 u,Charli xcx,13,0,1,SG,2025-06-11,93,False,296653,how i'm feeling now,2020-05-15,0.579,0.522,1,-8.393,1,0.0993,0.761,1.41e-05,0.655,0.245,79.453,4
1j15Ar0qGDzIR0v3CQv3JL,Gnarly,KATSEYE,14,0,-2,SG,2025-06-11,91,True,137316,Gnarly,2025-04-30,0.775,0.828,0,-5.191,0,0.373,0.153,0.0,0.13,0.663,135.021,4
2RkZ5LkEzeHGRsmDqKwmaJ,Ordinary,Alex Warren,15,4,4,SG,2025-06-11,95,False,186964,"You'll Be Alright, Kid (Chapter 1)",2024-09-26,0.368,0.694,2,-6.141,1,0.06,0.704,6.59e-06,0.055,0.391,168.115,3
2yWlGEgEfPot0lv3OAjuG3,Just Keep Watching (From F1® The Movie),"Tate McRae, F1 The Album",16,0,-1,SG,2025-06-11,91,False,142550,Just Keep Watching (From F1® The Movie),2025-05-30,0.656,0.796,9,-5.856,0,0.113,0.0767,0.0,0.509,0.425,129.956,4
2CGNAOSuO1MEFCbBRgUzjd,luther (with sza),"Kendrick Lamar, SZA",17,4,-1,SG,2025-06-11,92,False,177598,GNX,2024-11-21,0.707,0.575,2,-7.546,1,0.125,0.251,0.0,0.248,0.576,138.008,4
7ne4VBA60CxGM75vw0EYad,That’s So True,Gracie Abrams,18,7,3,SG,2025-06-11,96,True,166300,The Secret of Us (Deluxe),2024-10-18,0.554,0.808,1,-4.169,1,0.0368,0.214,0.0,0.159,0.372,108.548,4
4WFgvKVfEhb3IUAFGrutTR,Love Me Not,Ravyn Lenae,19,-2,4,SG,2025-06-11,91,False,213466,Bird's Eye,2024-08-09,0.779,0.731,0,-6.176,1,0.0306,0.296,0.0,0.128,0.814,114.001,4
4AajxCEwGEsmHmT4H1TwjY,undressed,sombr,20,4,0,SG,2025-06-11,96,False,182088,undressed,2025-03-21,0.642,0.887,0,-3.883,1,0.0406,0.137,0.0,0.0829,0.888,115.999,4
50zAEIE4B1QqhPjRMK2Xmh,Running Wild,Jin,21,-10,-3,SG,2025-06-11,79,False,151646,Happy - :') (Remixes),2024-11-19,0.487,0.711,8,-4.22,1,0.0322,0.000175,0.0,0.152,0.317,146.921,4
0qkYuCno3SoU8vxkCdx0iJ,THUNDER,SEVENTEEN,22,-2,-11,SG,2025-06-11,86,False,164040,SEVENTEEN 5th Album 'HAPPY BURSTDAY',2025-05-26,0.752,0.837,5,-4.996,0,0.0632,0.0332,0.0,0.0643,0.718,129.988,4
2HRgqmZQC0MC7GeNuDIXHN,Seven (feat. Latto) (Explicit Ver.),"Jung Kook, Latto",23,7,2,SG,2025-06-11,85,True,183550,GOLDEN,2023-11-03,0.79,0.831,11,-4.185,1,0.044,0.312,0.0,0.0797,0.872,124.987,4
488IBZgAqHQmUDjg9kTQYG,烂片剧情,LBI利比,24,5,3,SG,2025-06-11,70,False,206080,烂片剧情,2025-03-15,0.594,0.485,6,-8.193,1,0.0339,0.679,0.0,0.0965,0.354,129.986,4
2LHNTC9QZxsL3nWpt8iaSR,Abracadabra,Lady Gaga,25,7,-8,SG,2025-06-11,88,False,223398,MAYHEM,2025-03-07,0.679,0.906,10,-3.443,0,0.0632,0.0119,0.0,0.229,0.652,126.01,4
0hEWvzkgbI301JZj947gFz,大展鴻圖(Blueprint Supreme),"攬佬SKAI ISYOURGOD, AR刘夫阳",26,7,18,SG,2025-06-11,73,False,211677,八方來財(Stacks from All Sides),2024-08-20,0.636,0.758,1,-6.597,1,0.138,0.00531,0.0,0.309,0.184,175.948,4
3QaPy1KgI7nu9FJEQUgn6h,WILDFLOWER,Billie Eilish,27,9,4,SG,2025-06-11,96,False,261466,HIT ME HARD AND SOFT,2024-05-17,0.467,0.247,6,-12.002,0,0.0431,0.612,0.000271,0.17,0.126,148.101,4
0QCIpQV3twfqo9kh0t8Zza,Shake It To The Max (FLY) - Remix,"MOLIY, Silent Addy, Skillibeng, Shenseea",28,6,1,SG,2025-06-11,93,True,178775,Shake It To The Max (FLY) (Remix),2025-02-21,0.856,0.548,0,-6.609,0,0.123,0.561,0.0,0.155,0.562,97.997,4
4H6s1mTZcjHAMU36ZF3Xoz,Nothing Without Your Love,Jin,29,-11,-3,SG,2025-06-11,80,False,176126,Echo,2025-05-16,0.494,0.837,7,-4.18,1,0.0616,0.00907,0.0,0.0925,0.246,129.843,4
38pEX03GFZ0PfFDaOrpKOM,Bad Desire (With or Without You),ENHYPEN,30,1,20,SG,2025-06-11,82,False,141885,DESIRE : UNLEASH,2025-06-05,0.626,0.725,0,-4.866,0,0.105,0.234,0.0,0.12,0.665,155.877,4
2HRqTpkrJO5ggZyyK6NPWz,Espresso,Sabrina Carpenter,31,14,11,SG,2025-06-11,91,True,175459,Short n' Sweet,2024-08-23,0.699,0.776,0,-5.282,1,0.0293,0.131,5.36e-06,0.205,0.708,103.963,4
1edcyazKIdKrIuz9cWpXU6,twilight zone,Ariana Grande,32,3,-4,SG,2025-06-11,81,False,198320,eternal sunshine deluxe: brighter days ahead (a cappella version),2025-03-27,0.729,0.476,5,-7.381,1,0.0303,0.102,0.000111,0.0995,0.202,114.923,4
7jm2PueKmv4EOHfdbdXMKT,八方來財(Stacks from All Sides),攬佬SKAI ISYOURGOD,33,5,6,SG,2025-06-11,79,False,173037,八方來財(Stacks from All Sides),2024-08-20,0.897,0.499,10,-3.781,0,0.0623,0.0163,0.00581,0.212,0.411,123.007,4
5RdKO1lsHG9jhbG03LL7cv,With the Clouds,Jin,34,-12,-2,SG,2025-06-11,79,False,188897,Echo,2025-05-16,0.264,0.868,11,-5.536,1,0.0637,0.00294,0.000117,0.368,0.308,101.886,4
1vfUASvUGt3gxQ1x3T3u1C,嚣张,en,35,2,-13,SG,2025-06-11,69,False,253994,嚣张,2019-08-14,0.595,0.52,11,-6.81,1,0.031,0.646,0.0,0.116,0.168,133.999,4
4WrkJNGb4zUwARc0FD3iNf,Loser (feat. YENA),"Jin, YENA",36,-13,-6,SG,2025-06-11,80,False,155638,Echo,2025-05-16,0.561,0.914,5,-1.911,0,0.0694,0.0128,0.0,0.252,0.697,148.008,4
0c9gjnRGBRke9VmLaZWmhM,爱怎么了,陈村长,37,6,4,SG,2025-06-11,69,False,239076,爱怎么了,2022-04-27,0.57,0.606,7,-6.353,1,0.0289,0.725,0.0,0.164,0.44,129.915,4
142PiXzA84lmEw2RstFHFa,supernatural,Ariana Grande,38,2,-5,SG,2025-06-11,87,False,163381,eternal sunshine,2024-03-08,0.58,0.714,8,-6.924,1,0.117,0.0969,0.0,0.16,0.522,76.496,4
1qmcc6IRvBdhmqhLhSaJoo,Background,Jin,39,-13,-4,SG,2025-06-11,80,False,175665,Echo,2025-05-16,0.498,0.787,1,-5.372,1,0.0544,0.0543,0.0,0.102,0.26,128.003,4
3siwsiaEoU4Kuuc9WKMUy5,No One Noticed,The Marías,40,2,-2,SG,2025-06-11,93,False,236906,Submarine,2024-05-31,0.705,0.339,7,-10.612,1,0.0278,0.552,0.0814,0.12,0.457,97.989,4
21IYMdzTrzSe191Cy5eMap,Sailor Song,Gigi Perez,41,3,-5,SG,2025-06-11,89,False,211978,"At The Beach, In Every Life",2025-04-25,0.499,0.392,11,-10.441,1,0.0262,0.627,7.1e-05,0.192,0.272,95.076,4
3GCdLUSnKSMJhs4Tj6CV3s,All The Stars (with SZA),"Kendrick Lamar, SZA",42,-1,-8,SG,2025-06-11,94,True,232186,Black Panther The Album Music From And Inspired By,2018-02-09,0.695,0.633,8,-4.946,1,0.0599,0.0612,0.000195,0.0926,0.557,96.782,4
1UPB5rYJ0bzn6mNSoAHrZC,You'll Be in My Heart,NIKI,43,-4,7,SG,2025-06-11,93,False,241776,You'll Be In My Heart,2022-09-14,0.486,0.613,9,-8.748,1,0.0394,0.0569,0.00139,0.126,0.633,187.531,4
5566hAPt0WmMPr9Xn749L7,Rope It,Jin,44,-17,-7,SG,2025-06-11,79,False,165809,Echo,2025-05-16,0.547,0.856,5,-2.29,1,0.0854,0.0362,0.0,0.617,0.597,124.075,4
7CyPwkp0oE8Ro9Dd5CUDjW,"One Of The Girls (with JENNIE, Lily Rose Depp)","The Weeknd, JENNIE, Lily-Rose Depp",45,3,5,SG,2025-06-11,94,False,244684,The Idol Episode 4 (Music from the HBO Original Series),2023-06-23,0.264,0.64,8,-6.221,1,0.0442,0.0393,2.31e-06,0.151,0.19,84.828,4
3f7rVNaBNocDLtPmnds9eE,"To Me, Today",Jin,46,-18,-6,SG,2025-06-11,79,False,181575,Echo,2025-05-16,0.583,0.777,1,-4.664,1,0.0628,0.00642,0.0,0.0526,0.583,155.913,4
6Wobsw9uZ0D0xkfOjxXSq9,Messy (From F1® The Movie),"ROSÉ, F1 The Album",47,-1,-23,SG,2025-06-11,86,False,179055,Messy (From F1® The Movie),2025-05-08,0.562,0.643,5,-5.739,1,0.0422,0.0442,0.0,0.0965,0.277,96.92,4
3AJwUDP919kvQ9QcozQPxg,Yellow,Coldplay,48,2,2,SG,2025-06-11,93,False,266773,Parachutes,2000-07-10,0.429,0.661,11,-7.227,1,0.0281,0.00239,0.000121,0.234,0.285,173.372,4
51ZQ1vr10ffzbwIjDCwqm4,we can't be friends (wait for your love),Ariana Grande,49,1,1,SG,2025-06-11,89,False,228639,eternal sunshine,2024-03-08,0.645,0.646,5,-8.334,1,0.0427,0.0615,3.04e-05,0.074,0.295,115.842,4
5O2P9iiztwhomNh8xkR9lJ,Night Changes,One Direction,50,0,0,SG,2025-06-11,90,False,226600,FOUR (Deluxe),2014-11-17,0.672,0.52,8,-7.747,1,0.0353,0.859,0.0,0.115,0.37,120.001,4
01RdEXps15f3VmQMV6OuTM,Tusen spänn,"Tjuvjakt, Fanny Avonne",1,0,0,SE,2025-06-11,76,False,190344,Tusen spänn,2025-05-09,0.735,0.653,3,-6.261,1,0.0533,0.36,0.0,0.0791,0.62,116.002,4
5xsHQu1SXYS6DYOJwIWhSC,Svagare än jag,Ida-Lova,2,0,0,SE,2025-06-11,77,False,187076,Svagare än jag,2025-04-11,0.404,0.683,1,-6.969,1,0.0594,0.302,0.0,0.318,0.661,162.091,4
57AHVmaxTYWoBBB5CFr9Ts,Sommarkatt,Lov1,3,0,5,SE,2025-06-11,64,False,208201,Sommarkatt,2025-05-30,0.695,0.676,8,-6.859,1,0.0384,0.101,0.0,0.0929,0.431,121.962,4
6eIzQCYExfnNeM7KOlE3lE,Bara Bada Bastu,KAJ,4,0,-1,SE,2025-06-11,75,False,166880,Sauna Collection,2025-05-09,0.757,0.889,9,-4.729,0,0.0788,0.0754,2.32e-05,0.0397,0.754,106.037,4
0j2JcSeuF8ElJTrC8g6493,Djurens vaggvisa,"Humlan Djojj, Josefine Götestam",5,0,2,SE,2025-06-11,76,False,140046,Somna med Humlan Djojj,2020-10-30,0.684,0.0326,0,-17.898,1,0.0583,0.973,2e-06,0.108,0.44,66.685,5
2RkZ5LkEzeHGRsmDqKwmaJ,Ordinary,Alex Warren,6,0,-2,SE,2025-06-11,95,False,186964,"You'll Be Alright, Kid (Chapter 1)",2024-09-26,0.368,0.694,2,-6.141,1,0.06,0.704,6.59e-06,0.055,0.391,168.115,3
4zpNfuWJA3K4d9TS4qnOIB,Espresso Macchiato,Tommy Cash,7,43,-2,SE,2025-06-11,84,False,173746,Espresso Macchiato,2024-12-07,0.682,0.699,4,-6.168,0,0.045,0.0116,9.82e-06,0.135,0.697,119.889,4
3kbNesyQPnUreP6bD7aADS,Lys på mig,Victor Leksell,8,1,3,SE,2025-06-11,65,False,159346,Lys på mig,2025-05-30,0.521,0.693,9,-5.651,1,0.0382,0.258,0.0,0.258,0.666,110.274,4
48zbg3rmtLckXVdKracwzq,Håller Mig Själv,"ADAAM, Greekazo, ROMANOS",9,1,-3,SE,2025-06-11,73,False,109800,Håller Mig Själv,2025-04-25,0.759,0.872,5,-4.021,0,0.0616,0.214,0.000666,0.401,0.821,99.954,4
42UBPzRMh5yyz0EDPr6fr1,Manchild,Sabrina Carpenter,10,3,40,SE,2025-06-11,89,True,213645,Manchild,2025-06-05,0.731,0.685,7,-5.087,1,0.0572,0.122,0.0,0.317,0.811,123.01,4
3SjXx3rbNGk8nCho8YEoz5,Det kommer aldrig va över för mig,Håkan Hellström,11,0,39,SE,2025-06-11,67,False,267106,Det kommer aldrig va över för mig,2013-04-17,0.552,0.872,0,-6.48,1,0.0459,0.0113,3.2e-05,0.507,0.469,127.027,4
2BtcfopAsabwKFovwFyvFk,BASSIANI,Soppgirobygget,12,2,0,SE,2025-06-11,71,False,163200,BASSIANI,2025-04-11,0.611,0.96,0,-5.7,0,0.142,0.0309,0.0,0.136,0.624,150.035,4
3tgDP0BTRP10i4HkLlAER3,Om,Niklas Strömstedt,13,-1,-3,SE,2025-06-11,72,False,248066,Om,1990-03-05,0.602,0.759,8,-6.646,0,0.0308,0.0406,2.38e-05,0.0975,0.505,88.957,4
4v4544m9rPttWudGucbzAc,2CB,Hov1,14,-7,36,SE,2025-06-11,60,True,187200,2CB,2025-06-06,0.586,0.557,2,-4.498,1,0.18,0.606,0.0,0.102,0.587,99.891,4
7Ma4xWMBilJP90yLC5H3ZY,Mitt hjärta av guld,Lia Lindstén,15,0,35,SE,2025-06-11,57,False,170918,Mitt hjärta av guld,2025-06-06,0.731,0.255,10,-13.858,1,0.0474,0.891,2.76e-06,0.105,0.498,119.999,5
3GygspQIcYy5OnRiw245Qh,Babblarnas vaggvisa,Babblarna,16,0,-2,SE,2025-06-11,67,False,334053,Upp och ner och hit och dit med Babblarna,2023-09-01,0.299,0.234,11,-13.009,1,0.0321,0.828,0.000101,0.0959,0.333,186.369,4
0GRc3eGTg8HBdWLRGYgqIc,Azizam,Ed Sheeran,17,0,-8,SE,2025-06-11,92,False,162029,Azizam,2025-04-04,0.663,0.899,6,-5.103,1,0.0473,0.00255,0.0,0.065,0.876,127.998,4
1h6bh1BOjKahFpWiKbFopa,Rina Rina,Sarettii,18,0,5,SE,2025-06-11,63,True,154000,TRIBE,2025-05-30,0.888,0.685,0,-5.428,0,0.284,0.557,4.02e-06,0.0956,0.729,120.007,4
4AajxCEwGEsmHmT4H1TwjY,undressed,sombr,19,0,-6,SE,2025-06-11,96,False,182088,undressed,2025-03-21,0.642,0.887,0,-3.883,1,0.0406,0.137,0.0,0.0829,0.888,115.999,4
5MEuFY2DxrozPEgGpR8Fji,Välkommen in,Veronica Maggio,20,1,-2,SE,2025-06-11,69,False,212453,Satan i gatan (Bonus Version),2011-01-01,0.625,0.676,0,-7.059,1,0.036,0.115,0.00277,0.248,0.629,120.019,4
1oFoY6INRnHIpHY6ssPxBm,Trädgården en fredag,Veronica Maggio,21,1,-2,SE,2025-06-11,69,False,189680,Handen i fickan fast jag bryr mig,2013-01-01,0.607,0.847,4,-5.078,1,0.055,0.135,0.0,0.0848,0.731,157.004,4
0IstZK4ERxONEDvE5wxwHS,Bender,Søte og Rare Gutter,22,-2,-6,SE,2025-06-11,73,True,139975,Bender,2025-02-28,0.761,0.691,1,-5.127,0,0.188,0.24,0.000104,0.0902,0.705,153.011,4
401N7rbd6MSziVSDVTaQr7,Somna,"Humlan Djojj, Josefine Götestam",23,2,1,SE,2025-06-11,69,False,160373,Somna med Humlan Djojj,2020-10-30,0.274,0.073,0,-15.555,1,0.0384,0.98,2.36e-05,0.168,0.261,174.298,3
5jlAu4lHHVzheutRcbDklk,Stjärnorna,"Humlan Djojj, Josefine Götestam",24,2,3,SE,2025-06-11,68,False,166216,Somna med Humlan Djojj,2020-10-30,0.276,0.0676,9,-18.426,1,0.0324,0.985,0.00402,0.0729,0.118,71.766,4
0FTmksd2dxiE5e3rWyJXs6,back to friends,sombr,25,2,4,SE,2025-06-11,98,False,199032,back to friends,2024-12-27,0.436,0.723,1,-2.291,1,0.0301,9.37e-05,8.82e-05,0.0929,0.235,92.855,4
2yWlGEgEfPot0lv3OAjuG3,Just Keep Watching (From F1® The Movie),"Tate McRae, F1 The Album",26,-2,-9,SE,2025-06-11,91,False,142550,Just Keep Watching (From F1® The Movie),2025-05-30,0.656,0.796,9,-5.856,0,0.113,0.0767,0.0,0.509,0.425,129.956,4
04LHuPqOMSpnHFaziPq1qO,Din tid kommer - Otto Knows Remix,"Håkan Hellström, Otto Knows",27,2,23,SE,2025-06-11,63,False,286875,Din tid kommer (Otto Knows Remix),2016-04-26,0.542,0.862,2,-4.423,1,0.0969,0.251,0.000122,0.111,0.441,128.024,4
6KOzO2mUwSwe8a9GiJAn7X,Kan Inte Gå,Bolaget,28,4,3,SE,2025-06-11,68,False,146718,Kan Inte Gå,2021-12-29,0.721,0.414,11,-9.104,0,0.132,0.219,0.0,0.164,0.652,144.758,4
71CFZjdSm2WSh5S6TPd69A,Hela huset,"Veronica Maggio, Håkan Hellström",29,2,21,SE,2025-06-11,65,False,213480,Handen i fickan fast jag bryr mig,2013-01-01,0.607,0.704,11,-3.502,1,0.0326,0.342,0.0,0.195,0.564,114.049,4
7MzmBmyI9KkyQJaPNLdtUi,17 år,Veronica Maggio,30,8,3,SE,2025-06-11,67,False,220520,Och vinnaren är...,2008-01-01,0.76,0.675,1,-6.299,1,0.0254,0.244,8.42e-06,0.105,0.783,106.942,4
1aEU7mcRDTYBB4ASpqbjYE,Hon dansar vidare i livet,Hov1,31,-3,-5,SE,2025-06-11,68,True,248893,Gudarna på Västerbron,2018-09-11,0.655,0.651,8,-7.063,1,0.122,0.0267,0.0,0.133,0.782,90.054,4
1K2a8QcaPTDTZ1e4M0s8gQ,Tandtråd,Tjuvjakt,32,-2,-2,SE,2025-06-11,68,False,242320,Tandtråd,2013-01-25,0.744,0.857,11,-5.315,0,0.233,0.148,0.0,0.0897,0.843,137.809,4
4WFgvKVfEhb3IUAFGrutTR,Love Me Not,Ravyn Lenae,33,0,4,SE,2025-06-11,91,False,213466,Bird's Eye,2024-08-09,0.779,0.731,0,-6.176,1,0.0306,0.296,0.0,0.128,0.814,114.001,4
1Vo4peT3VmtdLVtw1s65Cm,Ingen annan rör mig som du,Norlie & KKV,34,6,-9,SE,2025-06-11,66,True,189800,Alla våra låtar,2016-10-14,0.689,0.754,1,-4.433,1,0.0395,0.0285,0.0,0.144,0.717,114.008,4
3PzfAzqI03wcX8OikTdrH2,Viva La Vida,Soppgirobygget,35,6,15,SE,2025-06-11,69,False,147428,Viva La Vida,2024-03-15,0.608,0.904,5,-5.842,1,0.302,0.0514,0.0,0.45,0.579,139.855,4
0Hz0ySp6XYrBhEQPU16Hz8,Valborg,Håkan Hellström,36,-13,14,SE,2025-06-11,64,False,198173,Det kommer aldrig va över för mig,2013-04-17,0.316,0.3,7,-12.51,1,0.0301,0.884,0.00368,0.0927,0.317,96.31,3
57ilwMdNXbsbVaP8GtfEIB,Konfetti,"Molly Sandén, Astrid S",37,-1,-22,SE,2025-06-11,69,False,194425,Konfetti,2025-05-23,0.733,0.659,9,-6.202,1,0.0468,0.116,0.0,0.123,0.57,117.95,4
00oneQN4fZEl3tbhiNMExE,Mimosa,Darin,38,-4,0,SE,2025-06-11,63,False,192575,Mimosa,2025-05-09,0.535,0.571,1,-7.882,0,0.199,0.058,4.96e-06,0.161,0.575,191.686,4
3QR9CKSgMGMq27gnSl5pft,Räddare i nöden,Hov1,39,-4,-19,SE,2025-06-11,70,True,241180,Räddare i nöden,2025-03-28,0.816,0.641,6,-4.877,1,0.265,0.783,0.0,0.163,0.747,108.133,4
2yz5IaQLnO8WBCIWMXoRBS,Känn ingen sorg för mig Göteborg,Håkan Hellström,40,-3,10,SE,2025-06-11,62,False,228893,Känn ingen sorg för mig Göteborg,2000-09-25,0.242,0.824,0,-4.151,1,0.0481,0.000605,1.4e-05,0.286,0.503,119.036,4
7qLwjBWh3M2JLFlEokIjUP,Nu säger vi godnatt,"Humlan Djojj, Josefine Götestam",41,2,1,SE,2025-06-11,67,False,161481,Somna med Humlan Djojj,2020-10-30,0.493,0.0509,10,-20.307,1,0.0312,0.982,0.0252,0.125,0.0975,81.005,4
5ITV0zqzjOYfFWpW0xBmRa,Show Me Love,"WizTheMc, bees & honey",42,0,-14,SE,2025-06-11,94,False,176965,Show Me Love,2025-02-07,0.714,0.691,1,-7.333,1,0.0434,0.0212,0.000292,0.111,0.155,107.15,4
0qmhTHMVxnXRmT5N92wTD9,Bloodline (with Jelly Roll),"Alex Warren, Jelly Roll",43,3,-21,SE,2025-06-11,90,False,182008,Bloodline (with Jelly Roll),2025-05-22,0.621,0.779,4,-6.346,0,0.056,0.255,0.0,0.0683,0.513,127.925,4
5bpNC61pnAqXWJg8CLoxhP,Drugs N Love,Roc Boyz,44,-5,0,SE,2025-06-11,66,True,138187,Drugs N Love,2025-05-23,0.594,0.909,2,-5.711,1,0.0687,0.0446,8.12e-06,0.762,0.597,160.097,4
4GK4mydvnsodLEHWb4zJV4,Sunnanvind,Mares,45,5,-4,SE,2025-06-11,65,False,202409,Sunnanvind,2019-03-15,0.718,0.702,1,-6.845,0,0.0324,0.0184,1.27e-05,0.388,0.357,103.934,4
6F0EAXG5D1iFZU57wfa0Ys,Humlehum,"Humlan Djojj, Josefine Götestam",46,-1,3,SE,2025-06-11,66,False,114124,Sov med Humlan Djojj,2024-03-08,0.304,0.0124,2,-23.813,1,0.037,0.995,0.856,0.104,0.12,68.317,3
4o5Ob60pz8QHcFKcr4MWyf,Ikväll Igen,Bolaget,47,2,3,SE,2025-06-11,67,False,137727,Ikväll Igen,2023-04-12,0.617,0.529,0,-7.931,1,0.0957,0.498,0.0,0.553,0.501,165.015,4
2IdIiiNX7SpQO9WW77aZPx,Birra,"Fjellrev, Kudos",48,2,-1,SE,2025-06-11,69,True,113400,Birra,2025-04-30,0.609,0.824,1,-3.983,0,0.108,0.335,0.0,0.129,0.868,149.863,4
1Vvsi25b3d1FzEnbaCoYLm,Hur många mil,Victor Leksell,49,-1,-28,SE,2025-06-11,68,False,147800,Hur många mil,2025-04-04,0.764,0.536,7,-4.805,1,0.0686,0.298,0.0,0.149,0.362,95.046,4
6sjGsKuInpaK3uoaWGe22W,Från och med Du,Oskar Linnros,50,0,-10,SE,2025-06-11,65,False,193360,Vilja Bli,2010-01-01,0.599,0.803,10,-6.695,1,0.0507,0.0224,0.0342,0.0909,0.392,143.013,4
3QaPy1KgI7nu9FJEQUgn6h,WILDFLOWER,Billie Eilish,1,0,0,SA,2025-06-11,96,False,261466,HIT ME HARD AND SOFT,2024-05-17,0.467,0.247,6,-12.002,0,0.0431,0.612,0.000271,0.17,0.126,148.101,4
6skGMlljk0s5yeBKZ7sN5n,Impossible,James Arthur,2,48,48,SA,2025-06-11,66,False,209440,James Arthur,2013-10-29,0.376,0.695,0,-4.782,0,0.0933,0.135,0.0,0.11,0.302,169.533,4
6dOtVTDdiauQNBQEDOtlAB,BIRDS OF A FEATHER,Billie Eilish,3,1,3,SA,2025-06-11,100,False,210373,HIT ME HARD AND SOFT,2024-05-17,0.747,0.507,2,-10.171,1,0.0358,0.2,0.0608,0.117,0.438,104.978,4
4QlbWOnT3ZoR2mTsyg362u,شلون بية,Aws Al Saber,4,-1,1,SA,2025-06-11,60,False,360055,شلون بية,2022-01-25,0.644,0.691,0,-8.993,0,0.0732,0.235,9.8e-05,0.261,0.486,101.988,4
0FTmksd2dxiE5e3rWyJXs6,back to friends,sombr,5,0,5,SA,2025-06-11,98,False,199032,back to friends,2024-12-27,0.436,0.723,1,-2.291,1,0.0301,9.37e-05,8.82e-05,0.0929,0.235,92.855,4
5WFEeDclrtcviUwnbpHiiF,عفتني,Sabah Mahmod,6,0,-3,SA,2025-06-11,60,False,404035,عفتني,2011-06-12,0.551,0.763,9,-8.361,0,0.102,0.302,0.0,0.107,0.74,96.296,4
3siwsiaEoU4Kuuc9WKMUy5,No One Noticed,The Marías,7,1,2,SA,2025-06-11,93,False,236906,Submarine,2024-05-31,0.705,0.339,7,-10.612,1,0.0278,0.552,0.0814,0.12,0.457,97.989,4
0F2yNZOLXPtIV4k2kQgkjA,يا وطن طاهر ترابك,Nasrat Al Bader,8,1,6,SA,2025-06-11,57,False,256010,يا وطن طاهر ترابك,2024-08-01,0.604,0.656,2,-4.015,0,0.0624,0.649,0.0,0.324,0.733,103.903,4
1E73FAX1FA1U1BNU71eZmh,الك الك گلبي يحن,سجاد حقي,9,-2,-1,SA,2025-06-11,58,False,81200,الك الك گلبي يحن,2024-08-13,0.505,0.349,2,-14.201,1,0.0325,0.923,0.752,0.183,0.585,141.014,3
27xkOIER6uDLKALIelHylZ,Don’t Say You Love Me,Jin,10,0,-8,SA,2025-06-11,93,False,180716,Echo,2025-05-16,0.729,0.562,8,-5.49,1,0.0304,0.484,0.0,0.105,0.757,111.976,4
7so0lgd0zP2Sbgs2d7a1SZ,Die With A Smile,"Lady Gaga, Bruno Mars",11,0,0,SA,2025-06-11,91,False,251667,MAYHEM,2025-03-07,0.519,0.601,6,-7.727,0,0.0317,0.289,0.0,0.126,0.498,157.964,3
3h4kEr2cagLR0HlqMyMS2H,ويلي,"Nasrat Al Bader, Qaed Helmy",12,0,3,SA,2025-06-11,56,False,380255,ويلي,2024-08-01,0.338,0.606,2,-12.044,0,0.225,0.29,0.0,0.0969,0.606,103.753,4
49t3uvN9hUNefdvtaD6HBj,LUNA BALA - Slowed,"Yb Wasg'ood, Ariis",13,0,0,SA,2025-06-11,89,False,124110,LUNA BALA,2025-04-18,0.72,0.93,7,-1.518,0,0.0342,0.0157,0.878,0.368,0.283,110.071,4
4sTlQPMyoFMPdhAJvErBN3,PASSO BEM SOLTO - Slowed,ATLXS,14,2,-2,SA,2025-06-11,92,False,116072,PASSO BEM SOLTO,2024-04-23,0.602,0.867,1,-5.698,0,0.0312,0.00702,0.00442,0.259,0.399,115.899,4
4WFgvKVfEhb3IUAFGrutTR,Love Me Not,Ravyn Lenae,15,-1,8,SA,2025-06-11,91,False,213466,Bird's Eye,2024-08-09,0.779,0.731,0,-6.176,1,0.0306,0.296,0.0,0.128,0.814,114.001,4
3p4hRhMcb6ch8OLtATMaLw,Cry,Cigarettes After Sex,16,34,34,SA,2025-06-11,67,False,256799,Cry,2019-10-25,0.408,0.398,7,-10.448,1,0.0277,0.758,0.654,0.112,0.165,142.834,4
2yjOEcmukC84C56uEoDn3k,Ahki Ya Tareekh,Safaa Saad,17,0,0,SA,2025-06-11,54,False,369359,Ahki Ya Tareekh,2024-10-24,0.406,0.743,6,-7.232,0,0.138,0.0937,0.0,0.665,0.869,98.728,4
5okjGjbI5S9GON1fM0delO,Alak Alak,Hassan El Rassam,18,-3,2,SA,2025-06-11,58,False,319399,Hassan El Rassam Collection,2000-01-01,0.446,0.669,11,-10.462,0,0.184,0.385,4.49e-06,0.298,0.768,204.015,4
7BRD7x5pt8Lqa1eGYC4dzj,CHIHIRO,Billie Eilish,19,0,0,SA,2025-06-11,91,False,303440,HIT ME HARD AND SOFT,2024-05-17,0.7,0.425,7,-12.531,1,0.0529,0.144,0.879,0.083,0.521,110.015,4
0hta2Lb2zKJ7kEnAEZEE3G,Nope your too late i already died,"wifiskeleton, i wanna be a jack-o-lantern",20,1,6,SA,2025-06-11,92,False,90067,suburban daredevil,2024-10-22,0.704,0.597,4,-10.458,0,0.036,0.105,0.00835,0.264,0.978,119.993,4
3MyX3ndru7RTKvLkMZJJeJ,ميت اني,Sabah Mahmod,21,7,-3,SA,2025-06-11,55,False,246021,ميت اني,2014-03-03,0.687,0.665,1,-5.399,0,0.143,0.25,1.63e-05,0.162,0.627,103.958,4
1UGaliIKCl7MOWzvzh5chs,Tala'et Abeh - طلعت ابيه,Ayed,22,2,8,SA,2025-06-11,57,False,278760,Ayed 2025 - عايض ٢٠٢٥,2025-04-07,0.607,0.657,9,-6.906,0,0.037,0.0612,0.0,0.192,0.379,126.974,4
0COqiPhxzoWICwFCS4eZcp,Bring Me To Life,Evanescence,23,8,12,SA,2025-06-11,89,False,235893,Fallen,2003-03-04,0.331,0.943,4,-3.188,0,0.0698,0.00721,2.06e-06,0.242,0.296,94.612,4
6RodD6CVu4mHQRrQJD8XhP,هذا دمعك,Tayseer Al Safeer,24,-1,8,SA,2025-06-11,55,False,291657,هذا دمعك,2013-12-28,0.334,0.688,10,-5.447,0,0.0791,0.374,0.00218,0.264,0.469,93.779,4
094IjHeVUviN4aBnSXYsuj,DIA DELÍCIA,"Nakama, Mc Staff, ΣP",25,-5,25,SA,2025-06-11,75,True,75461,DIA DELÍCIA,2025-04-25,0.826,0.743,8,-3.721,1,0.0336,0.366,3.06e-06,0.0281,0.541,130.021,4
0fK7ie6XwGxQTIkpFoWkd1,like JENNIE,JENNIE,26,0,-19,SA,2025-06-11,95,True,123517,Ruby,2025-03-07,0.811,0.743,10,-5.321,0,0.0611,0.281,0.00671,0.0868,0.815,130.019,4
2fuYa3Lx06QQJAm0MjztKr,Let Down,Radiohead,27,0,21,SA,2025-06-11,88,False,299560,OK Computer,1997-05-28,0.351,0.676,9,-9.017,1,0.0313,0.000121,0.113,0.18,0.143,102.46,4
0FIDCNYYjNvPVimz5icugS,Timeless (feat Playboi Carti),"The Weeknd, Playboi Carti",28,-6,-4,SA,2025-06-11,95,True,256000,Hurry Up Tomorrow,2025-01-31,0.768,0.775,11,-5.06,0,0.0466,0.069,2.96e-06,0.138,0.6,119.999,4
63Pi2NAx5yCgeLhCTOrEou,Headlock,Imogen Heap,29,0,-1,SA,2025-06-11,90,False,215338,Speak for Yourself (Deluxe Version),2005-01-01,0.808,0.372,7,-10.759,0,0.0364,0.792,0.0,0.119,0.787,119.982,4
1oAwsWBovWRIp7qLMGPIet,Apocalypse,Cigarettes After Sex,30,0,-1,SA,2025-06-11,91,False,290146,Cigarettes After Sex,2017-06-09,0.369,0.467,5,-9.018,1,0.0274,0.0194,0.46,0.109,0.174,94.473,4
1CduYZngHRf3rlSpn5sdB7,Hbnah Antaha,"Mohamad Abdel Jabar, Ali Bader",31,12,16,SA,2025-06-11,55,False,400320,Hbnah Antaha,2015-05-29,0.516,0.843,5,-4.287,0,0.0754,0.308,0.0,0.269,0.579,102.084,4
4CU10WzYSGCfx1EEOHFoRK,العين على الحاجب,اميمه طالب,32,-7,18,SA,2025-06-11,49,False,215076,العين على الحاجب,2013-02-19,0.689,0.761,0,-11.145,1,0.0544,0.385,0.0,0.119,0.963,91.981,4
2HRqTpkrJO5ggZyyK6NPWz,Espresso,Sabrina Carpenter,33,1,4,SA,2025-06-11,91,True,175459,Short n' Sweet,2024-08-23,0.699,0.776,0,-5.282,1,0.0293,0.131,5.36e-06,0.205,0.708,103.963,4
2dwrEM3ri4JSc0NOULYo8a,خالتك مو زينة,Nasrat Al Bader,34,-1,-18,SA,2025-06-11,54,False,291224,خالتك مو زينة,2024-11-01,0.595,0.861,0,-6.041,0,0.163,0.676,2.33e-06,0.25,0.611,105.965,4
0LH7rtfnkQy7XuybDKW2iI,ما اسمعك اغاني,Saif Khayoon,35,3,15,SA,2025-06-11,50,False,268084,ما اسمعك اغاني,2015-08-04,0.616,0.721,4,-7.45,0,0.039,0.282,0.0,0.405,0.467,106.084,4
4LkkRLP8pldQer1YRrHwkx,LOS VOLTAJE,"Sayfalse, Yb Wasg'ood, Ariis",36,3,-14,SA,2025-06-11,87,False,99285,LOS VOLTAJE,2025-04-11,0.61,0.938,0,-1.227,0,0.0972,0.00553,0.976,0.658,0.344,115.974,4
4jQj2GzSDoaibN5qTrQh0c,Be My First One,TalkinToys,37,13,13,SA,2025-06-11,54,False,174000,Be My First One,2021-06-30,0.69,0.508,5,-12.663,0,0.0281,0.456,0.000104,0.104,0.403,120.058,4
0cQVqPuHQP4KEwc7ZUQmj6,Sweater Weather,The Neighbourhood,38,12,12,SA,2025-06-11,71,False,240426,I Love You.,2013-04-19,0.613,0.808,10,-2.851,1,0.0346,0.0426,0.0159,0.102,0.38,124.037,4
6Xrjvj35okFHzb8i4vzpoi,بتبعد ليه,Hamzawy,39,-4,-12,SA,2025-06-11,57,False,304796,بتبعد ليه,2025-01-30,0.578,0.811,6,-5.47,1,0.0334,0.382,0.00036,0.343,0.906,75.014,4
7CyPwkp0oE8Ro9Dd5CUDjW,"One Of The Girls (with JENNIE, Lily Rose Depp)","The Weeknd, JENNIE, Lily-Rose Depp",40,7,9,SA,2025-06-11,94,False,244684,The Idol Episode 4 (Music from the HBO Original Series),2023-06-23,0.264,0.64,8,-6.221,1,0.0442,0.0393,2.31e-06,0.151,0.19,84.828,4
42UBPzRMh5yyz0EDPr6fr1,Manchild,Sabrina Carpenter,41,-4,9,SA,2025-06-11,89,True,213645,Manchild,2025-06-05,0.731,0.685,7,-5.087,1,0.0572,0.122,0.0,0.317,0.811,123.01,4
21IYMdzTrzSe191Cy5eMap,Sailor Song,Gigi Perez,42,0,-4,SA,2025-06-11,89,False,211978,"At The Beach, In Every Life",2025-04-25,0.499,0.392,11,-10.441,1,0.0262,0.627,7.1e-05,0.192,0.272,95.076,4
6AI3ezQ4o3HUoP6Dhudph3,Not Like Us,Kendrick Lamar,43,1,-9,SA,2025-06-11,94,True,274192,Not Like Us,2024-05-04,0.898,0.472,1,-7.001,1,0.0776,0.0107,0.0,0.141,0.214,101.061,4
7tI8dRuH2Yc6RuoTjxo4dU,Who,Jimin,44,6,-3,SA,2025-06-11,90,False,170887,MUSE,2024-07-19,0.66,0.756,0,-3.743,0,0.032,0.00289,0.0,0.193,0.838,116.034,4
0vGAjG4vLZmyZvnCWKW0WG,ايباه (ريمكس),Bee Remix,45,-5,-12,SA,2025-06-11,57,False,159168,ايباه (ريمكس),2024-06-11,0.691,0.758,0,-6.106,0,0.0965,0.466,0.0,0.327,0.844,91.207,4
1RnPdd7EKKhKN3E4o4DRsh,MONTAGEM BAILÃO,"Repsaj, ATLXS, Mc Jhey",46,-10,-3,SA,2025-06-11,86,True,103727,MONTAGEM BAILÃO,2025-04-04,0.67,0.976,1,-2.113,1,0.044,0.027,1.59e-06,0.124,0.34,130.103,4
0drVi1UxWlH70g2LkTrkUm,Ghartk El Donyia (2),Farkd El Lourans,47,3,3,SA,2025-06-11,51,False,289413,Ghartk El Donyia,2024-12-02,0.729,0.658,0,-7.777,1,0.0636,0.257,0.0,0.342,0.6,124.992,4
3Ojh6exk7ODqOowjKlhSYt,لماح,Ayed,48,2,2,SA,2025-06-11,53,False,221224,لماح,2024-07-25,0.523,0.801,0,-5.076,1,0.0955,0.264,0.0,0.115,0.616,110.147,3
64bLrZFkl9wQ4sbvuXdzTg,قلو نوز - Gole naz,مارفن,49,-17,-18,SA,2025-06-11,55,False,216944,قلو نوز - Gole naz,2025-01-03,0.508,0.829,4,-7.419,1,0.293,0.75,0.0,0.531,0.665,145.989,3
5EIjpM1B1VsLoKvv2iwd0P,NUNCA MUDA?,"Scythermane, NXGHT!, MC Fabinho da Osk",50,0,-14,SA,2025-06-11,86,False,81500,NUNCA MUDA?,2025-01-09,0.887,0.957,11,-4.03,0,0.0432,0.481,0.69,0.136,0.0932,130.067,4
66elBtZzxgKPrj2FvKrQ3R,Bipolară,"Denis Ramniceanu, Ministerul Manelelor",1,0,0,RO,2025-06-11,66,False,159157,Bipolară,2025-04-21,0.766,0.587,5,-7.143,0,0.117,0.579,1.17e-05,0.104,0.782,94.983,4
0QGHB3naWsYs9Sz70RjkZ2,FARMACISTA,Aerozen,2,0,0,RO,2025-06-11,64,True,142000,Z PRINT,2025-05-16,0.595,0.807,8,-4.96,1,0.137,0.0402,0.000874,0.112,0.423,180.23,4
37h8o6hEV5jdmiNpZkFxRF,Damelo,"Tzanca Uraganu, Mr. Juve",3,0,0,RO,2025-06-11,69,False,157693,Damelo,2025-04-25,0.815,0.783,8,-4.946,1,0.145,0.122,8.03e-05,0.158,0.831,173.894,4
65s5E9OK3p1fER8OCdJjWO,PRIETENA TA,"VANILLA, DZWS, Dj Nattan",4,0,1,RO,2025-06-11,65,True,202220,PRIETENA TA,2025-04-22,0.825,0.419,9,-11.78,0,0.0579,0.662,0.0,0.0846,0.901,129.888,4
2G7zweQ25yC9xHNIGEuvcb,sexyZ,Aerozen,5,0,-1,RO,2025-06-11,62,True,142000,Z PRINT,2025-05-16,0.771,0.649,5,-8.423,1,0.27,0.0376,0.709,0.101,0.32,92.05,4
1yEqRiWmIaETc2FRHn7Jnr,Cât vrei tu,Babasha,6,0,5,RO,2025-06-11,60,False,161142,ATIPIC,2025-04-25,0.931,0.613,1,-5.283,1,0.0879,0.133,8.71e-06,0.0657,0.969,140.033,4
4loUiQ8a84Lu4Ar8KQlPb9,"Doar La Ea, Ba La Ea","Denis Nuca, Letty",7,5,7,RO,2025-06-11,62,False,148500,"Doar La Ea, Ba La Ea",2025-02-14,0.68,0.869,0,-3.337,0,0.0419,0.218,0.0,0.102,0.888,159.931,4
2i0DSjfHPgz3dQUcRbMhag,Iarta-ma Mamo,"Sami G, Johny Romano",8,0,-1,RO,2025-06-11,63,False,151948,Iarta-ma Mamo,2025-04-04,0.758,0.752,0,-6.029,1,0.174,0.19,0.0,0.13,0.724,153.907,4
7rfgRNyDknkGKvy0Oih7Fk,Regele - From Buzz House: The Movie 2,"rares, Tzanca Uraganu, Sheik, rares bebelusul",9,-2,-3,RO,2025-06-11,66,False,160000,Regele (From Buzz House: The Movie 2),2025-03-28,0.937,0.861,1,-6.906,0,0.0488,0.0194,0.0,0.0552,0.965,131.928,4
7cq7xzEWmWWXy2okyYcZmX,Cel mai fericit de pe pǎmânt,rares,10,0,-1,RO,2025-06-11,65,False,190000,Cel mai fericit de pe pǎmânt,2025-04-09,0.774,0.796,6,-3.631,1,0.0508,0.0329,5.73e-06,0.546,0.584,113.977,4
0B0G4rBspOqDL7Ap9pgFm0,Marae,Babasha,11,-2,-3,RO,2025-06-11,66,False,182452,ATIPIC,2025-04-25,0.747,0.745,5,-6.017,0,0.0471,0.0217,1.93e-06,0.119,0.683,128.08,4
2beoq3iRO5pp23aeJlgK87,Tratamente,Babasha,12,2,1,RO,2025-06-11,60,False,153000,ATIPIC,2025-04-25,0.846,0.633,7,-7.877,0,0.0477,0.654,0.00578,0.137,0.961,129.96,4
7rW05NyJEhmDDSmSP0Lt0L,"Îmi place când - From ""Situationship"" The Movie","Lazy Ed, Mario ",13,3,11,RO,2025-06-11,54,False,146938,"Îmi place când (From ""Situationship"" The Movie)",2025-05-30,0.733,0.631,10,-7.753,0,0.189,0.132,0.0,0.214,0.807,97.996,4
5jDcoEETEDGuFlKhPm6eIq,Baklava,"Gya, Babasha",14,-1,1,RO,2025-06-11,64,False,144800,Baklava,2024-04-15,0.736,0.796,6,-2.489,1,0.0432,0.281,0.0,0.16,0.75,149.971,4
06aLLJPPUMin3MitTaSAkP,English Tallava - From BUZZ HOUSE: The Movie 2,Denis Ramniceanu,15,2,33,RO,2025-06-11,54,False,180821,English Tallava (From BUZZ HOUSE: The Movie 2),2025-04-04,0.815,0.929,9,-4.672,0,0.0972,0.188,8.22e-06,0.316,0.966,146.007,4
3BAZCKKEbilNdQgTSLBca9,Păi naa,"Babasha, Ministerul Manelelor",16,-1,0,RO,2025-06-11,62,False,160450,Păi naa,2024-06-01,0.746,0.831,0,-6.021,0,0.038,0.444,0.0107,0.099,0.964,138.953,4
7HVakZQ3Mk7VarnNWjFu1N,China,Dani Mocanu,17,1,1,RO,2025-06-11,63,False,155560,China,2025-04-11,0.868,0.747,4,-3.328,0,0.0527,0.171,0.0,0.18,0.773,89.977,4
3yLZ0xg3XoEwnl773q9Ymc,NUMAI FEMEI,Adrian Norocel,18,7,-1,RO,2025-06-11,60,False,167333,NUMAI FEMEI,2022-06-26,0.735,0.928,9,-3.802,0,0.101,0.465,0.000935,0.283,0.965,180.039,4
7tI8dRuH2Yc6RuoTjxo4dU,Who,Jimin,19,-8,-9,RO,2025-06-11,90,False,170887,MUSE,2024-07-19,0.66,0.756,0,-3.743,0,0.032,0.00289,0.0,0.193,0.838,116.034,4
7CzIPuAZjl1K8wYPOOzHyL,Mercedes,"Iuly Neamtu, Manele Mentolate",20,1,0,RO,2025-06-11,62,False,165269,Mercedes,2024-08-09,0.815,0.865,5,-4.194,0,0.033,0.26,0.0078,0.105,0.959,144.014,4
40kGVC92nyBYVfJth2qvm2,xcx,IDK,21,-1,-9,RO,2025-06-11,61,True,173684,xcx,2025-05-16,0.645,0.723,1,-5.111,0,0.313,0.0991,9e-05,0.167,0.732,76.022,4
2c8UZZFAinUGLdvAAr8VHh,MAKE IT HOT,M.G.L.,22,1,24,RO,2025-06-11,52,True,142978,PLAYBOY CITY,2025-05-30,0.716,0.762,9,-9.152,1,0.15,0.0623,0.0789,0.107,0.706,187.946,4
2KBH4q6ZbXhLf753C8gpV0,S-a lipit de pieptul meu,"Tzanca Uraganu, Costel Biju",23,-4,4,RO,2025-06-11,60,False,218836,S-a lipit de pieptul meu,2025-03-24,0.82,0.826,0,-7.468,1,0.0734,0.0473,1.67e-06,0.263,0.837,160.04,4
0Ju9yyLP0bgxJ9Avn2m28S,Ban pe ban,Dani Mocanu,24,-2,12,RO,2025-06-11,56,False,190416,Ban pe ban,2025-05-09,0.734,0.915,3,-4.594,0,0.0453,0.0732,0.00832,0.356,0.904,149.995,4
2yUZv6utvoeV0B79YSn7pq,Hai sa ne iubim ca nemtii,Dani Mocanu,25,1,3,RO,2025-06-11,61,False,150239,Hai sa ne iubim ca nemtii,2024-07-08,0.822,0.866,0,-4.205,1,0.115,0.00969,0.000596,0.145,0.945,74.977,4
0gOjMBj92rLOX6M134LMMh,"Amo, Amo","Babasha, Ministerul Manelelor",26,-2,0,RO,2025-06-11,61,False,147477,"Amo, Amo",2024-07-05,0.864,0.765,5,-7.233,0,0.0498,0.592,0.00775,0.157,0.555,119.986,4
2vypqMNbxNn7jVrscNxrFZ,SUNETE 2,"andrei, DZWS, BEN",27,0,-4,RO,2025-06-11,57,False,134519,SUNETE 2,2023-06-23,0.88,0.606,1,-10.446,0,0.0772,0.218,0.17,0.0878,0.0758,116.06,4
02vTvq7jbYMUwrTy2YpLCH,De ce te uiți așa?,"Babasha, Antonia",28,5,-7,RO,2025-06-11,56,False,143315,ATIPIC,2025-04-25,0.737,0.634,6,-7.004,0,0.132,0.478,0.000384,0.25,0.626,95.96,4
74ouvojzES41ppFAXSI5FU,DE BINE DE RAU,Raul Ws,29,1,21,RO,2025-06-11,52,True,187500,ELWS,2024-07-08,0.821,0.435,2,-10.924,1,0.436,0.0495,0.0,0.329,0.382,143.985,4
4Cy1wIbi2TGoiCBXE9qBID,Meneaito,"Tzanca Uraganu, Costel Biju",30,6,-5,RO,2025-06-11,62,False,159858,Meneaito,2024-12-13,0.843,0.633,11,-9.798,1,0.0712,0.17,4.28e-05,0.0881,0.39,94.04,4
0pn15mDMGCOICIyWZFH7LD,TE CAUT,RAVA,31,1,19,RO,2025-06-11,49,True,174246,TE CAUT,2025-06-06,0.635,0.412,3,-9.558,0,0.0507,0.848,2.8e-06,0.104,0.391,145.992,4
2AKfAnct7MFEglIueZ7ROM,Vino să te f,Dani Mocanu,32,-4,6,RO,2025-06-11,61,False,180393,Vino să te f,2024-12-14,0.8,0.729,0,-5.232,1,0.0914,0.0577,0.00159,0.327,0.859,164.986,4
7L3E8FxVZwNWdWTg6VThqu,Afacere,Bogdan DLP,33,-4,-14,RO,2025-06-11,61,False,147773,Afacere,2025-02-15,0.67,0.749,8,-3.908,1,0.0627,0.0133,0.0,0.115,0.497,170.007,4
2jE6IfnXw4P4lfgixOADk6,Am un secret,"Alessandra, Babasha",34,4,-12,RO,2025-06-11,62,False,170400,Am un secret,2025-02-27,0.678,0.628,10,-6.778,0,0.0326,0.111,1.6e-05,0.0793,0.59,99.968,4
77IZ7M02qCR7D6PDITwHi5,Vara-i vara,Tzanca Uraganu,35,6,15,RO,2025-06-11,51,False,173679,Vara-i vara,2024-08-12,0.783,0.822,9,-4.0,0,0.0471,0.106,4.82e-06,0.0543,0.86,149.963,4
5On1Z1lSOxRzTQ2N0aOTd6,Să nu uiți cât te-am iubit,Irina Rimes,36,3,-7,RO,2025-06-11,61,False,196285,Să nu uiți cât te-am iubit,2025-02-14,0.607,0.665,1,-6.423,0,0.0947,0.24,1.45e-05,0.252,0.391,139.911,4
6YnNRZZH53YVue4gpk7jYQ,Spania,Dani Mocanu,37,9,0,RO,2025-06-11,59,False,159194,Spania,2024-09-27,0.888,0.906,9,-5.386,0,0.0951,0.0387,8.45e-05,0.858,0.896,132.029,4
3EejJyGv6Dj3V0R28gq3lg,E Wow,Adrian Norocel,38,2,2,RO,2025-06-11,58,False,157674,E Wow,2024-09-26,0.764,0.8,1,-7.001,1,0.0496,0.274,0.00115,0.082,0.951,153.979,4
42UBPzRMh5yyz0EDPr6fr1,Manchild,Sabrina Carpenter,39,6,11,RO,2025-06-11,89,True,213645,Manchild,2025-06-05,0.731,0.685,7,-5.087,1,0.0572,0.122,0.0,0.317,0.811,123.01,4
1CbI1EWcf3KFg4QJsKa3aT,Ciocolata,Tzanca Uraganu,40,3,4,RO,2025-06-11,59,False,169697,Ciocolata,2023-08-09,0.772,0.787,0,-4.405,0,0.097,0.116,0.00123,0.271,0.736,173.993,4
5kFawu0YBiZNktW7Fa2rQO,Mă rupe rău,"Omar Arnaout, Adrian Norocel",41,-7,9,RO,2025-06-11,52,False,128591,Mă rupe rău,2025-04-26,0.849,0.697,0,-5.147,0,0.0371,0.173,3.55e-06,0.182,0.878,111.935,4
7kgl0bzkbUW5hFWtDyx5PZ,KAD!LAC,"CERCEL, lucawts, andrei",42,-7,8,RO,2025-06-11,55,True,149848,CONSTANTA,2024-12-20,0.81,0.797,1,-5.235,1,0.238,0.229,0.0,0.336,0.578,99.324,4
4RF66Ss3CGZWdpM9IImm2v,Prințesa și lăutarul,"Lele, Narcisa, Manele VTM",43,-6,-4,RO,2025-06-11,56,False,210663,Te vreau,2024-07-25,0.799,0.729,9,-8.819,0,0.0336,0.343,1.8e-06,0.131,0.966,139.876,4
26Z2FQ9KFswyX2x7LxhQKs,Caliente,INNA,44,6,6,RO,2025-06-11,63,False,201230,"Party Never Ends, Part 1 (Deluxe Edition)",2013-01-01,0.852,0.727,9,-4.697,0,0.0537,0.0393,0.00268,0.0645,0.815,129.975,4
1R08fu4ZYFsJ7MSWIJnnUj,Tutti Frutii,"Haidin, Marinica Namol",45,-3,5,RO,2025-06-11,47,False,153400,Tutti Frutii,2025-05-20,0.594,0.829,10,-4.85,1,0.0514,0.187,4.18e-05,0.0637,0.61,113.928,3
7votX46q6Osc7afmHgLIIZ,Iartă-mă,Adrian Norocel,46,4,-5,RO,2025-06-11,53,False,145655,Iartă-mă,2025-05-09,0.666,0.73,9,-4.861,0,0.0536,0.0821,2.44e-05,0.245,0.452,145.084,4
4Hnz28zV4yVyc2J7U3ZR0x,FLY,Aerozen,47,1,-15,RO,2025-06-11,54,True,198000,Z PRINT,2025-05-16,0.79,0.909,2,-4.582,1,0.172,0.094,0.0104,0.092,0.664,119.953,5
2RkZ5LkEzeHGRsmDqKwmaJ,Ordinary,Alex Warren,48,1,2,RO,2025-06-11,95,False,186964,"You'll Be Alright, Kid (Chapter 1)",2024-09-26,0.368,0.694,2,-6.141,1,0.06,0.704,6.59e-06,0.055,0.391,168.115,3
6jrg6XKjDtvFGp11a0JQZQ,Gipsy Style,Costel Biju,49,1,1,RO,2025-06-11,57,False,188355,Gipsy Style,2023-03-12,0.792,0.845,9,-3.339,0,0.0615,0.0511,0.000154,0.0574,0.961,157.948,4
67783GIuCTbUfHg7NrL2Tl,Regele Junglei,Dani Mocanu,50,0,0,RO,2025-06-11,59,False,157040,Regele Junglei,2025-02-21,0.81,0.688,5,-5.53,0,0.119,0.0838,0.0,0.325,0.401,97.985,4
7tI8dRuH2Yc6RuoTjxo4dU,Who,Jimin,1,0,0,PY,2025-06-11,90,False,170887,MUSE,2024-07-19,0.66,0.756,0,-3.743,0,0.032,0.00289,0.0,0.193,0.838,116.034,4
7G7mSV4BebkoHWwKTDvXu9,Winter Ahead (with PARK HYO SHIN),"V, Park Hyo Shin",2,0,0,PY,2025-06-11,84,False,234895,Winter Ahead (with PARK HYO SHIN),2024-11-29,0.36,0.316,3,-9.954,1,0.0284,0.858,0.000212,0.23,0.229,76.844,3
6iOndD4OFo7GkaDypWQIou,La Plena - W Sound 05,"W Sound, Beéle, Ovy On The Drums",3,0,0,PY,2025-06-11,95,True,150001,La Plena (W Sound 05),2025-02-19,0.894,0.643,5,-3.485,1,0.132,0.543,0.000984,0.101,0.659,99.039,4
5XtQMHRRNoJpEPGSamUQU3,Soy Albirrojo,Los Albirrojos,4,46,46,PY,2025-06-11,43,False,82813,Soy Albirrojo,2017-10-10,0.481,0.931,7,-5.602,1,0.201,0.151,0.0,0.343,0.416,183.938,4
7d6yK8v8J484SWH5prIQiE,VeLDÁ,"Bad Bunny, Omar Courtz, Dei V",5,0,0,PY,2025-06-11,92,True,235336,DeBÍ TiRAR MáS FOToS,2025-01-05,0.613,0.981,1,-18.638,1,0.149,0.29,0.0023,0.437,0.0337,101.852,3
2yb3lOShiJNnqTNc0yYkXB,Paraguay Tu Papa,Proceres De Mayo,6,44,44,PY,2025-06-11,41,False,132573,Paraguay Tu Papa,2012-07-14,0.509,0.777,9,-8.73,1,0.0672,0.212,7.94e-06,0.143,0.823,143.805,4
5MKbWaXeSQSmzmo7gPQha1,Amor de Vago,"La T y La M, Malandro",7,0,0,PY,2025-06-11,80,False,188423,Amor de Vago,2024-08-23,0.65,0.507,2,-7.27,1,0.111,0.706,2.47e-06,0.0725,0.603,179.984,4
1PREzVLuDT6PSE9sej4wnV,COQUETA,"Fuerza Regida, Grupo Frontera",8,-2,-2,PY,2025-06-11,90,False,241648,MALA MÍA,2024-12-19,0.74,0.819,1,-4.853,0,0.0866,0.244,0.0,0.107,0.884,78.975,4
4DnrAI8WyUY6gkOwl8GlPN,capaz (merengueton),"Alleh, Yorghaki",9,-1,0,PY,2025-06-11,90,False,173858,LA CIUDAD,2024-12-24,0.872,0.614,3,-5.618,0,0.181,0.0815,0.000207,0.135,0.785,126.957,4
1HEwEN64NjgTaHmo7LfkX8,no tiene sentido,Beéle,10,1,9,PY,2025-06-11,89,False,158036,BORONDO,2025-05-15,0.671,0.596,2,-7.565,0,0.0556,0.0871,1.97e-05,0.119,0.497,121.976,4
0DMJz677XfXiiruhIELu2e,VITAMINA,"Jombriel, DFZM, Jøtta",11,-1,-3,PY,2025-06-11,92,False,208743,VITAMINA,2025-02-27,0.815,0.746,10,-4.855,0,0.0528,0.015,2.26e-06,0.056,0.768,92.007,4
27xkOIER6uDLKALIelHylZ,Don’t Say You Love Me,Jin,12,2,-8,PY,2025-06-11,93,False,180716,Echo,2025-05-16,0.729,0.562,8,-5.49,1,0.0304,0.484,0.0,0.105,0.757,111.976,4
2lTm559tuIvatlT1u0JYG2,BAILE INoLVIDABLE,Bad Bunny,13,-4,-3,PY,2025-06-11,96,True,367725,DeBÍ TiRAR MáS FOToS,2025-01-05,0.168,0.00332,10,-46.113,1,0.0615,0.192,0.79,0.112,0.219,119.387,3
4zhk2RS2EZODmBW6il55Qj,mi refe,"Beéle, Ovy On The Drums",14,-1,-1,PY,2025-06-11,85,False,159404,BORONDO,2025-05-15,0.637,0.648,7,-5.306,0,0.271,0.403,5.41e-05,0.119,0.441,123.108,4
4MUrUT38U98olfnyzMBCzm,KLOuFRENS,Bad Bunny,15,-3,-4,PY,2025-06-11,90,True,199114,DeBÍ TiRAR MáS FOToS,2025-01-05,0.326,0.125,1,-32.45,1,0.148,0.703,0.706,0.18,0.306,106.974,4
2N0SPREDYqILVEFSsWF5N5,Love Me Again,V,16,-12,-2,PY,2025-06-11,76,False,182293,Layover,2023-08-11,0.633,0.607,0,-6.182,0,0.0532,0.183,1.38e-06,0.167,0.363,74.029,4
7bywjHOc0wSjGGbj04XbVi,LUNA,"Feid, ATL Jacob",17,2,9,PY,2025-06-11,89,False,196800,FERXXOCALIPSIS,2023-12-01,0.774,0.86,7,-2.888,0,0.13,0.131,0.0,0.116,0.446,100.019,4
3sK8wGT43QFpWrvNQsrQya,DtMF,Bad Bunny,18,-2,-3,PY,2025-06-11,97,True,237117,DeBÍ TiRAR MáS FOToS,2025-01-05,0.625,0.131,7,-27.405,0,0.0717,0.177,0.218,0.0807,0.032,136.02,4
5DdLSEyKh8zgCrJq2hFj92,Yo sé,"Yan Block, TORRRES",19,-4,-7,PY,2025-06-11,86,True,129705,Yo sé,2024-05-23,0.716,0.462,5,-9.847,0,0.128,0.68,0.0,0.132,0.626,136.045,4
6C1RD7YQVvt3YQj0CmuTeu,Diles,"Bad Bunny, Ozuna, Farruko, Arcángel, Ñengo Flow, DJ Luian, Mambo Kingz",20,1,30,PY,2025-06-11,84,True,286040,Diles,2016-08-26,0.813,0.56,2,-5.904,0,0.0618,0.108,0.0,0.268,0.287,118.033,4
6ifUES3keWjwXgae8pXI3o,Me Rehúso,Danny Ocean,21,11,16,PY,2025-06-11,86,False,205714,54+1,2019-03-22,0.744,0.804,1,-6.327,1,0.0677,0.0231,0.0,0.0494,0.426,104.823,4
5q2JbCNi4FcnglgPfxcV65,Sola (Remix),"Anuel AA, Daddy Yankee, Zion & Lennox, Farruko, Wisin",22,0,-1,PY,2025-06-11,82,False,307910,Sola (Remix),2016-12-01,0.639,0.869,11,-4.024,1,0.147,0.27,0.0,0.0802,0.767,169.801,4
31we7ZzWdSBEOKs5Ln6QVF,NUBES,"De La Rose, Omar Courtz",23,1,1,PY,2025-06-11,85,True,271801,NUBES,2025-04-03,0.657,0.666,7,-3.786,1,0.0302,0.243,0.0,0.101,0.19,99.945,4
372WH7eXbJKJX37iYPeqvR,Te Quiero Asi,Lalo Y Los Descalzos,24,1,-2,PY,2025-06-11,61,False,177841,No Hay Problema,2008-08-29,0.721,0.566,11,-8.546,1,0.0325,0.49,2.94e-06,0.189,0.828,74.017,4
2SkB7jADnfiWH8qAE9H8cO,En Privado,"Xavi, Manuel Turizo",25,-7,0,PY,2025-06-11,89,False,199399,En Privado,2025-02-06,0.833,0.863,7,-3.822,1,0.0377,0.111,4.75e-06,0.135,0.91,126.973,4
6J5kc12BW5HuP3d7C3vvx8,EoO,Bad Bunny,26,-9,-8,PY,2025-06-11,94,True,204768,DeBÍ TiRAR MáS FOToS,2025-01-05,0.36,0.464,10,-29.598,0,0.0702,0.749,0.859,0.0825,0.184,63.662,4
2BvPMS2XWfnCpHHvWeOyeC,DETRÁS DE TU ALMA,Mora,27,-4,3,PY,2025-06-11,83,True,237000,LO MISMO DE SIEMPRE,2025-05-18,0.433,0.733,4,-5.54,0,0.128,0.503,0.0,0.244,0.263,89.405,4
3D24ErT1MMmUfXWotSj2A2,ME JALO,"Fuerza Regida, Grupo Frontera",28,-8,-12,PY,2025-06-11,92,True,212002,MALA MÍA,2024-12-19,0.47,0.75,2,-5.887,0,0.112,0.216,0.0,0.169,0.62,79.814,4
3Btqti3QpzZZr6uz5mlNzz,Es un Secreto,Plan B,29,4,7,PY,2025-06-11,74,False,190560,House Of Pleasure,2010-07-20,0.843,0.786,6,-4.938,0,0.0434,0.103,2.41e-06,0.0535,0.502,95.0,4
1YYfyJ2yCvGFCxwjsIqEK9,Khé?,"Rauw Alejandro, Romeo Santos",30,-3,-3,PY,2025-06-11,88,False,206066,Cosa Nuestra,2024-11-15,0.687,0.627,7,-4.975,1,0.181,0.326,0.0,0.0893,0.47,155.865,4
0fea68AdmYNygeTGI4RC18,LA CANCIÓN,"J Balvin, Bad Bunny",31,6,1,PY,2025-06-11,90,False,242573,OASIS,2019-06-28,0.756,0.646,7,-5.795,1,0.319,0.152,1.81e-05,0.108,0.429,176.088,4
1o4xkdBe0RjSf2u6VXi4OI,444,"Yan Block, Panda Black",32,-6,-15,PY,2025-06-11,85,True,175280,444,2024-04-04,0.435,0.61,1,-8.114,0,0.0895,0.152,1.21e-05,0.142,0.22,118.653,5
0Sr7ssScx54yxdM2ols7nW,Q U E V A S H A C E R H O Y ?,"Omar Courtz, De La Rose",33,-5,-2,PY,2025-06-11,86,True,224022,PRIMERA MUSA,2024-09-20,0.56,0.681,6,-6.304,0,0.244,0.103,0.0,0.106,0.388,155.079,4
4AdkryAxDTbgwQdqtFH8qx,Siempre Me Buscabas,Lalo Y Los Descalzos,34,-3,-5,PY,2025-06-11,60,False,218133,Super Cumbias (Remastered),2019-10-26,0.693,0.433,4,-10.062,1,0.118,0.286,0.0,0.273,0.928,162.194,4
59D4DOkspUbWyMmbAPQkxZ,VOY A LLeVARTE PA PR,Bad Bunny,35,-6,-7,PY,2025-06-11,93,True,156364,DeBÍ TiRAR MáS FOToS,2025-01-05,0.148,0.604,7,-35.032,1,0.0588,0.921,0.453,0.405,1e-05,106.295,3
0STW8nw4lNN4TEQ8KmNer6,Parte & Choke,"Jombriel, Alex Krack, Jøtta",36,-2,-16,PY,2025-06-11,84,False,205264,Parte & Choke,2024-11-05,0.728,0.654,5,-3.976,0,0.365,0.00581,0.0,0.131,0.884,117.337,5
0Imc5xRXd0eV9Ln55M1kz6,More,"Zion, Jory Boy, Ken-Y",37,6,3,PY,2025-06-11,67,False,240733,La Fórmula,2023-12-01,0.686,0.78,1,-6.662,0,0.107,0.191,0.0,0.118,0.867,172.059,4
2SPBFiD8iITb8CKJGz1TEQ,111,Yan Block,38,-8,-15,PY,2025-06-11,86,True,153750,111,2025-02-20,0.792,0.498,4,-10.327,0,0.196,0.501,0.165,0.0951,0.14,127.974,4
3vMyng1aXtIT1r8Y0a6hjT,Soy Albirrojo,Los Verduleros,39,11,11,PY,2025-06-11,38,False,192078,Soy Albirrojo,2017-10-10,0.764,0.681,7,-6.331,1,0.0511,0.146,0.0,0.251,0.974,164.057,4
5Nj2UVsxXAvhfYNpcre3al,FAMOSINHA,"Dj Caio Vieira, MC Meno K, Mc Rodrigo do CN",40,-4,10,PY,2025-06-11,81,True,132922,FAMOSINHA,2025-02-28,0.945,0.661,9,-2.343,0,0.356,0.216,0.0,0.0698,0.773,130.069,4
6WatFBLVB0x077xWeoVc2k,Si Antes Te Hubiera Conocido,KAROL G,41,-1,-3,PY,2025-06-11,94,False,195824,Si Antes Te Hubiera Conocido,2024-06-21,0.924,0.668,11,-6.795,1,0.0469,0.446,0.000594,0.0678,0.787,128.027,4
7LABrQFfRYcZUqUwng0Heb,Encantadora,Yandel,42,-7,-3,PY,2025-06-11,83,False,240093,Dangerous,2015-11-06,0.662,0.874,8,-4.509,1,0.0471,0.147,0.0,0.141,0.926,169.943,4
4zbEItKoaRId1vRZkoO0Uh,Imagínate,"Danny Ocean, Kapo",43,-2,0,PY,2025-06-11,88,False,170365,Imagínate,2024-11-07,0.779,0.737,11,-4.667,1,0.109,0.134,0.0,0.0974,0.445,101.923,4
61C7zXd4t2Zuhz6DRwgsLM,Volver,"Piso 21, Marc Anthony, Beéle",44,-5,1,PY,2025-06-11,85,False,232149,Volver,2025-02-06,0.478,0.793,11,-4.449,1,0.387,0.235,0.0,0.146,0.604,92.294,4
2JPctdUgvkQSpnUdfROxvY,Te Quería Ver,"Alemán, Neton Vega",45,-7,-12,PY,2025-06-11,84,False,176129,De Vuelta a las Andadas,2025-05-09,0.807,0.763,4,-5.172,0,0.0624,0.186,1.69e-05,0.0917,0.448,100.033,4
6WJ2QzbVnjmPGKpmb6tmmO,amor de veraNO,La T y La M,46,-1,4,PY,2025-06-11,72,False,198469,amor de veraNO,2025-03-07,0.795,0.656,1,-6.813,0,0.0473,0.63,0.0111,0.366,0.969,82.008,4
6kPCcIAGoTeRrh8qrmKa90,Piel,"Tiago PZK, Ke Personajes",47,1,-1,PY,2025-06-11,77,True,142041,GOTTI A,2024-07-04,0.646,0.907,0,-1.617,1,0.0593,0.422,0.0,0.14,0.816,168.004,4
2iDDnYmaz1HhedjI91fbmp,MOTINHA 2.0 (Mete Marcha) - Remix,"DENNIS, Luísa Sonza, Emilia",48,-2,2,PY,2025-06-11,81,False,118081,MOTINHA 2.0 (Mete Marcha) - Remix,2025-04-24,0.861,0.894,0,-1.306,0,0.13,0.0511,0.0,0.333,0.918,135.078,4
5xSt1wxZobFcLzHrFakv6z,COSAS QUE NO TE DIJE,SAIKO,49,-7,1,PY,2025-06-11,80,False,224725,COSAS QUE NO TE DIJE,2021-09-17,0.616,0.673,2,-3.948,1,0.0327,0.563,0.0,0.122,0.21,99.971,4
32SJM4tQyJHsB8rgVtZURn,WASSUP,Young Miko,50,-6,-16,PY,2025-06-11,87,True,162263,WASSUP,2025-04-25,0.86,0.681,1,-4.757,0,0.0399,0.00481,6.09e-06,0.142,0.656,145.023,4
2RkZ5LkEzeHGRsmDqKwmaJ,Ordinary,Alex Warren,1,0,0,PT,2025-06-11,95,False,186964,"You'll Be Alright, Kid (Chapter 1)",2024-09-26,0.368,0.694,2,-6.141,1,0.06,0.704,6.59e-06,0.055,0.391,168.115,3
12j1Mq9Of1xfONYvGzhayD,Interestelar,Plutonio,2,0,0,PT,2025-06-11,68,False,188593,Carta de Alforria,2024-11-08,0.676,0.621,11,-7.055,0,0.288,0.451,2.19e-06,0.143,0.21,65.301,3
2yMTUaAv55qoTD0JPLodIQ,Pôr do Sol,Vizinhos,3,0,0,PT,2025-06-11,65,False,160625,Pôr do Sol,2025-03-21,0.713,0.487,11,-10.438,1,0.0392,0.349,0.0,0.102,0.521,114.034,4
5Nj2UVsxXAvhfYNpcre3al,FAMOSINHA,"Dj Caio Vieira, MC Meno K, Mc Rodrigo do CN",4,0,5,PT,2025-06-11,81,True,132922,FAMOSINHA,2025-02-28,0.945,0.661,9,-2.343,0,0.356,0.216,0.0,0.0698,0.773,130.069,4
3VSO45erUjYsPi1IFuc43Q,Mussulo (feat. Doddy),"DJ Malvado, DJ Aka-m, DODDY",5,0,1,PT,2025-06-11,70,False,256483,Mussulo (feat. Doddy),2024-12-20,0.893,0.543,8,-5.879,0,0.07,0.115,4.72e-05,0.0919,0.78,124.038,4
31CsSZ9KlQmEu0JvWSkM3j,Deslocado,NAPA,6,0,-2,PT,2025-06-11,79,False,179996,Deslocado,2025-03-10,0.568,0.455,6,-7.931,1,0.0275,0.15,0.00027,0.152,0.412,75.504,4
4Hk1gmBr2KVEXr3hHwSgUi,Mãe Solteira,"DG e Batidão Stronda, Mc Davi, J. Eskine, MC G15",7,3,-2,PT,2025-06-11,85,False,144000,Mãe Solteira,2025-03-03,0.745,0.881,4,-2.964,0,0.0335,0.192,0.0,0.0639,0.967,140.047,4
1UQvRmRhbX3WxSLW3NbUIU,Amar Pela Metade,Calema,8,0,0,PT,2025-06-11,64,False,186922,Voyage (Part III),2024-11-08,0.663,0.564,6,-8.569,0,0.238,0.318,0.0,0.415,0.685,94.84,4
6iOndD4OFo7GkaDypWQIou,La Plena - W Sound 05,"W Sound, Beéle, Ovy On The Drums",9,-2,6,PT,2025-06-11,95,True,150001,La Plena (W Sound 05),2025-02-19,0.894,0.643,5,-3.485,1,0.132,0.543,0.000984,0.101,0.659,99.039,4
2OMkXPz6pHdKJSkzxG0MwZ,Descer,"Kew, Dj LK da Escócia",10,2,1,PT,2025-06-11,85,True,111653,Descer,2025-01-30,0.84,0.72,9,-4.23,1,0.0538,0.143,3.36e-05,0.0587,0.828,130.029,4
3sK8wGT43QFpWrvNQsrQya,DtMF,Bad Bunny,11,-2,-4,PT,2025-06-11,97,True,237117,DeBÍ TiRAR MáS FOToS,2025-01-05,0.625,0.131,7,-27.405,0,0.0717,0.177,0.218,0.0807,0.032,136.02,4
4pOGEJRVOuaa9oyy7qTGf6,Fui Mlk,"Nilo, Mc Paiva ZS, DJ Di Marques, Tropa da W&S, FamousKyo",12,2,0,PT,2025-06-11,83,False,174110,Fui Mlk,2024-11-22,0.635,0.636,5,-3.72,1,0.309,0.636,0.0,0.317,0.691,128.528,4
5ITV0zqzjOYfFWpW0xBmRa,Show Me Love,"WizTheMc, bees & honey",13,0,-3,PT,2025-06-11,94,False,176965,Show Me Love,2025-02-07,0.714,0.691,1,-7.333,1,0.0434,0.0212,0.000292,0.111,0.155,107.15,4
0BUkQGUXgcvf3gdCWYbtnJ,Oh Garota Eu Quero Você Só Pra Mim.,"Oruam, Zé Felipe, MC Tuto, Dj Lc da Roça, Mc Rodrigo do CN, MC K9, mc pl alves",14,2,3,PT,2025-06-11,81,True,166861,Oh Garota Eu Quero Você Só Pra Mim.,2024-12-17,0.905,0.861,11,-2.313,0,0.243,0.0361,1.3e-05,0.0808,0.727,137.195,4
1RnPdd7EKKhKN3E4o4DRsh,MONTAGEM BAILÃO,"Repsaj, ATLXS, Mc Jhey",15,3,16,PT,2025-06-11,86,True,103727,MONTAGEM BAILÃO,2025-04-04,0.67,0.976,1,-2.113,1,0.044,0.027,1.59e-06,0.124,0.34,130.103,4
6qAwPDEkGruLmGooPRL1Gb,Álcool & Prazer,"Deejay Telio, Wet Bed Gang",16,-5,-3,PT,2025-06-11,59,False,263767,Reservado,2025-05-09,0.776,0.679,6,-8.179,0,0.33,0.118,0.0,0.102,0.657,130.011,4
42UBPzRMh5yyz0EDPr6fr1,Manchild,Sabrina Carpenter,17,-2,33,PT,2025-06-11,89,True,213645,Manchild,2025-06-05,0.731,0.685,7,-5.087,1,0.0572,0.122,0.0,0.317,0.811,123.01,4
1X3ltingEVNGRoJf1dvZfQ,Somos Iguais,Plutonio,18,4,-4,PT,2025-06-11,65,False,237679,"Sacrifício: Sangue, Lágrimas, Suor",2019-11-22,0.65,0.699,1,-7.634,1,0.175,0.306,0.000282,0.118,0.568,91.837,4
6WatFBLVB0x077xWeoVc2k,Si Antes Te Hubiera Conocido,KAROL G,19,-2,0,PT,2025-06-11,94,False,195824,Si Antes Te Hubiera Conocido,2024-06-21,0.924,0.668,11,-6.795,1,0.0469,0.446,0.000594,0.0678,0.787,128.027,4
6vBuEFImAx36hDYiYqBtkZ,Alô,"Dillaz, Plutonio",20,3,3,PT,2025-06-11,64,False,211714,O Próprio,2024-02-16,0.569,0.56,9,-7.768,0,0.13,0.691,3.8e-05,0.293,0.754,139.716,4
2ZrC9CTs01XkbFPtLbpHzl,Senta e Cala a Boca,"Mc Jacaré, DJ JHOW BEATS",21,-1,-1,PT,2025-06-11,82,False,147221,Senta e Cala a Boca,2025-02-04,0.568,0.614,4,-1.888,0,0.152,0.434,0.0,0.542,0.46,162.56,5
5nPbKG04fhLkIAjcPFaZq7,I Adore You (feat. Daecolm),"HUGEL, Topic, Arash, Daecolm",22,-3,-1,PT,2025-06-11,89,False,214000,I Adore You (feat. Daecolm),2024-07-19,0.704,0.787,11,-6.751,0,0.0462,0.00926,0.00538,0.159,0.31,119.996,4
1kJml4AvYDxIMcJVt7nYlL,Champions League (feat. Slow J & Gson),"Mizzy Miles, Slow J, Gson",23,-2,1,PT,2025-06-11,61,False,161082,FIM DO NADA,2025-01-31,0.791,0.743,11,-5.043,0,0.271,0.23,0.0,0.199,0.527,145.825,4
5VOhg3dqCqRGWwKXF6DLLW,Bênção (feat. Van Zee & Bispo),"Mizzy Miles, Van Zee, Bispo",24,2,-2,PT,2025-06-11,58,False,205934,FIM DO NADA,2025-01-31,0.67,0.529,10,-7.15,0,0.0664,0.493,5.43e-05,0.209,0.324,90.038,4
17xyLNjsAkAbMRzZl8eOJX,Rebolando,"Kew, Mc Livinho, Dj LK da Escócia",25,-1,-7,PT,2025-06-11,79,False,106685,Rebolando,2025-04-30,0.908,0.965,7,-2.158,1,0.2,0.00569,1.28e-06,0.0608,0.702,135.084,4
1jxQFCC0ukN7AaUwXWK0N8,Tipo Nino Vs Kabrinha,"DJ Biel Divulga, DJ Dozabri, Mc Lekão",26,20,24,PT,2025-06-11,71,True,201230,Tipo Nino Vs Kabrinha,2025-05-31,0.963,0.862,0,-4.335,1,0.234,0.544,0.00158,0.193,0.919,130.113,4
6dOtVTDdiauQNBQEDOtlAB,BIRDS OF A FEATHER,Billie Eilish,27,4,0,PT,2025-06-11,100,False,210373,HIT ME HARD AND SOFT,2024-05-17,0.747,0.507,2,-10.171,1,0.0358,0.2,0.0608,0.117,0.438,104.978,4
3xkHsmpQCBMytMJNiDf3Ii,Beautiful Things,Benson Boone,28,7,-2,PT,2025-06-11,93,False,180304,Fireworks & Rollerblades,2024-04-05,0.472,0.471,10,-5.692,1,0.0603,0.151,0.0,0.14,0.219,105.029,3
7so0lgd0zP2Sbgs2d7a1SZ,Die With A Smile,"Lady Gaga, Bruno Mars",29,3,-4,PT,2025-06-11,91,False,251667,MAYHEM,2025-03-07,0.519,0.601,6,-7.727,0,0.0317,0.289,0.0,0.126,0.498,157.964,3
5TFD2bmFKGhoCRbX61nXY5,NUEVAYoL,Bad Bunny,30,-5,-1,PT,2025-06-11,94,False,183685,DeBÍ TiRAR MáS FOToS,2025-01-05,0.142,0.195,6,-20.024,1,0.139,0.265,0.995,0.204,0.12,137.922,4
35ISBknsCeZQtq66xABI9g,Messy,Lola Young,31,-1,-3,PT,2025-06-11,89,True,284066,This Wasn't Meant For You Anyway,2024-06-21,0.798,0.562,9,-5.913,1,0.0375,0.11,0.00606,0.122,0.647,110.991,4
4jUZymsR3lkia9wkP0o9cX,MTG NA IMAGINAÇÃO - TOPO SESSIONS VOL. 1,"DJ TOPO, Mc Livinho",32,-5,6,PT,2025-06-11,81,False,144923,MTG NA IMAGINAÇÃO (TOPO SESSIONS VOL. 1),2024-09-13,0.64,0.588,2,-0.766,0,0.177,0.605,1.51e-05,0.0979,0.379,162.568,5
0FTmksd2dxiE5e3rWyJXs6,back to friends,sombr,33,8,2,PT,2025-06-11,98,False,199032,back to friends,2024-12-27,0.436,0.723,1,-2.291,1,0.0301,9.37e-05,8.82e-05,0.0929,0.235,92.855,4
0xKBEEJwpjaLn1QhCdyKcf,A Nossa Dança,Calema,34,2,16,PT,2025-06-11,63,False,182500,A Nossa Dança,2023-04-06,0.664,0.692,0,-6.802,1,0.222,0.271,0.0,0.343,0.579,97.926,4
1BJJbSX6muJVF2AK7uH1x4,Move,"Adam Port, Stryv, Keinemusik, Orso, Malachiii",35,-7,-5,PT,2025-06-11,89,False,177598,Move,2024-06-07,0.727,0.782,8,-8.529,0,0.042,0.0563,0.336,0.225,0.655,119.992,4
2Z1DmmPWD3Lm0dWAxMfjxG,Pirocada Quente,"MC Jvila, Mc Negão Original, DJ Dael, DJ Guh Mix",36,2,0,PT,2025-06-11,82,True,195692,Pirocada Quente,2025-01-28,0.882,0.87,11,-1.803,0,0.32,0.319,1.74e-06,0.101,0.75,130.0,4
1HEwEN64NjgTaHmo7LfkX8,no tiene sentido,Beéle,37,3,13,PT,2025-06-11,89,False,158036,BORONDO,2025-05-15,0.671,0.596,2,-7.565,0,0.0556,0.0871,1.97e-05,0.119,0.497,121.976,4
2yWlGEgEfPot0lv3OAjuG3,Just Keep Watching (From F1® The Movie),"Tate McRae, F1 The Album",38,-9,-22,PT,2025-06-11,91,False,142550,Just Keep Watching (From F1® The Movie),2025-05-30,0.656,0.796,9,-5.856,0,0.113,0.0767,0.0,0.509,0.425,129.956,4
05vX30MflAXWQnYkwXbczt,Leva Tudo,"Calema, Dilsinho",39,-2,11,PT,2025-06-11,63,False,191168,Leva Tudo,2025-05-08,0.498,0.733,7,-7.334,0,0.137,0.521,0.0,0.0926,0.8,171.96,4
0qGRWcPOMkkt7edm4wMVRf,País das Maravilhas,Plutonio,40,7,-8,PT,2025-06-11,61,False,245461,Carta de Alforria,2024-11-08,0.701,0.387,8,-10.795,0,0.0955,0.68,0.0,0.361,0.223,98.019,4
2wAmparvQdtQemzY9I8PKv,Y Que Fue?,Don Miguelo,41,1,9,PT,2025-06-11,78,False,163759,EMDP (The Last Album),2024-03-21,0.887,0.654,1,-6.583,1,0.0592,0.0473,0.0165,0.0957,0.871,132.938,4
2lTm559tuIvatlT1u0JYG2,BAILE INoLVIDABLE,Bad Bunny,42,-8,-8,PT,2025-06-11,96,True,367725,DeBÍ TiRAR MáS FOToS,2025-01-05,0.168,0.00332,10,-46.113,1,0.0615,0.192,0.79,0.112,0.219,119.387,3
5ZxHzpxIEr0rxGJN8Jsdjy,1 de Abril,Plutonio,43,1,-6,PT,2025-06-11,62,False,158114,"Sacrifício: Sangue, Lágrimas, Suor",2019-11-22,0.774,0.648,1,-8.196,1,0.209,0.193,0.0,0.0707,0.3,146.044,4
1M7pnSHpd4i5xFE2nUGq2W,Acordar,Plutonio,44,4,-11,PT,2025-06-11,63,False,197862,Acordar,2024-05-24,0.793,0.747,6,-6.632,0,0.0931,0.285,0.000218,0.0873,0.533,100.011,4
0fPOFtS7ZylYKcC9b64cSj,Tata,Slow J,45,-2,5,PT,2025-06-11,62,False,159751,Afro Fado,2023-11-24,0.571,0.718,5,-4.836,1,0.425,0.771,0.0298,0.104,0.491,92.023,4
1VpOT1TfTivUmFjSGSRt1U,Olha pra Cara de Quem Te...,"MC LUUKY, MC Jvila, DJ Dael",46,-13,-4,PT,2025-06-11,81,True,120916,Olha pra Cara de Quem Te...,2025-03-06,0.939,0.701,2,-3.701,1,0.246,0.515,0.000116,0.113,0.863,131.024,4
2LzXPUzL9sgeRl9a5miHMA,OUTRA,"tarisiix, fire hair, WenHard",47,-8,1,PT,2025-06-11,79,True,128000,OUTRA,2025-04-15,0.887,0.5,9,-6.805,0,0.349,0.11,0.0206,0.103,0.58,90.023,3
5AoOD6SAzOOE6jwxvRIBPq,Baile do Panta,"Nego Trufa, Dj TC, DJ Japa NK",48,1,-2,PT,2025-06-11,81,False,129229,Baile do Panta,2025-04-01,0.768,0.543,7,-5.68,0,0.398,0.644,0.0,0.36,0.795,129.799,4
5p1eiAHN5xYAMrSUDKxidI,Te Amo,Calema,49,1,1,PT,2025-06-11,60,False,258223,Yellow,2020-02-07,0.523,0.689,6,-8.764,0,0.136,0.241,0.000174,0.367,0.485,126.148,5
3CvpnVAV75lKCcaTtUTpgW,Se Essa Bunda For Uma Empresa,"Chefin, LB Único",50,0,-10,PT,2025-06-11,79,True,162461,Se Essa Bunda For Uma Empresa,2025-02-18,0.791,0.819,9,-2.283,0,0.188,0.513,0.0,0.0811,0.709,130.005,4
1U7ZU4sJsMDzHSA7n333BJ,CASABLANCA,"Sentino, BNP",1,0,49,PL,2025-06-11,53,False,217850,King Sento 2,2025-06-08,0.591,0.515,0,-8.105,0,0.396,0.272,0.0,0.118,0.627,129.968,4
7eBnyfgpicRCTgGvlwJoMS,Santa Cruz,"Ekipa, MODELKI, Qry, WERSOW, Mortal, Vłodarski, Świeży",2,0,48,PL,2025-06-11,56,False,145403,Santa Cruz,2025-06-08,0.803,0.755,11,-8.291,0,0.211,0.273,0.0,0.238,0.574,124.021,4
51cTY5CXYRwZdAyWFzWsxt,CAŁE LATO,"Sobel, francis",3,0,-1,PL,2025-06-11,76,False,148187,NAPISZ JAK BĘDZIESZ,2025-04-24,0.423,0.687,7,-7.865,0,0.223,0.00571,0.0,0.106,0.254,148.419,4
5AhdjJudenQlp1IrNthII9,LOLA,Żabson,4,0,1,PL,2025-06-11,74,True,166567,HOLLYWOOD SMILE,2025-03-20,0.69,0.601,10,-9.346,1,0.0555,0.005,0.0,0.308,0.153,146.002,4
107Zf6E46a1ipHa3x5Nqlr,samoloty,"Dawid Podsiadło, Kaśka Sochacka, ZORZA",5,0,45,PL,2025-06-11,58,False,244373,tylko haj.,2025-06-06,0.627,0.633,6,-7.179,0,0.0338,0.503,5.62e-05,0.109,0.438,126.058,4
7Lz3Eidz8YjBbK7GHNIn3o,CHA CHA,"Sobel, SHDØW, francis",6,0,-2,PL,2025-06-11,73,False,150545,NAPISZ JAK BĘDZIESZ,2025-04-24,0.719,0.584,1,-12.63,1,0.0941,0.0319,0.0,0.315,0.575,110.01,4
2RkZ5LkEzeHGRsmDqKwmaJ,Ordinary,Alex Warren,7,1,3,PL,2025-06-11,95,False,186964,"You'll Be Alright, Kid (Chapter 1)",2024-09-26,0.368,0.694,2,-6.141,1,0.06,0.704,6.59e-06,0.055,0.391,168.115,3
6ntMlo1XQ9gjiZwd2kGE5U,MARBELLA,"Sentino, BNP, Amadeusz Ferrari",8,1,42,PL,2025-06-11,51,False,170671,King Sento 2,2025-06-08,0.816,0.538,7,-8.905,0,0.158,0.572,0.00048,0.112,0.38,135.025,4
7lK3S48dLraP8kZ18XPTSO,To tylko wiosna,"Mata, Maryla Rodowicz",9,-2,-6,PL,2025-06-11,73,True,234666,To tylko wiosna,2025-05-16,0.703,0.729,1,-6.805,1,0.271,0.0983,0.0,0.0785,0.736,90.326,4
13rD30ryASvBVoq1xdptne,Po mojemu albo po mnie - Nowe Rozdanie | S1,"Zippy Ogar, @atutowy, Nowe Rozdanie",10,0,-4,PL,2025-06-11,69,True,168965,Po mojemu albo po mnie - Nowe Rozdanie | S1,2025-05-29,0.689,0.666,7,-5.377,0,0.234,0.133,0.0,0.315,0.41,155.128,4
3fsukGRaCYqfoQ010VQGcC,Dom Nad Wodą,"Pezet, Auer",11,0,-3,PL,2025-06-11,70,True,195704,Muzyka Komercyjna (Deluxe),2022-12-23,0.47,0.637,9,-8.33,0,0.187,0.17,7.65e-05,0.12,0.554,88.827,4
08gvD5pFucRIkh16bN5qRA,Miss Dior,"MODELKI, Vłodarski",12,4,11,PL,2025-06-11,71,False,123750,Miss Dior,2025-04-03,0.802,0.761,1,-5.208,0,0.0701,0.699,0.0,0.121,0.698,127.997,4
2XjSsK9NKNcojJwzmLdIWG,KOCHASZ?,"Sobel, francis, Deemz",13,2,-1,PL,2025-06-11,67,False,152386,NAPISZ JAK BĘDZIESZ,2025-04-24,0.61,0.685,6,-8.319,1,0.0354,0.189,0.0,0.12,0.583,120.015,4
5LreD4p6buqBGNwV84YsZb,W co ja się wjebałem - Nowe Rozdanie | S1,"po prostu Kajtek, Zippy Ogar, Shelast, matiorzel, Nowe Rozdanie",14,-1,-7,PL,2025-06-11,69,True,186929,W co ja się wjebałem - Nowe Rozdanie | S1,2025-05-15,0.543,0.799,1,-4.786,1,0.373,0.115,0.0,0.105,0.526,145.116,4
4BY3ThfL9Mo43cz6GkrIO3,LABUBU,"Ekipa, FRIZ, Kacper Blonsky, Postirol, Kartonii",15,19,35,PL,2025-06-11,48,True,184500,LABUBU,2025-06-08,0.679,0.764,8,-7.821,0,0.271,0.625,0.0,0.247,0.721,159.921,4
4AajxCEwGEsmHmT4H1TwjY,undressed,sombr,16,1,-1,PL,2025-06-11,96,False,182088,undressed,2025-03-21,0.642,0.887,0,-3.883,1,0.0406,0.137,0.0,0.0829,0.888,115.999,4
2ZBrW0kxfB4vctMPJ03wqI,Potwory i spółka - Nowe Rozdanie | S1,"po prostu Kajtek, Kubi Producent, Nowe Rozdanie",17,-5,-8,PL,2025-06-11,68,True,187176,Potwory i spółka - Nowe Rozdanie | S1,2025-05-29,0.39,0.704,6,-8.22,0,0.0944,0.454,0.0,0.188,0.288,134.789,4
0FTmksd2dxiE5e3rWyJXs6,back to friends,sombr,18,-4,2,PL,2025-06-11,98,False,199032,back to friends,2024-12-27,0.436,0.723,1,-2.291,1,0.0301,9.37e-05,8.82e-05,0.0929,0.235,92.855,4
6zpsWkV2EMMjIJhGE6b62d,Z TYŁU GŁOWY,"Sobel, francis",19,-1,-6,PL,2025-06-11,68,False,170624,NAPISZ JAK BĘDZIESZ,2025-04-24,0.716,0.645,11,-5.92,0,0.0372,0.00642,0.0,0.088,0.34,95.973,4
2yWlGEgEfPot0lv3OAjuG3,Just Keep Watching (From F1® The Movie),"Tate McRae, F1 The Album",20,-1,7,PL,2025-06-11,91,False,142550,Just Keep Watching (From F1® The Movie),2025-05-30,0.656,0.796,9,-5.856,0,0.113,0.0767,0.0,0.509,0.425,129.956,4
7ztpISTetVPoca640QDqZn,Bailando,"Bajorson, Dawid Obserwator, Dj Killer, David Tango",21,0,3,PL,2025-06-11,70,False,222620,Bailando,2025-04-04,0.786,0.837,7,-7.087,0,0.084,0.247,1.64e-06,0.0604,0.87,140.04,4
5ITV0zqzjOYfFWpW0xBmRa,Show Me Love,"WizTheMc, bees & honey",22,0,-4,PL,2025-06-11,94,False,176965,Show Me Love,2025-02-07,0.714,0.691,1,-7.333,1,0.0434,0.0212,0.000292,0.111,0.155,107.15,4
0GRc3eGTg8HBdWLRGYgqIc,Azizam,Ed Sheeran,23,4,-4,PL,2025-06-11,92,False,162029,Azizam,2025-04-04,0.663,0.899,6,-5.103,1,0.0473,0.00255,0.0,0.065,0.876,127.998,4
42UBPzRMh5yyz0EDPr6fr1,Manchild,Sabrina Carpenter,24,1,26,PL,2025-06-11,89,True,213645,Manchild,2025-06-05,0.731,0.685,7,-5.087,1,0.0572,0.122,0.0,0.317,0.811,123.01,4
30Mb1itXAG1HGfQrwF5guj,Opener,"Tax Free, CUZCO$, Dj.Frodo",25,6,0,PL,2025-06-11,66,True,144000,Opener,2025-05-16,0.88,0.649,0,-10.747,0,0.132,0.0121,1.66e-05,0.612,0.608,100.013,4
4WFgvKVfEhb3IUAFGrutTR,Love Me Not,Ravyn Lenae,26,0,4,PL,2025-06-11,91,False,213466,Bird's Eye,2024-08-09,0.779,0.731,0,-6.176,1,0.0306,0.296,0.0,0.128,0.814,114.001,4
4eCh76j61UPiiQXNRaqn5K,Lovestory,White 2115,27,-7,-13,PL,2025-06-11,67,False,162195,Lovestory,2025-05-30,0.686,0.634,1,-7.588,1,0.0312,0.219,0.0,0.216,0.445,123.08,4
0gZ6aSidViW10soPaibyFa,NIE CHCĘ WRACAĆ,"Fukaj, charlie moncler, Hubert.",28,2,13,PL,2025-06-11,64,False,204221,INTERLUDIUM,2025-05-22,0.598,0.71,6,-10.342,0,0.0306,0.088,6.83e-06,0.196,0.171,140.044,4
6g254BzxAtBlpi9wzDcAJ9,nadprzestrzenie,"Dawid Podsiadło, Kaśka Sochacka, ZORZA",29,-6,21,PL,2025-06-11,57,False,273800,tylko haj.,2025-06-06,0.594,0.609,10,-8.141,1,0.0408,0.448,0.145,0.0986,0.18,80.984,4
1ZIscVoYHftgA5STle5cPo,Multisport,"Kaz Bałagane, Oskar83",30,-6,-9,PL,2025-06-11,66,True,179571,A nie mówiłem?,2024-10-04,0.792,0.667,11,-7.165,0,0.186,0.0608,0.0,0.114,0.429,139.886,4
6dOtVTDdiauQNBQEDOtlAB,BIRDS OF A FEATHER,Billie Eilish,31,1,-5,PL,2025-06-11,100,False,210373,HIT ME HARD AND SOFT,2024-05-17,0.747,0.507,2,-10.171,1,0.0358,0.2,0.0608,0.117,0.438,104.978,4
5gdYiLyMA2Q4sD4S8gCmVk,COWABONGA,Żabson,32,-3,-16,PL,2025-06-11,72,True,183018,HOLLYWOOD SMILE,2025-03-20,0.771,0.775,8,-6.298,1,0.185,0.0527,0.0,0.156,0.217,146.977,4
0CbqbY48Q9lmtsc7q0B15a,Bez promo,Młody West,33,-5,-5,PL,2025-06-11,69,True,138857,Bez promo,2025-03-27,0.721,0.596,11,-8.89,1,0.472,0.022,0.0,0.11,0.165,76.089,4
3qD07JJOPiyqjiQeg1wDK3,Szum,Kaśka Sochacka,34,3,-3,PL,2025-06-11,65,False,232171,Ta druga,2024-11-15,0.544,0.703,1,-8.914,1,0.0362,0.0439,0.00347,0.0851,0.455,129.979,4
6esBajH4pfY0i61Vr53QWR,On Me,"MODELKI, Vłodarski",35,6,15,PL,2025-06-11,66,False,128000,On Me,2023-12-07,0.818,0.607,9,-9.827,0,0.186,0.389,2.37e-06,0.099,0.824,150.004,4
7G4wYMAA1C4sgjfUqDiPLf,w kilometrach,"Dawid Podsiadło, Kaśka Sochacka, ZORZA",36,-3,14,PL,2025-06-11,60,False,215560,tylko haj.,2025-06-06,0.768,0.529,4,-8.019,0,0.0552,0.439,1.98e-05,0.0846,0.533,120.038,4
7hDySXTBCluEHbJJaNN8It,To bardzo ziemskie,"Męskie Granie Orkiestra, Ralph Kaminski, Igor Herbut, Natalia Przybysz, Błażej Król",37,-1,13,PL,2025-06-11,60,False,201482,To bardzo ziemskie,2025-06-05,0.623,0.747,4,-6.197,0,0.0428,0.128,0.0,0.58,0.571,123.02,4
72hx2ajymKhQbSZV6WX25L,CHAMPIONS LEAGUE,Kronkel Dom,38,12,-9,PL,2025-06-11,68,False,166809,CHAMPIONS LEAGUE,2025-04-25,0.749,0.848,8,-6.221,0,0.19,0.395,0.0,0.0944,0.725,141.079,4
126sCXH3zr18kbHlKit0sX,NIENAWIDZĘ BYĆ W KLUBIE,"GOMBAO 33, Mata, Wyguś, Tadeo, Szczepan",39,-1,-6,PL,2025-06-11,70,True,164000,NIENAWIDZĘ BYĆ W KLUBIE,2025-02-14,0.676,0.76,8,-8.048,1,0.0583,0.261,0.0,0.265,0.227,120.057,4
3BntzKsnLf2pc0dsvE3Zav,Bad Dreams,Teddy Swims,40,0,-6,PL,2025-06-11,89,False,184577,I've Tried Everything But Therapy (Part 2),2025-01-24,0.707,0.68,8,-6.203,1,0.0884,0.274,0.0,0.0932,0.62,125.058,4
0peRfvtx1Je91FxQtii5DJ,Chyba że z Tobą,"MODELKI, Vłodarski",41,1,9,PL,2025-06-11,68,False,131250,Chyba że z Tobą,2024-04-04,0.739,0.575,11,-10.244,0,0.0396,0.633,0.0361,0.122,0.663,128.056,4
5RUFt3NWCpyYlq27V52LOm,mosty,"Dawid Podsiadło, Kaśka Sochacka, ZORZA",42,-7,8,PL,2025-06-11,59,False,200240,tylko haj.,2025-06-06,0.397,0.432,9,-10.021,1,0.0344,0.792,0.0027,0.0981,0.326,199.943,4
0QCIpQV3twfqo9kh0t8Zza,Shake It To The Max (FLY) - Remix,"MOLIY, Silent Addy, Skillibeng, Shenseea",43,1,6,PL,2025-06-11,93,True,178775,Shake It To The Max (FLY) (Remix),2025-02-21,0.856,0.548,0,-6.609,0,0.123,0.561,0.0,0.155,0.562,97.997,4
6A6537BwTdiRefKxjYyYAD,Nie mogę cię zapomnieć - Radio Edit,Agnieszka Chylińska,44,-1,6,PL,2025-06-11,66,False,202585,Nie Moge Cie Zapomniec,2009-10-02,0.677,0.699,0,-6.432,0,0.0909,0.00671,2.6e-05,0.585,0.627,126.305,4
6pMLpqFEmvZKwPcIC16fdl,Chcę Ciebie częściej,Maciej Skiba,45,0,-9,PL,2025-06-11,69,False,181875,Chcę Ciebie częściej,2025-03-28,0.616,0.413,7,-9.195,1,0.139,0.491,0.0,0.158,0.289,163.811,3
493ORSeExHylEYu7tolox9,Sophia Loren,"Tymek, Urbanski, Tymoteusz",46,1,4,PL,2025-06-11,69,True,169939,Popularne,2021-08-12,0.755,0.634,8,-8.904,0,0.0781,0.73,0.125,0.237,0.611,124.993,4
2FAZskT9yRjp2Oow9szJD8,The Days - NOTION Remix,"Chrystal, NOTION",47,1,-2,PL,2025-06-11,92,False,233229,The Days (NOTION Remix),2024-11-08,0.62,0.843,6,-5.321,0,0.0844,0.0062,4.63e-06,0.55,0.237,137.812,4
2EiWaXhjxMPa1gSXAMj65S,WOW,Fagata,48,-9,-9,PL,2025-06-11,70,True,144000,WOW,2025-03-28,0.791,0.61,2,-9.74,1,0.336,0.0103,0.0,0.0686,0.716,159.98,4
773ryYtshMNAyz6iDtZgLI,Schodki,Mata,49,1,-12,PL,2025-06-11,68,False,235773,100 dni do matury,2020-01-17,0.571,0.667,11,-8.365,0,0.0509,0.0389,0.0136,0.166,0.438,78.031,4
2lszjkyKpER3mEFPQQayZR,Uno Momento,"Majki, Kumi, Major SPZ",50,-4,0,PL,2025-06-11,67,False,138000,Uno Momento,2025-03-13,0.84,0.548,11,-7.636,1,0.34,0.178,0.0,0.0575,0.786,140.038,4
4LMlVCXHJtCE9abhmn0mYo,Pal Pal,"Afusic, AliSoomroMusic",1,0,0,PK,2025-06-11,80,False,147000,Pal Pal,2025-02-17,0.752,0.596,5,-9.177,0,0.0505,0.67,0.00166,0.106,0.249,105.088,4
4XTgFBxBHN6var1BzAgE1m,Jhol,"Maanu, Annural Khalid",2,0,1,PK,2025-06-11,81,False,265817,Jhol,2024-06-14,0.485,0.481,7,-8.145,0,0.0852,0.596,0.0,0.34,0.296,155.368,4
5UGrftqh9U3zKQUt3vs7Ob,Supreme,Shubh,3,0,-1,PK,2025-06-11,85,True,178244,Supreme,2025-04-18,0.743,0.642,8,-3.758,1,0.0482,0.00445,0.0,0.244,0.156,165.966,4
1JioaCninhpfY1filFEIZi,STFU,"AP Dhillon, Shinda Kahlon",4,0,0,PK,2025-06-11,79,False,174810,OKAY STFU,2025-05-02,0.879,0.676,4,-6.284,0,0.0438,0.522,0.0,0.134,0.362,105.007,4
2ZzZ2qwZBWlDKs420hhloc,Maand,"Bayaan, Hasan Raheem, Rovalio",5,0,0,PK,2025-06-11,76,False,185000,Safar,2024-12-12,0.58,0.507,0,-11.262,0,0.0334,0.698,5.52e-05,0.497,0.184,139.842,4
5ThyDv6aRVU8AH4vXQNldF,Finding Her,"Kushagra, Bharath, Saaheal",6,1,0,PK,2025-06-11,88,False,207000,Finding Her,2025-01-29,0.558,0.378,0,-6.419,1,0.0526,0.894,2.32e-06,0.0799,0.44,170.195,3
4Qm7r3ImER8S2Ori1gLMAf,Afsos,"Anuv Jain, AP Dhillon",7,-1,0,PK,2025-06-11,82,False,191752,Afsos,2025-01-31,0.702,0.341,0,-10.612,0,0.0349,0.502,0.0,0.143,0.582,96.94,4
5FDVyL6VahLO3B4T7xRYD9,Qatal,"Guru Randhawa, Sanjoy, Gill Machhrai",8,0,0,PK,2025-06-11,83,False,171789,WITHOUT PREJUDICE,2025-03-28,0.73,0.767,3,-4.147,0,0.152,0.109,1.56e-06,0.168,0.477,95.109,4
08GYLNhKthS3arMdXsveRI,Haseen,"Talwiinder, NDS, Rippy Grewal",9,1,1,PK,2025-06-11,75,False,174545,Haseen,2025-02-23,0.461,0.455,5,-6.819,0,0.16,0.775,0.0,0.104,0.397,175.669,4
75OSVIdR2KPpEmViMt8MX2,Pal Pal (with Talwiinder),"Afusic, Talwiinder, AliSoomroMusic",10,-1,-1,PK,2025-06-11,74,False,208000,Pal Pal (with Talwiinder),2025-04-10,0.73,0.527,5,-8.318,0,0.081,0.696,0.00109,0.243,0.299,105.059,4
0eCajpR75pDW0r64U6hP2x,Jo Tum Mere Ho,Anuv Jain,11,1,1,PK,2025-06-11,85,False,251813,Jo Tum Mere Ho,2024-08-02,0.46,0.302,1,-12.934,0,0.0398,0.661,0.0,0.293,0.176,123.871,5
1hlbywc8Jhl1FFqJxAMabE,Ishq,"Faheem Abdullah, Rauhan Malik, Amir Ameer",12,-1,-1,PK,2025-06-11,81,False,224842,Lost;Found,2024-05-25,0.39,0.558,4,-8.92,0,0.0282,0.499,0.0284,0.173,0.292,94.788,4
2618Fg2I7K5leCzDUhOjbr,Heer,"Ali & Shjr, Haider Ali, Ali Raza",13,0,0,PK,2025-06-11,72,False,250746,Heer,2025-01-30,0.459,0.187,7,-12.514,0,0.0546,0.908,0.00258,0.258,0.367,132.279,4
0fAPcsD7qrEAfO2EH0ce4V,Aura,Shubh,14,0,0,PK,2025-06-11,78,False,165466,Sicario,2025-01-17,0.756,0.595,2,-7.0,1,0.126,0.139,0.000224,0.126,0.311,180.07,4
5rpCUsEfBLIumvrxrahnKF,Wishes,"Hasan Raheem, Umair, Talwiinder",15,2,2,PK,2025-06-11,76,False,218400,"Maybe, It's Love",2023-09-02,0.684,0.531,9,-7.037,0,0.0523,0.669,0.013,0.135,0.613,100.014,4
5wqMM6wOwXmX4rc1C3lUkd,Courtside,"Karan Aujla, Signature By SB",16,-1,0,PK,2025-06-11,81,False,168125,Courtside,2025-05-13,0.664,0.695,6,-4.304,0,0.221,0.0823,0.0,0.214,0.556,86.885,4
4d2jV5fmX6hbRwaRbY39dt,Wavy,"Karan Aujla, Jay Trak",17,-1,3,PK,2025-06-11,82,False,161000,Wavy,2024-11-15,0.567,0.752,7,-3.863,0,0.0798,0.04,0.0,0.144,0.498,90.027,4
7wGgYAOMhhRObOGdWlJ9Hi,Departure Lane,"Talha Anjum, Umair",18,1,3,PK,2025-06-11,72,False,166736,My Terrible Mind,2024-11-29,0.911,0.481,10,-6.275,0,0.269,0.337,5.53e-05,0.0805,0.65,94.979,4
4BGfzLrK6lgvKDjKSU7wrN,Sajde,"Faheem Abdullah, Huzaif Nazar, Aman Moroney",19,3,15,PK,2025-06-11,68,False,460833,Lost;Found,2024-05-25,0.486,0.445,9,-10.623,0,0.0306,0.0477,0.000109,0.0949,0.229,144.025,4
4vHRQnzGcKEtqsLH70tAms,"Raanjhan (From ""Do Patti"")","Sachet-Parampara, Parampara Tandon, Kausar Munir",20,0,2,PK,2025-06-11,87,False,240066,"Raanjhan (From ""Do Patti"")",2024-10-04,0.444,0.49,6,-7.328,1,0.0295,0.809,2.96e-05,0.107,0.2,92.107,4
0OdztoASgKBBNcAgtErk0X,Bikhra,"Abdul Hannan, Rovalio",21,2,-2,PK,2025-06-11,75,False,168300,Bikhra,2022-02-11,0.462,0.371,6,-11.604,0,0.0988,0.794,0.118,0.124,0.187,99.662,4
0REdqbK0A99eKrYF66zSDO,"Main Rahun (From ""Parwarish"") [Original Motion Picture Soundtrack]",Samar Jafri,22,-1,-7,PK,2025-06-11,67,False,205727,"Main Rahun (From ""Parwarish"") [Original Motion Picture Soundtrack]",2025-04-17,0.761,0.368,7,-11.082,1,0.0282,0.796,8.94e-06,0.0823,0.547,109.971,4
5fBghXeYCGIEVuExKytoJ9,Fell For You,Shubh,23,-5,0,PK,2025-06-11,80,False,153466,Sicario,2025-01-17,0.728,0.596,4,-6.803,0,0.0454,0.0985,0.00348,0.0533,0.224,95.006,4
4Q0qVhFQa7j6jRKzo3HDmP,Sapphire,Ed Sheeran,24,4,26,PK,2025-06-11,81,False,179082,Sapphire,2025-06-05,0.631,0.72,1,-6.152,1,0.0655,0.0163,0.0,0.347,0.394,95.011,4
0cUdmruT6kjxa5KpteSdwc,Nahin Milta,Bayaan,25,-1,-7,PK,2025-06-11,75,False,285656,4 Saal,2019-02-01,0.325,0.378,10,-12.695,1,0.0436,0.856,0.000412,0.102,0.242,119.691,4
2oJxsbdvHuzkQ44hoyMsis,"Laal Pari (From ""Housefull 5"")","Yo Yo Honey Singh, Simar Kaur, Alfaaz",26,-1,6,PK,2025-06-11,80,False,256148,"Laal Pari (From ""Housefull 5"")",2025-05-03,0.81,0.759,7,-4.509,1,0.124,0.414,7.35e-05,0.637,0.45,115.063,4
51EAvQ6RYU14VwUaMJHsnD,ROOP,"NAYEL, Hasan Raheem",27,-1,-2,PK,2025-06-11,63,False,152445,ROOP,2024-12-13,0.766,0.706,7,-5.633,1,0.057,0.339,0.655,0.141,0.546,119.979,4
2HI1eYwbbiJGqi0XaeByOI,Shaky,"Sanju Rathod, G-SPXRK",28,-1,22,PK,2025-06-11,78,False,175138,Shaky,2025-04-22,0.796,0.841,9,-2.524,1,0.144,0.144,0.000773,0.183,0.89,108.913,4
4eBvRhTJ2AcxCsbfTUjoRp,Cheques,Shubh,29,4,-2,PK,2025-06-11,80,False,183756,Still Rollin,2023-05-19,0.742,0.627,4,-8.939,0,0.0533,0.262,1.23e-05,0.269,0.356,89.998,4
0TL0LFcwIBF5eX7arDIKxY,Husn,Anuv Jain,30,-1,-2,PK,2025-06-11,80,False,217894,Husn,2023-12-01,0.527,0.376,5,-9.974,1,0.0298,0.682,0.0,0.142,0.24,151.928,4
5xlYVZxEwriP6hetG7QJw7,Old Money,AP Dhillon,31,5,8,PK,2025-06-11,73,False,128098,The Brownprint,2024-08-30,0.866,0.734,4,-3.328,0,0.0696,0.154,0.000307,0.175,0.183,93.01,4
1kKnxDBA03jTlAuZvkIB8r,"Guzaarishein (From ""Parwarish"") - Original Motion Picture Soundtrack","Samar Jafri, Alistair Alvin",32,-1,-8,PK,2025-06-11,62,False,211200,"Guzaarishein (From ""Parwarish"") [Original Motion Picture Soundtrack]",2025-05-20,0.498,0.461,2,-7.582,1,0.0309,0.696,0.0,0.253,0.251,75.026,4
44LaY2y6wRRlSRjsqbKnuU,Jhol - Acoustic,"Maanu, Annural Khalid, Abdullah Siddiqui",33,-3,-7,PK,2025-06-11,67,False,277600,Jhol - Acoustic,2025-03-03,0.463,0.256,0,-13.598,0,0.0513,0.856,0.0,0.0758,0.522,102.152,3
2O0sJTtjLKvMhd7cWyNdbe,Memories,"Hasan Raheem, Justin Bibis, Shehryar Khan",34,3,16,PK,2025-06-11,57,False,158333,Memories,2025-05-23,0.802,0.767,4,-5.657,0,0.0457,0.0563,0.0,0.0819,0.759,107.975,4
5J9L7IbadCt0ivs9xmNrr0,Ranjheya Ve,Zain Zohaib,35,-1,-5,PK,2025-06-11,78,False,278474,Ranjheya Ve,2022-10-13,0.51,0.479,3,-9.007,1,0.0868,0.249,0.0,0.0936,0.4,186.299,4
3FqtduiaqnFYvBgKuc6QWQ,Winning Speech,"Karan Aujla, Seshnolan",36,-1,-7,PK,2025-06-11,79,False,227441,Winning Speech,2024-05-16,0.461,0.78,11,-5.004,0,0.363,0.128,0.0,0.181,0.448,171.285,4
7KQdgW7QzNd9oPoCzjCU76,Bandana,Shubh,37,2,6,PK,2025-06-11,78,False,154666,Bandana,2024-03-29,0.716,0.718,6,-5.348,0,0.148,0.0452,0.0,0.192,0.91,89.906,4
40MgoUXdjPRk27R1Fp7EAp,OBVIOUS (feat. Hasan Raheem),"Umair, Hasan Raheem",38,0,-5,PK,2025-06-11,61,False,195692,ROCKSTAR WITHOUT A GUITAR,2024-04-25,0.76,0.419,1,-11.711,1,0.117,0.368,0.00255,0.113,0.506,130.074,4
1d5lpW3gUyq537iuyrb9Lf,Samjho Na,Aditya Rikhari,39,8,-4,PK,2025-06-11,77,False,172408,Samjho Na,2022-02-10,0.744,0.328,0,-12.535,1,0.231,0.681,0.0002,0.128,0.532,98.923,4
25jtUwCQfXwnxENh8Bvoj4,Water,"Diljit Dosanjh, MixSingh, Raj Ranjodh",40,-8,2,PK,2025-06-11,79,False,196800,Water,2025-02-14,0.81,0.522,6,-6.381,0,0.125,0.406,0.0,0.0778,0.387,100.031,4
3zSSCPpLZ5Oc8nelhhGjKz,Tu hai kahan,AUR,41,3,-1,PK,2025-06-11,70,False,263184,Tu hai kahan,2023-10-16,0.708,0.356,1,-9.738,1,0.075,0.437,6.54e-05,0.112,0.569,83.679,4
2cPUB8EOT6AfJ8oxhyoNXL,Ye Tune Kya Kiya,"Pritam, Javed Bashir",42,-1,8,PK,2025-06-11,82,False,314239,Once Upon Ay Time In Mumbai Dobaara !,2013-07-22,0.578,0.798,7,-6.01,1,0.0699,0.58,0.0,0.111,0.728,91.96,4
6rFckZb1cuJYzsZiGHgqks,52 Bars,"Karan Aujla, Ikky",43,-3,-6,PK,2025-06-11,77,True,214024,Four You,2023-02-04,0.449,0.779,1,-3.321,0,0.205,0.000898,0.0,0.389,0.433,115.231,3
4yQQJ9Tj3DDYG3zgHhEgtq,"Baat (From ""Meem Se Mohabbat"")","Asim Azhar, Qirat Haider",44,-2,-13,PK,2025-06-11,70,False,202916,"Baat (From ""Meem Se Mohabbat"")",2024-12-26,0.66,0.483,11,-6.643,0,0.0314,0.851,4.29e-05,0.0918,0.425,143.896,4
7AsG1F1eMWd17RYan8M3Wm,Dil Nu,"AP Dhillon, Shinda Kahlon",45,5,-7,PK,2025-06-11,76,False,233666,Two Hearts Never Break The Same,2022-10-07,0.811,0.655,1,-7.118,0,0.0353,0.0947,1.63e-06,0.068,0.925,117.979,4
5ZLkihi6DVsHwDL3B8ym1t,One Love,Shubh,46,2,-2,PK,2025-06-11,80,False,159222,One Love,2023-08-18,0.848,0.512,7,-7.757,1,0.118,0.284,0.00645,0.101,0.881,144.926,4
0YQJoDL6f46J0n1rOVkpxJ,Softly,"Karan Aujla, Ikky",47,-1,2,PK,2025-06-11,80,False,155161,Making Memories,2023-08-18,0.735,0.564,8,-7.786,1,0.204,0.191,0.0,0.0791,0.902,92.986,4
4AyKPZ1b7lUlsAOb3aG6tC,Heer,"Afusic, AliSoomroMusic",48,-5,2,PK,2025-06-11,63,False,196363,Heer,2024-10-21,0.734,0.296,5,-12.229,0,0.0608,0.911,0.00107,0.0959,0.615,110.113,4
6YNl1rXbhKvmbMrw9cp3RQ,Faasle,"Kaavish, Quratulain Balouch",49,1,-13,PK,2025-06-11,65,False,311040,Coke Studio Season 10: Episode 2,2017-08-21,0.531,0.468,8,-8.538,1,0.0319,0.176,0.0,0.149,0.322,119.966,4
6nRGPf5tpeJtKpXZO5cgIT,Paro,"Aditya Rikhari, UNPLG'd",50,0,-5,PK,2025-06-11,82,False,70400,Paro,2024-11-12,0.694,0.292,10,-9.85,0,0.139,0.907,0.0,0.143,0.733,150.495,4
5tlb0AxuzsMWL2GtEppXGX,Multo,Cup of Joe,1,0,0,PH,2025-06-11,86,False,237692,Silakbo,2025-01-17,0.473,0.561,11,-7.504,1,0.0445,0.433,0.00455,0.0973,0.442,208.053,4
2Dhdu4YB3y5U3RiIcCJduv,Tibok,Earl Agustin,2,0,0,PH,2025-06-11,85,False,326666,Tibok,2023-06-16,0.568,0.537,10,-9.004,1,0.0263,0.097,0.00261,0.215,0.68,143.974,4
1UPB5rYJ0bzn6mNSoAHrZC,You'll Be in My Heart,NIKI,3,0,0,PH,2025-06-11,93,False,241776,You'll Be In My Heart,2022-09-14,0.486,0.613,9,-8.748,1,0.0394,0.0569,0.00139,0.126,0.633,187.531,4
0FTmksd2dxiE5e3rWyJXs6,back to friends,sombr,4,0,1,PH,2025-06-11,98,False,199032,back to friends,2024-12-27,0.436,0.723,1,-2.291,1,0.0301,9.37e-05,8.82e-05,0.0929,0.235,92.855,4
26gpJidk118QGbNcDqCHbW,My Day,HELLMERRY,5,0,-1,PH,2025-06-11,82,True,229714,My Day,2024-12-21,0.674,0.519,9,-10.047,1,0.028,0.657,0.0,0.277,0.743,105.005,4
2cIxxsxXNvOXNFVvDJpF3x,Dalangin,Earl Agustin,6,0,4,PH,2025-06-11,81,False,252162,Dalangin,2023-02-24,0.445,0.562,9,-8.336,1,0.0314,0.0414,0.0,0.217,0.538,147.887,4
7b89Ffklm3xh4GI37vlZDZ,Tingin,"Cup of Joe, Janine",7,1,-1,PH,2025-06-11,82,False,222298,Tingin,2023-04-28,0.624,0.769,4,-6.277,1,0.0498,0.21,0.000147,0.106,0.466,105.099,4
06IkOr83qPqa3yYvrIjgxp,Sa Bawat Sandali,Amiel Sol,8,2,1,PH,2025-06-11,82,False,302608,Sa Bawat Sandali,2024-12-06,0.591,0.597,5,-8.926,1,0.0297,0.388,0.112,0.569,0.329,138.064,4
7dXZnGGBn9Kfu8NCnrRl3w,Kalimutan Ka,Skusta Clee,9,0,-2,PH,2025-06-11,81,False,288000,Kalimutan Ka,2025-02-12,0.596,0.813,0,-4.862,1,0.0315,0.012,0.0,0.0706,0.763,127.006,4
7vWHppvllFJXdXf0xplZum,Your Universe,Rico Blanco,10,3,11,PH,2025-06-11,77,False,238466,Your Universe,2008-05-15,0.445,0.573,7,-7.309,1,0.0343,0.638,6.69e-06,0.114,0.503,175.985,4
3ubEHwfx9d54LTme8Ft8gp,B4 I LET YOU GO,"Ryouji, CK YG",11,-4,1,PH,2025-06-11,81,False,195250,B4 I LET YOU GO,2025-01-31,0.81,0.562,7,-6.105,1,0.038,0.502,0.0,0.176,0.566,118.044,4
2zbq6eS68i4NIJWekIuW1s,Marilag,Dionela,12,-1,-4,PH,2025-06-11,84,False,157692,Marilag,2024-11-08,0.639,0.583,1,-9.346,1,0.209,0.472,4.14e-06,0.101,0.907,155.92,4
3nqqDo8CcCLke3ZoTgiOKf,The Man Who Can't Be Moved,The Script,13,-1,-2,PH,2025-06-11,87,False,241373,The Script,2008-07-14,0.605,0.629,10,-5.051,1,0.0279,0.437,0.0,0.097,0.308,99.894,4
0HAG6nIiEKd75yGpovuSJQ,Isa lang,Arthur Nery,14,0,-1,PH,2025-06-11,81,False,269256,Isa lang,2021-12-17,0.429,0.464,6,-8.445,0,0.0719,0.783,0.0,0.0846,0.375,121.17,3
0kE1SmlJNLg14dgdo9kJws,Misteryoso,Cup of Joe,15,1,0,PH,2025-06-11,81,False,221641,Misteryoso,2024-05-17,0.723,0.615,8,-5.915,1,0.0548,0.464,0.0,0.102,0.591,133.931,4
2NxnWXho1vkCkuBijDyYNK,Naiilang,Le John,16,-1,34,PH,2025-06-11,77,False,247071,Naiilang,2025-04-25,0.64,0.509,11,-8.549,1,0.0332,0.735,0.00112,0.119,0.256,140.018,4
1imaIe1NEAaWnLF0BY0V6F,sining (feat. Jay R),"Dionela, Jay R",17,0,-3,PH,2025-06-11,82,False,200000,sining (feat. Jay R),2024-06-07,0.65,0.424,9,-11.0,1,0.109,0.438,0.0,0.102,0.403,119.589,4
6FIEuf1JIzmCtach0gXpeG,Tadhana,Up Dharma Down,18,4,6,PH,2025-06-11,79,False,222446,Capacities,2012-12-07,0.685,0.322,6,-13.2,1,0.0369,0.162,0.0299,0.0809,0.508,155.977,4
6Qyc6fS4DsZjB2mRW9DsQs,Iris,The Goo Goo Dolls,19,0,-2,PH,2025-06-11,94,False,289533,Dizzy up the Girl,1998-01-01,0.315,0.715,11,-8.072,0,0.0362,0.00125,7.97e-06,0.0942,0.497,155.925,3
27xkOIER6uDLKALIelHylZ,Don’t Say You Love Me,Jin,20,5,-1,PH,2025-06-11,93,False,180716,Echo,2025-05-16,0.729,0.562,8,-5.49,1,0.0304,0.484,0.0,0.105,0.757,111.976,4
7LnIjqQ777a9YdPQXkAAOy,Nicotine,SAJKA,21,-1,-5,PH,2025-06-11,61,True,120707,Weed&Melodies,2025-05-01,0.615,0.714,8,-6.635,1,0.118,0.601,0.000116,0.159,0.46,128.037,4
6dOtVTDdiauQNBQEDOtlAB,BIRDS OF A FEATHER,Billie Eilish,22,4,6,PH,2025-06-11,100,False,210373,HIT ME HARD AND SOFT,2024-05-17,0.747,0.507,2,-10.171,1,0.0358,0.2,0.0608,0.117,0.438,104.978,4
6HVT2c1ZZdhH1nGFb4AxUJ,Estranghero,Cup of Joe,23,4,10,PH,2025-06-11,78,False,186610,Estranghero,2022-06-10,0.745,0.628,7,-7.449,1,0.0535,0.553,0.0,0.0843,0.803,117.919,4
2CGNAOSuO1MEFCbBRgUzjd,luther (with sza),"Kendrick Lamar, SZA",24,0,-2,PH,2025-06-11,92,False,177598,GNX,2024-11-21,0.707,0.575,2,-7.546,1,0.125,0.251,0.0,0.248,0.576,138.008,4
4g6QB9ktIdyEW5sIfcp71i,Dito Sa'kin,Earl Agustin,25,-4,0,PH,2025-06-11,78,False,330720,Dito Sa'kin,2024-03-15,0.563,0.355,10,-12.259,1,0.0305,0.29,6.57e-06,0.124,0.427,124.864,4
5gQyJNVUEydHMciwhih7EK,Ikot,Over October,26,-8,-6,PH,2025-06-11,74,False,250093,Make Believe,2024-10-01,0.683,0.637,2,-7.783,1,0.0287,0.135,0.00211,0.0847,0.378,107.02,4
4AULw1VRyJP17zMvwgTIUs,Umaasa,Calein,27,9,2,PH,2025-06-11,79,False,335624,Umaasa,2019-06-28,0.627,0.433,9,-9.868,1,0.0232,0.295,0.393,0.332,0.353,96.016,4
4he4CYDhvSPTxQc0e0Le1L,Kung Wala Ka,Hale,28,17,4,PH,2025-06-11,76,False,242813,Hale,2005-01-01,0.502,0.338,7,-7.261,1,0.0263,0.704,0.000887,0.113,0.155,136.355,4
0ZCCbW4Aym7b5QdQUKfVdv,Burnout,Sugarfree,29,-6,5,PH,2025-06-11,77,False,210426,Sa Wakas,2003-01-01,0.673,0.618,7,-7.79,1,0.0314,0.0126,9.83e-06,0.122,0.645,132.426,4
2RdEC8Ff83WkX7kDVCHseE,party 4 u,Charli xcx,30,-1,1,PH,2025-06-11,93,False,296653,how i'm feeling now,2020-05-15,0.579,0.522,1,-8.393,1,0.0993,0.761,1.41e-05,0.655,0.245,79.453,4
0iq4IOcuvSXP3VNTjOLBf1,4:AM,HELLMERRY,31,3,-1,PH,2025-06-11,74,False,228571,4:AM,2023-09-09,0.681,0.538,4,-9.78,0,0.0444,0.694,0.00208,0.114,0.583,104.964,4
1nzcXFlq2lJULOJxCg5vBA,PWEDE BANG?,Hev Abi,32,-1,-6,PH,2025-06-11,76,True,144353,PAUTANG NG PAG-IBIG,2022-01-11,0.652,0.551,3,-9.843,0,0.0255,0.123,0.0,0.116,0.64,97.002,4
42UBPzRMh5yyz0EDPr6fr1,Manchild,Sabrina Carpenter,33,-3,17,PH,2025-06-11,89,True,213645,Manchild,2025-06-05,0.731,0.685,7,-5.087,1,0.0572,0.122,0.0,0.317,0.811,123.01,4
142PiXzA84lmEw2RstFHFa,supernatural,Ariana Grande,34,-6,-11,PH,2025-06-11,87,False,163381,eternal sunshine,2024-03-08,0.58,0.714,8,-6.924,1,0.117,0.0969,0.0,0.16,0.522,76.496,4
4legZBvlei0pwnrzzxMzol,Ikaw Lang,NOBITA,35,8,4,PH,2025-06-11,78,False,263500,Ikaw Lang,2020-06-12,0.513,0.38,11,-11.091,1,0.0336,0.12,0.0,0.0924,0.323,120.952,4
3be9ACTxtcL6Zm4vJRUiPG,blue,yung kai,36,-1,-1,PH,2025-06-11,92,False,214357,blue,2024-08-02,0.746,0.317,4,-11.982,1,0.0342,0.933,0.0186,0.121,0.585,97.49,3
5K7AMlpc4796JRWXb26nCV,I'll Be,Edwin McCain,37,0,0,PH,2025-06-11,77,False,266533,Misguided Roses,1997-01-01,0.371,0.609,11,-5.524,1,0.0295,0.386,0.0,0.104,0.426,136.526,3
06VwVWrnYSTIikz801hGwD,Oksihina,Dionela,38,-5,-11,PH,2025-06-11,80,False,204051,Oksihina,2023-09-08,0.74,0.412,11,-11.124,1,0.0774,0.631,0.0,0.0828,0.561,115.957,4
08hFNg8Oz3lvaAms7qrIif,The Day You Said Goodnight,Hale,39,-7,7,PH,2025-06-11,77,False,291320,Hale,2005-01-01,0.556,0.563,4,-6.591,1,0.032,0.511,0.0,0.119,0.238,134.259,4
2vnd3JVvcLs2LxRFwC6mKu,City Girl,Shanti Dope,40,8,3,PH,2025-06-11,76,False,188976,City Girl,2022-12-02,0.684,0.471,0,-9.995,1,0.0401,0.403,2.96e-05,0.113,0.247,127.026,4
2ADSh3Mp744n2586tpUtIW,Dilaw,Maki,41,3,0,PH,2025-06-11,79,False,192380,Dilaw,2024-05-24,0.652,0.674,9,-5.026,1,0.0276,0.00599,3.5e-06,0.307,0.458,126.004,4
0NJAqnvbF6vzripOB7PclP,Babaero,"gins&melodies, Hev Abi",42,7,5,PH,2025-06-11,76,False,175396,Babaero,2024-01-09,0.866,0.494,8,-7.139,0,0.0827,0.531,0.0,0.118,0.77,121.018,4
285hMzLhJwHVLe9QT9qilk,Breakeven,The Script,43,4,7,PH,2025-06-11,85,False,261426,The Script,2008-07-14,0.63,0.696,10,-4.501,1,0.0242,0.144,0.0,0.0835,0.491,94.034,4
2xCkiGqGMkAIg6fQTag51C,Sino,Unique Salonga,44,-6,0,PH,2025-06-11,76,False,280426,Grandma,2018-08-06,0.676,0.43,11,-10.563,1,0.0232,0.169,0.0309,0.109,0.226,104.982,4
0IuKNTVgn9vapnGU44natX,You'll Be Safe Here,Rico Blanco,45,5,3,PH,2025-06-11,76,False,304000,You'll Be Safe Here,2023-10-13,0.51,0.538,11,-10.393,1,0.0308,0.0916,2.08e-05,0.0973,0.462,74.967,4
0fK7ie6XwGxQTIkpFoWkd1,like JENNIE,JENNIE,46,0,-10,PH,2025-06-11,95,True,123517,Ruby,2025-03-07,0.811,0.743,10,-5.321,0,0.0611,0.281,0.00671,0.0868,0.815,130.019,4
69u8qQcaA3o0A7Ko87juqp,Hanggang Kailan - Umuwi Ka Na Baby,Orange & Lemons,47,3,3,PH,2025-06-11,76,False,261866,Strike Whilst the Iron Is Hot,2005-03-24,0.555,0.674,0,-5.523,1,0.0314,0.116,1.54e-06,0.256,0.395,146.381,4
0DdC92EziGIEN6j7kTCKQX,Unti-Unti,Up Dharma Down,48,-9,2,PH,2025-06-11,76,False,283825,Unti-Unti,2017-02-14,0.629,0.38,2,-8.072,1,0.0323,0.186,0.000407,0.0338,0.655,155.97,4
7so0lgd0zP2Sbgs2d7a1SZ,Die With A Smile,"Lady Gaga, Bruno Mars",49,-7,-4,PH,2025-06-11,91,False,251667,MAYHEM,2025-03-07,0.519,0.601,6,-7.727,0,0.0317,0.289,0.0,0.126,0.498,157.964,3
5rV7xueHNNXaZqOLroaUta,Bulong,December Avenue,50,0,-8,PH,2025-06-11,78,False,270233,Langit Mong Bughaw,2019-12-20,0.499,0.728,9,-5.472,0,0.0313,0.0324,0.0,0.0782,0.351,134.887,4
6iOndD4OFo7GkaDypWQIou,La Plena - W Sound 05,"W Sound, Beéle, Ovy On The Drums",1,0,0,PE,2025-06-11,95,True,150001,La Plena (W Sound 05),2025-02-19,0.894,0.643,5,-3.485,1,0.132,0.543,0.000984,0.101,0.659,99.039,4
1HEwEN64NjgTaHmo7LfkX8,no tiene sentido,Beéle,2,0,0,PE,2025-06-11,89,False,158036,BORONDO,2025-05-15,0.671,0.596,2,-7.565,0,0.0556,0.0871,1.97e-05,0.119,0.497,121.976,4
4zhk2RS2EZODmBW6il55Qj,mi refe,"Beéle, Ovy On The Drums",3,2,2,PE,2025-06-11,85,False,159404,BORONDO,2025-05-15,0.637,0.648,7,-5.306,0,0.271,0.403,5.41e-05,0.119,0.441,123.108,4
2lTm559tuIvatlT1u0JYG2,BAILE INoLVIDABLE,Bad Bunny,4,0,0,PE,2025-06-11,96,True,367725,DeBÍ TiRAR MáS FOToS,2025-01-05,0.168,0.00332,10,-46.113,1,0.0615,0.192,0.79,0.112,0.219,119.387,3
27xkOIER6uDLKALIelHylZ,Don’t Say You Love Me,Jin,5,-2,-2,PE,2025-06-11,93,False,180716,Echo,2025-05-16,0.729,0.562,8,-5.49,1,0.0304,0.484,0.0,0.105,0.757,111.976,4
6ifUES3keWjwXgae8pXI3o,Me Rehúso,Danny Ocean,6,2,2,PE,2025-06-11,86,False,205714,54+1,2019-03-22,0.744,0.804,1,-6.327,1,0.0677,0.0231,0.0,0.0494,0.426,104.823,4
4DnrAI8WyUY6gkOwl8GlPN,capaz (merengueton),"Alleh, Yorghaki",7,-1,0,PE,2025-06-11,90,False,173858,LA CIUDAD,2024-12-24,0.872,0.614,3,-5.618,0,0.181,0.0815,0.000207,0.135,0.785,126.957,4
0DMJz677XfXiiruhIELu2e,VITAMINA,"Jombriel, DFZM, Jøtta",8,-1,-2,PE,2025-06-11,92,False,208743,VITAMINA,2025-02-27,0.815,0.746,10,-4.855,0,0.0528,0.015,2.26e-06,0.056,0.768,92.007,4
1PREzVLuDT6PSE9sej4wnV,COQUETA,"Fuerza Regida, Grupo Frontera",9,0,0,PE,2025-06-11,90,False,241648,MALA MÍA,2024-12-19,0.74,0.819,1,-4.853,0,0.0866,0.244,0.0,0.107,0.884,78.975,4
7bywjHOc0wSjGGbj04XbVi,LUNA,"Feid, ATL Jacob",10,1,6,PE,2025-06-11,89,False,196800,FERXXOCALIPSIS,2023-12-01,0.774,0.86,7,-2.888,0,0.13,0.131,0.0,0.116,0.446,100.019,4
6J5kc12BW5HuP3d7C3vvx8,EoO,Bad Bunny,11,-1,-1,PE,2025-06-11,94,True,204768,DeBÍ TiRAR MáS FOToS,2025-01-05,0.36,0.464,10,-29.598,0,0.0702,0.749,0.859,0.0825,0.184,63.662,4
3sK8wGT43QFpWrvNQsrQya,DtMF,Bad Bunny,12,0,-1,PE,2025-06-11,97,True,237117,DeBÍ TiRAR MáS FOToS,2025-01-05,0.625,0.131,7,-27.405,0,0.0717,0.177,0.218,0.0807,0.032,136.02,4
4zbEItKoaRId1vRZkoO0Uh,Imagínate,"Danny Ocean, Kapo",13,0,4,PE,2025-06-11,88,False,170365,Imagínate,2024-11-07,0.779,0.737,11,-4.667,1,0.109,0.134,0.0,0.0974,0.445,101.923,4
7tI8dRuH2Yc6RuoTjxo4dU,Who,Jimin,14,3,-2,PE,2025-06-11,90,False,170887,MUSE,2024-07-19,0.66,0.756,0,-3.743,0,0.032,0.00289,0.0,0.193,0.838,116.034,4
0Qe2g06yzLBuuSvVmFiweP,Hasta Aquí Llegué,"Nanpa Básico, Beéle",15,1,5,PE,2025-06-11,84,False,188887,Duelo,2024-11-07,0.641,0.657,11,-8.338,0,0.218,0.538,0.0,0.106,0.411,100.016,4
3fmw8iIyQDS2L7nE6Wd0xG,sobelove,Beéle,16,-2,-3,PE,2025-06-11,81,False,131827,BORONDO,2025-05-15,0.756,0.721,8,-4.046,0,0.191,0.36,9.88e-06,0.0794,0.715,111.994,4
1YYfyJ2yCvGFCxwjsIqEK9,Khé?,"Rauw Alejandro, Romeo Santos",17,-2,4,PE,2025-06-11,88,False,206066,Cosa Nuestra,2024-11-15,0.687,0.627,7,-4.975,1,0.181,0.326,0.0,0.0893,0.47,155.865,4
7d6yK8v8J484SWH5prIQiE,VeLDÁ,"Bad Bunny, Omar Courtz, Dei V",18,1,-3,PE,2025-06-11,92,True,235336,DeBÍ TiRAR MáS FOToS,2025-01-05,0.613,0.981,1,-18.638,1,0.149,0.29,0.0023,0.437,0.0337,101.852,3
59D4DOkspUbWyMmbAPQkxZ,VOY A LLeVARTE PA PR,Bad Bunny,19,-1,-1,PE,2025-06-11,93,True,156364,DeBÍ TiRAR MáS FOToS,2025-01-05,0.148,0.604,7,-35.032,1,0.0588,0.921,0.453,0.405,1e-05,106.295,3
6WatFBLVB0x077xWeoVc2k,Si Antes Te Hubiera Conocido,KAROL G,20,2,2,PE,2025-06-11,94,False,195824,Si Antes Te Hubiera Conocido,2024-06-21,0.924,0.668,11,-6.795,1,0.0469,0.446,0.000594,0.0678,0.787,128.027,4
0fea68AdmYNygeTGI4RC18,LA CANCIÓN,"J Balvin, Bad Bunny",21,5,5,PE,2025-06-11,90,False,242573,OASIS,2019-06-28,0.756,0.646,7,-5.795,1,0.319,0.152,1.81e-05,0.108,0.429,176.088,4
2QP041AcWg8PwPIWP95RKN,top diesel,Beéle,22,-2,7,PE,2025-06-11,82,False,189456,BORONDO,2025-05-15,0.825,0.73,5,-4.007,1,0.11,0.144,0.000884,0.0435,0.77,99.995,4
4MUrUT38U98olfnyzMBCzm,KLOuFRENS,Bad Bunny,23,-2,0,PE,2025-06-11,90,True,199114,DeBÍ TiRAR MáS FOToS,2025-01-05,0.326,0.125,1,-32.45,1,0.148,0.703,0.706,0.18,0.306,106.974,4
61C7zXd4t2Zuhz6DRwgsLM,Volver,"Piso 21, Marc Anthony, Beéle",24,0,1,PE,2025-06-11,85,False,232149,Volver,2025-02-06,0.478,0.793,11,-4.449,1,0.387,0.235,0.0,0.146,0.604,92.294,4
0Lahr7sUDdtYnX3n3KobR6,PONTE LOKITA,"Katteyes, Kidd Voodoo, Swift 047",25,-2,-6,PE,2025-06-11,83,True,183673,PONTE LOKITA,2025-02-14,0.771,0.725,7,-3.574,0,0.0592,0.274,3.38e-05,0.0745,0.791,98.019,4
0l0vcZMU7AOeQmUIREoI2U,Qué Pasaría...,"Rauw Alejandro, Bad Bunny",26,2,-2,PE,2025-06-11,91,True,191018,Cosa Nuestra,2024-11-15,0.833,0.563,4,-5.593,0,0.204,0.528,1.27e-05,0.139,0.343,105.008,4
6C1RD7YQVvt3YQj0CmuTeu,Diles,"Bad Bunny, Ozuna, Farruko, Arcángel, Ñengo Flow, DJ Luian, Mambo Kingz",27,3,19,PE,2025-06-11,84,True,286040,Diles,2016-08-26,0.813,0.56,2,-5.904,0,0.0618,0.108,0.0,0.268,0.287,118.033,4
5FLzweTtgQurkLPs0E7uEO,Priti,"Danny Ocean, Sech",28,-3,-14,PE,2025-06-11,87,False,130968,Priti,2025-03-20,0.8,0.681,9,-7.307,1,0.0499,0.163,0.0,0.101,0.523,121.915,4
2JPctdUgvkQSpnUdfROxvY,Te Quería Ver,"Alemán, Neton Vega",29,-2,-2,PE,2025-06-11,84,False,176129,De Vuelta a las Andadas,2025-05-09,0.807,0.763,4,-5.172,0,0.0624,0.186,1.69e-05,0.0917,0.448,100.033,4
0Imc5xRXd0eV9Ln55M1kz6,More,"Zion, Jory Boy, Ken-Y",30,1,20,PE,2025-06-11,67,False,240733,La Fórmula,2023-12-01,0.686,0.78,1,-6.662,0,0.107,0.191,0.0,0.118,0.867,172.059,4
1i1n7hUzCDkXGFqIJSSzom,frente al mar,Beéle,31,-2,-1,PE,2025-06-11,79,False,165178,BORONDO,2025-05-15,0.75,0.682,10,-3.825,1,0.0945,0.168,1.28e-06,0.112,0.618,100.036,4
4OwhwvKESFtuu06dTgct7i,Tiroteo - Remix,"Marc Seguí, Rauw Alejandro, Pol Granch",32,3,18,PE,2025-06-11,84,False,321555,Tiroteo (Remix),2021-04-01,0.75,0.522,9,-7.018,1,0.0293,0.282,0.0,0.0743,0.601,110.427,4
6DUdDIRgLqCGq1DwkNWQTN,Borro Cassette,Maluma,33,5,14,PE,2025-06-11,85,False,207306,"Pretty Boy, Dirty Boy",2015-10-30,0.73,0.701,5,-5.885,0,0.106,0.132,0.0,0.151,0.785,175.95,4
5DdLSEyKh8zgCrJq2hFj92,Yo sé,"Yan Block, TORRRES",34,-2,-3,PE,2025-06-11,86,True,129705,Yo sé,2024-05-23,0.716,0.462,5,-9.847,0,0.128,0.68,0.0,0.132,0.626,136.045,4
1vZoaMFn2gv3v7tEUBfRsK,Oh Que Lokazo,"Cajo, George F",35,10,15,PE,2025-06-11,60,False,143701,Oh Que Lokazo,2025-05-14,0.445,0.739,11,-5.802,0,0.302,0.231,0.0,0.232,0.379,89.452,4
6VfL3MEuYeJbDlD8m011HR,quédate,Beéle,36,1,-4,PE,2025-06-11,83,False,176481,BORONDO,2025-05-15,0.608,0.633,0,-4.609,0,0.137,0.294,2.04e-05,0.143,0.549,111.888,5
5TFD2bmFKGhoCRbX61nXY5,NUEVAYoL,Bad Bunny,37,-4,-3,PE,2025-06-11,94,False,183685,DeBÍ TiRAR MáS FOToS,2025-01-05,0.142,0.195,6,-20.024,1,0.139,0.265,0.995,0.204,0.12,137.922,4
7so0lgd0zP2Sbgs2d7a1SZ,Die With A Smile,"Lady Gaga, Bruno Mars",38,-4,-3,PE,2025-06-11,91,False,251667,MAYHEM,2025-03-07,0.519,0.601,6,-7.727,0,0.0317,0.289,0.0,0.126,0.498,157.964,3
6OCNg7QchXJMww1LHMjIzb,Hiekka,"Nicky Jam, Beéle",39,-3,-3,PE,2025-06-11,86,False,213333,Hiekka,2025-05-02,0.724,0.726,4,-4.077,0,0.0416,0.0451,0.0,0.12,0.332,107.865,4
3Btqti3QpzZZr6uz5mlNzz,Es un Secreto,Plan B,40,-1,-1,PE,2025-06-11,74,False,190560,House Of Pleasure,2010-07-20,0.843,0.786,6,-4.938,0,0.0434,0.103,2.41e-06,0.0535,0.502,95.0,4
5QjmUqgpPQgXgg4606DqZF,UWAIE,Kapo,41,1,1,PE,2025-06-11,85,False,172427,UWAIE,2024-08-15,0.705,0.783,9,-4.783,0,0.0403,0.138,0.0,0.0984,0.454,103.001,4
2J9B63FawlTaPdg4eH5X03,Loco,Beéle,42,8,8,PE,2025-06-11,82,False,204000,Loco,2019-08-08,0.82,0.565,6,-5.965,1,0.17,0.158,2.45e-05,0.0469,0.773,105.11,4
1C7NXX8UJ6pgNx8EkmyZDd,si te pillara,Beéle,43,7,7,PE,2025-06-11,79,False,184547,BORONDO,2025-05-15,0.503,0.673,5,-5.594,1,0.0773,0.59,0.0,0.396,0.343,103.814,4
6dOtVTDdiauQNBQEDOtlAB,BIRDS OF A FEATHER,Billie Eilish,44,-4,0,PE,2025-06-11,100,False,210373,HIT ME HARD AND SOFT,2024-05-17,0.747,0.507,2,-10.171,1,0.0358,0.2,0.0608,0.117,0.438,104.978,4
2gmd7lY3QSzLh0xIY4cRvi,SE ME OLVIDA,"Maisak, Feid",45,-1,3,PE,2025-06-11,82,True,225373,SE ME OLVIDA,2024-08-23,0.786,0.707,7,-4.386,0,0.0635,0.0399,0.0,0.121,0.691,82.045,4
1o4xkdBe0RjSf2u6VXi4OI,444,"Yan Block, Panda Black",46,3,-6,PE,2025-06-11,85,True,175280,444,2024-04-04,0.435,0.61,1,-8.114,0,0.0895,0.152,1.21e-05,0.142,0.22,118.653,5
32SJM4tQyJHsB8rgVtZURn,WASSUP,Young Miko,47,-4,-10,PE,2025-06-11,87,True,162263,WASSUP,2025-04-25,0.86,0.681,1,-4.757,0,0.0399,0.00481,6.09e-06,0.142,0.656,145.023,4
0JY2QXSvlpA8DZwgaAYWlY,Solcito,"Miguel Bueno, Juan Duque",48,2,2,PE,2025-06-11,0,False,144000,Solcito,2025-03-13,0.766,0.576,8,-8.165,0,0.101,0.307,0.00035,0.351,0.773,99.968,4
77dMSg2VHi2wwXjXNrmcrZ,Nena Maldición (feat. Lenny Tavárez),"Paulo Londra, Lenny Tavárez",49,1,1,PE,2025-06-11,79,False,227518,Homerun,2019-05-23,0.566,0.531,6,-6.635,1,0.0716,0.192,0.0,0.179,0.367,118.96,4
1zxqmOsOZPSrmC8Npve54s,SORRY 4 THAT MUCH - Bonus Track,Feid,50,-9,0,PE,2025-06-11,54,True,207741,FERXXO VOL X: Sagrado,2025-06-09,0.818,0.683,7,-4.48,1,0.0726,0.0381,0.0,0.305,0.606,93.028,4
1HEwEN64NjgTaHmo7LfkX8,no tiene sentido,Beéle,1,0,0,PA,2025-06-11,89,False,158036,BORONDO,2025-05-15,0.671,0.596,2,-7.565,0,0.0556,0.0871,1.97e-05,0.119,0.497,121.976,4
6iOndD4OFo7GkaDypWQIou,La Plena - W Sound 05,"W Sound, Beéle, Ovy On The Drums",2,0,0,PA,2025-06-11,95,True,150001,La Plena (W Sound 05),2025-02-19,0.894,0.643,5,-3.485,1,0.132,0.543,0.000984,0.101,0.659,99.039,4
2QP041AcWg8PwPIWP95RKN,top diesel,Beéle,3,0,2,PA,2025-06-11,82,False,189456,BORONDO,2025-05-15,0.825,0.73,5,-4.007,1,0.11,0.144,0.000884,0.0435,0.77,99.995,4
4zhk2RS2EZODmBW6il55Qj,mi refe,"Beéle, Ovy On The Drums",4,0,0,PA,2025-06-11,85,False,159404,BORONDO,2025-05-15,0.637,0.648,7,-5.306,0,0.271,0.403,5.41e-05,0.119,0.441,123.108,4
6VfL3MEuYeJbDlD8m011HR,quédate,Beéle,5,0,-2,PA,2025-06-11,83,False,176481,BORONDO,2025-05-15,0.608,0.633,0,-4.609,0,0.137,0.294,2.04e-05,0.143,0.549,111.888,5
3fmw8iIyQDS2L7nE6Wd0xG,sobelove,Beéle,6,0,0,PA,2025-06-11,81,False,131827,BORONDO,2025-05-15,0.756,0.721,8,-4.046,0,0.191,0.36,9.88e-06,0.0794,0.715,111.994,4
1C7NXX8UJ6pgNx8EkmyZDd,si te pillara,Beéle,7,0,7,PA,2025-06-11,79,False,184547,BORONDO,2025-05-15,0.503,0.673,5,-5.594,1,0.0773,0.59,0.0,0.396,0.343,103.814,4
0Qe2g06yzLBuuSvVmFiweP,Hasta Aquí Llegué,"Nanpa Básico, Beéle",8,0,-1,PA,2025-06-11,84,False,188887,Duelo,2024-11-07,0.641,0.657,11,-8.338,0,0.218,0.538,0.0,0.106,0.411,100.016,4
3XRcKdimtI5CXVmQhwbLOJ,CUBANA,Valentino GRM,9,0,3,PA,2025-06-11,54,True,180000,CUBANA,2025-05-22,0.672,0.528,1,-5.141,1,0.323,0.561,3.68e-05,0.146,0.397,87.401,4
61C7zXd4t2Zuhz6DRwgsLM,Volver,"Piso 21, Marc Anthony, Beéle",10,0,1,PA,2025-06-11,85,False,232149,Volver,2025-02-06,0.478,0.793,11,-4.449,1,0.387,0.235,0.0,0.146,0.604,92.294,4
3UB1zEUQBh9Ff1emup6gvW,Woy,"Josuan, Eshconinco",11,1,31,PA,2025-06-11,49,False,204190,Woy,2025-05-26,0.718,0.575,6,-6.681,1,0.0883,0.659,0.000131,0.184,0.523,86.957,4
4zbEItKoaRId1vRZkoO0Uh,Imagínate,"Danny Ocean, Kapo",12,1,3,PA,2025-06-11,88,False,170365,Imagínate,2024-11-07,0.779,0.737,11,-4.667,1,0.109,0.134,0.0,0.0974,0.445,101.923,4
4DnrAI8WyUY6gkOwl8GlPN,capaz (merengueton),"Alleh, Yorghaki",13,4,6,PA,2025-06-11,90,False,173858,LA CIUDAD,2024-12-24,0.872,0.614,3,-5.618,0,0.181,0.0815,0.000207,0.135,0.785,126.957,4
2BvPMS2XWfnCpHHvWeOyeC,DETRÁS DE TU ALMA,Mora,14,6,6,PA,2025-06-11,83,True,237000,LO MISMO DE SIEMPRE,2025-05-18,0.433,0.733,4,-5.54,0,0.128,0.503,0.0,0.244,0.263,89.405,4
6OCNg7QchXJMww1LHMjIzb,Hiekka,"Nicky Jam, Beéle",15,0,-2,PA,2025-06-11,86,False,213333,Hiekka,2025-05-02,0.724,0.726,4,-4.077,0,0.0416,0.0451,0.0,0.12,0.332,107.865,4
18m5dJOPB2geFwOymXNaWg,AURORA,"Mora, De La Rose",16,0,-8,PA,2025-06-11,85,True,192853,LO MISMO DE SIEMPRE,2025-05-18,0.595,0.761,11,-4.966,0,0.042,0.592,0.0,0.202,0.367,111.926,4
1i1n7hUzCDkXGFqIJSSzom,frente al mar,Beéle,17,1,0,PA,2025-06-11,79,False,165178,BORONDO,2025-05-15,0.75,0.682,10,-3.825,1,0.0945,0.168,1.28e-06,0.112,0.618,100.036,4
1k7wYVm9FBqRIdG5zSdXxE,Si Te Vas,"BARBEL, Yemil, Focking Rafita, BCA, Sech, Jorkan, Tachi, Valentino GRM, Eiby, Kaih, Justin Quiles",18,4,-2,PA,2025-06-11,60,True,365842,Si Te Vas,2025-04-18,0.732,0.794,5,-2.827,0,0.109,0.221,0.0,0.381,0.639,95.012,4
2lTm559tuIvatlT1u0JYG2,BAILE INoLVIDABLE,Bad Bunny,19,0,-1,PA,2025-06-11,96,True,367725,DeBÍ TiRAR MáS FOToS,2025-01-05,0.168,0.00332,10,-46.113,1,0.0615,0.192,0.79,0.112,0.219,119.387,3
27xkOIER6uDLKALIelHylZ,Don’t Say You Love Me,Jin,20,-9,-10,PA,2025-06-11,93,False,180716,Echo,2025-05-16,0.729,0.562,8,-5.49,1,0.0304,0.484,0.0,0.105,0.757,111.976,4
5FLzweTtgQurkLPs0E7uEO,Priti,"Danny Ocean, Sech",21,-7,-12,PA,2025-06-11,87,False,130968,Priti,2025-03-20,0.8,0.681,9,-7.307,1,0.0499,0.163,0.0,0.101,0.523,121.915,4
7d6yK8v8J484SWH5prIQiE,VeLDÁ,"Bad Bunny, Omar Courtz, Dei V",22,-1,-1,PA,2025-06-11,92,True,235336,DeBÍ TiRAR MáS FOToS,2025-01-05,0.613,0.981,1,-18.638,1,0.149,0.29,0.0023,0.437,0.0337,101.852,3
0JY2QXSvlpA8DZwgaAYWlY,Solcito,"Miguel Bueno, Juan Duque",23,27,27,PA,2025-06-11,0,False,144000,Solcito,2025-03-13,0.766,0.576,8,-8.165,0,0.101,0.307,0.00035,0.351,0.773,99.968,4
4MUrUT38U98olfnyzMBCzm,KLOuFRENS,Bad Bunny,24,-1,2,PA,2025-06-11,90,True,199114,DeBÍ TiRAR MáS FOToS,2025-01-05,0.326,0.125,1,-32.45,1,0.148,0.703,0.706,0.18,0.306,106.974,4
3sK8wGT43QFpWrvNQsrQya,DtMF,Bad Bunny,25,2,5,PA,2025-06-11,97,True,237117,DeBÍ TiRAR MáS FOToS,2025-01-05,0.625,0.131,7,-27.405,0,0.0717,0.177,0.218,0.0807,0.032,136.02,4
63GtSPbCOhcpt3kUqx3DnT,Psicólogo,Valentino GRM,26,4,2,PA,2025-06-11,55,False,220000,Psicólogo,2025-04-15,0.7,0.684,0,-5.483,0,0.458,0.149,0.0074,0.0392,0.808,112.073,5
4feh4Ak3ZJfC6ibxkNzlkE,orióN,"Boza, ELENA ROSE",27,2,5,PA,2025-06-11,76,False,240964,SAN BLAS,2025-04-23,0.857,0.705,1,-4.775,1,0.183,0.322,0.00249,0.197,0.875,105.011,4
6J5kc12BW5HuP3d7C3vvx8,EoO,Bad Bunny,28,-2,-4,PA,2025-06-11,94,True,204768,DeBÍ TiRAR MáS FOToS,2025-01-05,0.36,0.464,10,-29.598,0,0.0702,0.749,0.859,0.0825,0.184,63.662,4
7bywjHOc0wSjGGbj04XbVi,LUNA,"Feid, ATL Jacob",29,10,21,PA,2025-06-11,89,False,196800,FERXXOCALIPSIS,2023-12-01,0.774,0.86,7,-2.888,0,0.13,0.131,0.0,0.116,0.446,100.019,4
5QjmUqgpPQgXgg4606DqZF,UWAIE,Kapo,30,7,5,PA,2025-06-11,85,False,172427,UWAIE,2024-08-15,0.705,0.783,9,-4.783,0,0.0403,0.138,0.0,0.0984,0.454,103.001,4
49MGvf2N9WkcZV2bwUj3XO,Benjamin,"Don Pablo Mures, Yemil, El Boys C",31,0,0,PA,2025-06-11,55,False,251428,Benjamin,2025-02-17,0.551,0.83,11,-4.846,0,0.244,0.424,0.0123,0.341,0.602,103.987,4
3jAshemiRYWukWLtT3Ivrb,SOLEAO,"Myke Towers, Quevedo",32,0,18,PA,2025-06-11,82,False,218305,SOLEAO,2025-05-29,0.738,0.606,5,-5.175,0,0.0603,0.253,1.11e-05,0.105,0.628,104.131,4
2yZxiXTqVtfLsGxHuDZqDI,SI TE PEGO - Remix,"Valentino GRM, JEYSON, Yemil, Akim, Don Pablo Mures, SMILE BEATS",33,0,-4,PA,2025-06-11,56,True,314000,SI TE PEGO (Remix),2025-02-23,0.861,0.652,5,-7.65,0,0.343,0.172,0.0,0.793,0.794,104.722,4
51YOvMn0xShoUKDdPecFbb,morena (Bonus Track),Beéle,34,-6,-7,PA,2025-06-11,76,False,188930,BORONDO,2025-05-15,0.737,0.682,9,-6.149,1,0.13,0.155,0.0,0.227,0.676,104.107,4
6WatFBLVB0x077xWeoVc2k,Si Antes Te Hubiera Conocido,KAROL G,35,6,1,PA,2025-06-11,94,False,195824,Si Antes Te Hubiera Conocido,2024-06-21,0.924,0.668,11,-6.795,1,0.0469,0.446,0.000594,0.0678,0.787,128.027,4
59D4DOkspUbWyMmbAPQkxZ,VOY A LLeVARTE PA PR,Bad Bunny,36,0,2,PA,2025-06-11,93,True,156364,DeBÍ TiRAR MáS FOToS,2025-01-05,0.148,0.604,7,-35.032,1,0.0588,0.921,0.453,0.405,1e-05,106.295,3
5Ny4ZC20IKrNwlRdRK3cEi,Super Bowl,"Don Pablo Mures, LH, JEYSON, Yemil, Danny Yash, Quimico Ultra Mega, K4G",37,-3,13,PA,2025-06-11,47,True,264902,Super Bowl,2025-05-22,0.673,0.883,4,-2.591,0,0.248,0.235,0.0,0.879,0.528,104.903,4
4Hkp1TiYqGYhknFwtUsbqd,ME GUSTAS CC,ROA,38,-3,1,PA,2025-06-11,79,True,173573,Private Suite (Vol. 2),2024-12-13,0.337,0.818,5,-5.261,0,0.149,0.303,0.000159,0.111,0.457,87.429,5
6xjW0WgfQLNunLGTSwZ5hA,i miss you,Beéle,39,-1,-2,PA,2025-06-11,72,False,173529,BORONDO,2025-05-15,0.511,0.549,10,-4.845,0,0.0788,0.156,0.0,0.213,0.108,124.041,5
31we7ZzWdSBEOKs5Ln6QVF,NUBES,"De La Rose, Omar Courtz",40,2,0,PA,2025-06-11,85,True,271801,NUBES,2025-04-03,0.657,0.666,7,-3.786,1,0.0302,0.243,0.0,0.101,0.19,99.945,4
1o4xkdBe0RjSf2u6VXi4OI,444,"Yan Block, Panda Black",41,2,-8,PA,2025-06-11,85,True,175280,444,2024-04-04,0.435,0.61,1,-8.114,0,0.0895,0.152,1.21e-05,0.142,0.22,118.653,5
1YYfyJ2yCvGFCxwjsIqEK9,Khé?,"Rauw Alejandro, Romeo Santos",42,2,6,PA,2025-06-11,88,False,206066,Cosa Nuestra,2024-11-15,0.687,0.627,7,-4.975,1,0.181,0.326,0.0,0.0893,0.47,155.865,4
10MpBpx64MNixmUMNj7f6b,LATINA FOREVA,KAROL G,43,-3,-20,PA,2025-06-11,88,True,159452,LATINA FOREVA,2025-05-22,0.806,0.715,1,-3.539,0,0.0538,0.0115,0.0,0.0756,0.5,97.936,4
7Jw88gAPxTaM8GWMAJV97A,QUE ME PEGUE +,"Farah, Don Pablo Mures, Italian Somali",44,4,6,PA,2025-06-11,45,False,159183,QUE ME PEGUE +,2025-05-26,0.804,0.602,10,-6.431,1,0.0568,0.798,0.0,0.612,0.522,98.004,4
5TFD2bmFKGhoCRbX61nXY5,NUEVAYoL,Bad Bunny,45,0,0,PA,2025-06-11,94,False,183685,DeBÍ TiRAR MáS FOToS,2025-01-05,0.142,0.195,6,-20.024,1,0.139,0.265,0.995,0.204,0.12,137.922,4
5DdLSEyKh8zgCrJq2hFj92,Yo sé,"Yan Block, TORRRES",46,0,-3,PA,2025-06-11,86,True,129705,Yo sé,2024-05-23,0.716,0.462,5,-9.847,0,0.128,0.68,0.0,0.132,0.626,136.045,4
43J20QsNeYhG23RcLHIGIn,Korazong,Kapo,47,-23,3,PA,2025-06-11,68,False,174048,Korazong,2025-06-05,0.916,0.532,4,-8.82,1,0.0807,0.506,0.0191,0.103,0.834,102.021,4
6Hwrtc7dKqrC8N8fClaIP7,HOCO en la U (¿que hubo?),JoshuaLife,48,2,2,PA,2025-06-11,13,False,233040,HOCO en la U (¿que hubo?),2024-09-06,0.749,0.724,2,-6.058,1,0.0958,0.195,0.00312,0.0966,0.418,105.017,4
71LrvCBBn4q500OuayF7OK,FAVELA,"Valentino GRM, SMILE BEATS",49,1,-3,PA,2025-06-11,56,True,183958,FAVELA,2024-08-21,0.688,0.755,8,-5.914,1,0.198,0.293,0.0,0.484,0.377,105.998,4
3Ob9NJaBlOGDvndnG6G2PW,MÁS QUE ALGO,"Mora, Omar Courtz",50,-1,-25,PA,2025-06-11,82,True,242306,LO MISMO DE SIEMPRE,2025-05-18,0.564,0.619,7,-6.331,1,0.0495,0.737,0.0,0.122,0.403,103.05,4
2RkZ5LkEzeHGRsmDqKwmaJ,Ordinary,Alex Warren,1,0,0,NZ,2025-06-11,95,False,186964,"You'll Be Alright, Kid (Chapter 1)",2024-09-26,0.368,0.694,2,-6.141,1,0.06,0.704,6.59e-06,0.055,0.391,168.115,3
0FTmksd2dxiE5e3rWyJXs6,back to friends,sombr,2,0,1,NZ,2025-06-11,98,False,199032,back to friends,2024-12-27,0.436,0.723,1,-2.291,1,0.0301,9.37e-05,8.82e-05,0.0929,0.235,92.855,4
42UBPzRMh5yyz0EDPr6fr1,Manchild,Sabrina Carpenter,3,0,47,NZ,2025-06-11,89,True,213645,Manchild,2025-06-05,0.731,0.685,7,-5.087,1,0.0572,0.122,0.0,0.317,0.811,123.01,4
4AajxCEwGEsmHmT4H1TwjY,undressed,sombr,4,0,-2,NZ,2025-06-11,96,False,182088,undressed,2025-03-21,0.642,0.887,0,-3.883,1,0.0406,0.137,0.0,0.0829,0.888,115.999,4
4WFgvKVfEhb3IUAFGrutTR,Love Me Not,Ravyn Lenae,5,0,-1,NZ,2025-06-11,91,False,213466,Bird's Eye,2024-08-09,0.779,0.731,0,-6.176,1,0.0306,0.296,0.0,0.128,0.814,114.001,4
0ofHAoxe9vBkTCp2UQIavz,Dreams - 2004 Remaster,Fleetwood Mac,6,0,0,NZ,2025-06-11,91,False,257800,Rumours (Super Deluxe),1977-02-04,0.828,0.492,0,-9.744,1,0.0276,0.0644,0.00428,0.128,0.789,120.151,4
6dOtVTDdiauQNBQEDOtlAB,BIRDS OF A FEATHER,Billie Eilish,7,2,0,NZ,2025-06-11,100,False,210373,HIT ME HARD AND SOFT,2024-05-17,0.747,0.507,2,-10.171,1,0.0358,0.2,0.0608,0.117,0.438,104.978,4
17phhZDn6oGtzMe56NuWvj,Lose Control,Teddy Swims,8,0,0,NZ,2025-06-11,92,False,210688,I've Tried Everything But Therapy (Part 1),2023-09-15,0.561,0.604,9,-4.409,1,0.0337,0.199,1.9e-05,0.104,0.242,159.92,3
2yWlGEgEfPot0lv3OAjuG3,Just Keep Watching (From F1® The Movie),"Tate McRae, F1 The Album",9,-2,-4,NZ,2025-06-11,91,False,142550,Just Keep Watching (From F1® The Movie),2025-05-30,0.656,0.796,9,-5.856,0,0.113,0.0767,0.0,0.509,0.425,129.956,4
7so0lgd0zP2Sbgs2d7a1SZ,Die With A Smile,"Lady Gaga, Bruno Mars",10,1,1,NZ,2025-06-11,91,False,251667,MAYHEM,2025-03-07,0.519,0.601,6,-7.727,0,0.0317,0.289,0.0,0.126,0.498,157.964,3
6Qyc6fS4DsZjB2mRW9DsQs,Iris,The Goo Goo Dolls,11,2,2,NZ,2025-06-11,94,False,289533,Dizzy up the Girl,1998-01-01,0.315,0.715,11,-8.072,0,0.0362,0.00125,7.97e-06,0.0942,0.497,155.925,3
2CGNAOSuO1MEFCbBRgUzjd,luther (with sza),"Kendrick Lamar, SZA",12,-2,-2,NZ,2025-06-11,92,False,177598,GNX,2024-11-21,0.707,0.575,2,-7.546,1,0.125,0.251,0.0,0.248,0.576,138.008,4
2FAZskT9yRjp2Oow9szJD8,The Days - NOTION Remix,"Chrystal, NOTION",13,-1,-1,NZ,2025-06-11,92,False,233229,The Days (NOTION Remix),2024-11-08,0.62,0.843,6,-5.321,0,0.0844,0.0062,4.63e-06,0.55,0.237,137.812,4
3xkHsmpQCBMytMJNiDf3Ii,Beautiful Things,Benson Boone,14,1,0,NZ,2025-06-11,93,False,180304,Fireworks & Rollerblades,2024-04-05,0.472,0.471,10,-5.692,1,0.0603,0.151,0.0,0.14,0.219,105.029,3
4wJ5Qq0jBN4ajy7ouZIV1c,APT.,"ROSÉ, Bruno Mars",15,1,0,NZ,2025-06-11,89,False,169917,rosie,2024-12-06,0.777,0.783,0,-4.477,0,0.26,0.0283,0.0,0.355,0.939,149.027,4
0qmhTHMVxnXRmT5N92wTD9,Bloodline (with Jelly Roll),"Alex Warren, Jelly Roll",16,-2,-7,NZ,2025-06-11,90,False,182008,Bloodline (with Jelly Roll),2025-05-22,0.621,0.779,4,-6.346,0,0.056,0.255,0.0,0.0683,0.513,127.925,4
21IYMdzTrzSe191Cy5eMap,Sailor Song,Gigi Perez,17,3,0,NZ,2025-06-11,89,False,211978,"At The Beach, In Every Life",2025-04-25,0.499,0.392,11,-10.441,1,0.0262,0.627,7.1e-05,0.192,0.272,95.076,4
7ne4VBA60CxGM75vw0EYad,That’s So True,Gracie Abrams,18,5,1,NZ,2025-06-11,96,True,166300,The Secret of Us (Deluxe),2024-10-18,0.554,0.808,1,-4.169,1,0.0368,0.214,0.0,0.159,0.372,108.548,4
2u9S9JJ6hTZS3Vf22HOZKg,NOKIA,Drake,19,-2,-3,NZ,2025-06-11,94,True,241023,$ome $exy $ongs 4 U,2025-02-14,0.537,0.727,5,-4.184,1,0.15,0.247,0.0,0.173,0.508,106.037,4
35ISBknsCeZQtq66xABI9g,Messy,Lola Young,20,-2,1,NZ,2025-06-11,89,True,284066,This Wasn't Meant For You Anyway,2024-06-21,0.798,0.562,9,-5.913,1,0.0375,0.11,0.00606,0.122,0.647,110.991,4
04emojnbYkrRmv5qtJcgVP,What I Want (feat. Tate McRae),"Morgan Wallen, Tate McRae",21,0,-3,NZ,2025-06-11,92,False,184517,I’m The Problem,2025-05-16,0.657,0.699,9,-3.92,1,0.0262,0.639,0.0,0.148,0.495,115.998,4
6393yGahSJ9slVdOwSxOVR,Pink Pony Club,Chappell Roan,22,0,0,NZ,2025-06-11,88,False,258034,The Rise and Fall of a Midwest Princess,2023-09-21,0.61,0.65,6,-6.199,1,0.0474,0.399,0.0,0.11,0.507,106.719,4
221eHga9f9Ne4f8D7WVgPT,Mystical Magical,Benson Boone,23,-4,-3,NZ,2025-06-11,92,False,165746,Mystical Magical,2025-04-24,0.671,0.697,11,-3.851,1,0.116,0.19,0.0,0.393,0.848,119.867,4
5fZJQrFKWQLb7FpJXZ1g7K,A Bar Song (Tipsy),Shaboozey,24,0,2,NZ,2025-06-11,86,True,171291,"Where I've Been, Isn't Where I'm Going",2024-05-31,0.722,0.706,9,-4.857,1,0.0292,0.072,0.0,0.067,0.599,80.969,4
3QaPy1KgI7nu9FJEQUgn6h,WILDFLOWER,Billie Eilish,25,3,3,NZ,2025-06-11,96,False,261466,HIT ME HARD AND SOFT,2024-05-17,0.467,0.247,6,-12.002,0,0.0431,0.612,0.000271,0.17,0.126,148.101,4
76JKIsdKrAfWUMjaA0u7v5,Too Sweet,Hozier,26,24,1,NZ,2025-06-11,84,False,251424,Unreal Unearth: Unaired,2024-08-19,0.741,0.62,10,-5.505,1,0.0412,0.0295,0.000809,0.0398,0.934,117.038,4
3BntzKsnLf2pc0dsvE3Zav,Bad Dreams,Teddy Swims,27,5,2,NZ,2025-06-11,89,False,184577,I've Tried Everything But Therapy (Part 2),2025-01-24,0.707,0.68,8,-6.203,1,0.0884,0.274,0.0,0.0932,0.62,125.058,4
3GCdLUSnKSMJhs4Tj6CV3s,All The Stars (with SZA),"Kendrick Lamar, SZA",28,-3,-5,NZ,2025-06-11,94,True,232186,Black Panther The Album Music From And Inspired By,2018-02-09,0.695,0.633,8,-4.946,1,0.0599,0.0612,0.000195,0.0926,0.557,96.782,4
2RdEC8Ff83WkX7kDVCHseE,party 4 u,Charli xcx,29,-3,-5,NZ,2025-06-11,93,False,296653,how i'm feeling now,2020-05-15,0.579,0.522,1,-8.393,1,0.0993,0.761,1.41e-05,0.655,0.245,79.453,4
5e9TFTbltYBg2xThimr0rU,The Chain - 2004 Remaster,Fleetwood Mac,30,4,4,NZ,2025-06-11,87,False,270213,Rumours (Super Deluxe),1977-02-04,0.545,0.67,9,-8.81,1,0.0496,0.009,0.000822,0.0451,0.481,151.553,4
1wOp7yTVyH176bW1z9WAiv,Carry You Home,Alex Warren,31,7,1,NZ,2025-06-11,88,False,166880,"You'll Be Alright, Kid (Chapter 1)",2024-09-26,0.525,0.66,10,-7.094,1,0.111,0.468,3.3e-06,0.128,0.458,123.787,4
0QCIpQV3twfqo9kh0t8Zza,Shake It To The Max (FLY) - Remix,"MOLIY, Silent Addy, Skillibeng, Shenseea",32,-3,-7,NZ,2025-06-11,93,True,178775,Shake It To The Max (FLY) (Remix),2025-02-21,0.856,0.548,0,-6.609,0,0.123,0.561,0.0,0.155,0.562,97.997,4
7gKxCvTDWwV9wBhdeBbr3l,Nice To Each Other,Olivia Dean,33,-3,17,NZ,2025-06-11,79,False,209000,Nice To Each Other,2025-05-30,0.761,0.737,0,-6.869,1,0.049,0.406,0.00166,0.364,0.738,131.998,4
2HRqTpkrJO5ggZyyK6NPWz,Espresso,Sabrina Carpenter,34,2,8,NZ,2025-06-11,91,True,175459,Short n' Sweet,2024-08-23,0.699,0.776,0,-5.282,1,0.0293,0.131,5.36e-06,0.205,0.708,103.963,4
003vvx7Niy0yvhvHt4a68B,Mr. Brightside,The Killers,35,4,6,NZ,2025-06-11,90,False,222973,Hot Fuss,2004-01-01,0.352,0.911,1,-5.23,1,0.0747,0.00121,0.0,0.0995,0.236,148.033,4
5IZXB5IKAD2qlvTPJYDCFB,I Had Some Help (Feat. Morgan Wallen),"Post Malone, Morgan Wallen",36,8,13,NZ,2025-06-11,88,True,178205,F-1 Trillion,2024-08-15,0.644,0.874,0,-4.723,1,0.0265,0.0113,0.0,0.227,0.753,128.017,4
7u7IqryLFAygWFz6bsEB7y,Blue Strips,Jessie Murph,37,-6,-2,NZ,2025-06-11,89,False,147209,Blue Strips,2025-04-11,0.646,0.653,1,-4.132,1,0.0392,0.294,0.0,0.0968,0.235,133.936,4
6KFQdIB3njXBQNcg1xUh9U,One Thing,Lola Young,38,-5,12,NZ,2025-06-11,86,True,208829,One Thing,2025-05-16,0.751,0.663,5,-6.456,0,0.0443,0.0875,0.0143,0.091,0.921,98.029,4
7B3BwNecBhKvNwSMOOl7Gk,Fame is a Gun,Addison Rae,39,-4,11,NZ,2025-06-11,76,False,183237,Addison,2025-06-06,0.692,0.399,3,-7.325,0,0.035,0.165,0.00109,0.1,0.411,137.976,4
1KZG1H1OCugGqIRmk1wF9m,Indigo (feat. Avery Anna),"Sam Barber, Avery Anna",40,-3,-4,NZ,2025-06-11,87,False,286634,Restless Mind,2024-11-01,0.495,0.327,4,-9.921,0,0.0281,0.462,2.74e-05,0.1,0.101,82.937,3
0WbMK4wrZ1wFSty9F7FCgu,"Good Luck, Babe!",Chappell Roan,41,4,-1,NZ,2025-06-11,94,False,218423,"Good Luck, Babe!",2024-04-05,0.7,0.582,11,-5.96,0,0.0356,0.0502,0.0,0.0881,0.785,116.712,4
3fqwjXwUGN6vbzIwvyFMhx,Tennessee Whiskey,Chris Stapleton,42,4,-5,NZ,2025-06-11,87,False,293293,Traveller,2015-05-04,0.392,0.37,9,-10.888,1,0.0298,0.205,0.0096,0.0821,0.512,48.718,4
3WMj8moIAXJhHsyLaqIIHI,Something in the Orange,Zach Bryan,43,7,5,NZ,2025-06-11,87,False,228013,Something in the Orange,2022-04-22,0.369,0.192,4,-12.151,0,0.04,0.555,8.35e-06,0.0954,0.148,175.212,3
254bXAqt3zP6P50BdQvEsq,Everywhere - 2017 Remaster,Fleetwood Mac,44,-1,2,NZ,2025-06-11,85,False,226653,Tango In the Night (Deluxe Edition),1987-04-13,0.73,0.487,4,-10.991,1,0.0303,0.258,0.01,0.0852,0.731,114.965,4
5G2f63n7IPVPPjfNIGih7Q,Taste,Sabrina Carpenter,45,4,5,NZ,2025-06-11,92,False,157279,Short n' Sweet,2024-08-23,0.674,0.907,3,-4.086,1,0.064,0.101,0.0,0.297,0.721,112.964,4
2uvE4L5ZsYKpv8hbK4TIOt,MUTT,Leon Thomas,46,-6,-13,NZ,2025-06-11,85,True,192933,MUTT,2024-09-27,0.572,0.455,1,-8.078,1,0.134,0.216,3.88e-06,0.072,0.597,179.787,4
5UJbgR4XF4y1DvbkxEqe8S,Sports car,Tate McRae,47,-6,-16,NZ,2025-06-11,89,False,165045,So Close To What,2025-02-20,0.861,0.815,11,-3.672,0,0.0349,0.0505,0.00139,0.1,0.886,106.978,4
7D0RhFcb3CrfPuTJ0obrod,Sparks,Coldplay,48,2,2,NZ,2025-06-11,89,False,227093,Parachutes,2000-07-10,0.371,0.268,1,-10.506,1,0.0281,0.748,0.0517,0.104,0.165,102.617,3
4Q0qVhFQa7j6jRKzo3HDmP,Sapphire,Ed Sheeran,49,1,1,NZ,2025-06-11,81,False,179082,Sapphire,2025-06-05,0.631,0.72,1,-6.152,1,0.0655,0.0163,0.0,0.347,0.394,95.011,4
6cr6UDpkjEaMQ80OjWqEBQ,Sultans of Swing,Dire Straits,50,0,-11,NZ,2025-06-11,76,False,348760,Dire Straits,1978-10-07,0.725,0.801,5,-10.059,1,0.0302,0.0722,0.0339,0.339,0.925,148.211,4
2p4HaYc7zQLWXrf4gHIrnf,Falle og slå seg,Ari Bajgora,1,0,0,NO,2025-06-11,69,True,189440,"Valget å gå, og vi gikk",2025-05-28,0.64,0.502,5,-7.125,0,0.0529,0.382,0.0,0.0932,0.657,102.047,4
6kHrtlTkNbQl0cD6I6t7pC,Alt du trenger,Ari Bajgora,2,3,8,NO,2025-06-11,63,True,251213,"Valget å gå, og vi gikk",2025-05-28,0.57,0.678,11,-6.527,0,0.171,0.342,0.0,0.183,0.476,99.997,4
1Ia7Mk2djngsXBlVWf28NJ,Misforstått,Streetboys,3,1,4,NO,2025-06-11,63,False,138000,Misforstått,2025-05-30,0.576,0.799,6,-5.013,0,0.0434,0.00246,1.04e-06,0.414,0.484,99.98,4
2HrQbrT7N3VcV3PmZIy9Wq,Alle vil til himmelen,"Emma Steinbakken, Synne Vo",4,-1,-1,NO,2025-06-11,66,False,145733,Alle vil til himmelen,2025-05-30,0.611,0.748,11,-5.909,0,0.166,0.229,0.0,0.142,0.45,101.043,4
2RkZ5LkEzeHGRsmDqKwmaJ,Ordinary,Alex Warren,5,-3,-3,NO,2025-06-11,95,False,186964,"You'll Be Alright, Kid (Chapter 1)",2024-09-26,0.368,0.694,2,-6.141,1,0.06,0.704,6.59e-06,0.055,0.391,168.115,3
5EvBoKgVNrMp3NNSSaLqFB,Putt Diamanter Opp,"Amara, Chris Abolade",6,0,-1,NO,2025-06-11,63,True,162651,Skrubbsår og Skallebank 2,2025-05-30,0.76,0.681,11,-5.719,0,0.222,0.226,0.0,0.399,0.756,91.016,4
5xsHQu1SXYS6DYOJwIWhSC,Svagare än jag,Ida-Lova,7,0,-3,NO,2025-06-11,77,False,187076,Svagare än jag,2025-04-11,0.404,0.683,1,-6.969,1,0.0594,0.302,0.0,0.318,0.661,162.091,4
3EG3vnspSaUzPDHDF1m33l,Ka visste eg,Tobias Sten,8,0,1,NO,2025-06-11,68,False,233500,Tobias Sten,2025-05-09,0.47,0.685,0,-6.494,1,0.037,0.138,0.0,0.0791,0.69,180.083,4
42UBPzRMh5yyz0EDPr6fr1,Manchild,Sabrina Carpenter,9,0,41,NO,2025-06-11,89,True,213645,Manchild,2025-06-05,0.731,0.685,7,-5.087,1,0.0572,0.122,0.0,0.317,0.811,123.01,4
73w95wSsGRANVc3RyGITRP,Eli,Tobias Sten,10,1,1,NO,2025-06-11,63,False,205454,Tobias Sten,2025-05-09,0.608,0.664,10,-5.914,1,0.0339,0.259,0.0,0.0975,0.213,132.033,4
2yWlGEgEfPot0lv3OAjuG3,Just Keep Watching (From F1® The Movie),"Tate McRae, F1 The Album",11,1,-3,NO,2025-06-11,91,False,142550,Just Keep Watching (From F1® The Movie),2025-05-30,0.656,0.796,9,-5.856,0,0.113,0.0767,0.0,0.509,0.425,129.956,4
0XX70hZPPFTnPQRL7NlWYO,SKJORTE & SLIPS,Ramón,12,1,-6,NO,2025-06-11,63,False,182769,SKJORTE & SLIPS,2025-05-30,0.706,0.691,11,-6.469,1,0.0333,0.0135,0.000503,0.106,0.747,129.913,4
4AajxCEwGEsmHmT4H1TwjY,undressed,sombr,13,2,0,NO,2025-06-11,96,False,182088,undressed,2025-03-21,0.642,0.887,0,-3.883,1,0.0406,0.137,0.0,0.0829,0.888,115.999,4
1KtiKEGGrhnNqGN7Hc84qb,Ekko,"Golfklubb, Olivia Lobato",14,0,-2,NO,2025-06-11,72,True,156035,Ekko,2025-05-09,0.696,0.671,1,-10.375,0,0.133,0.144,0.0,0.185,0.495,140.06,4
2IdIiiNX7SpQO9WW77aZPx,Birra,"Fjellrev, Kudos",15,3,1,NO,2025-06-11,69,True,113400,Birra,2025-04-30,0.609,0.824,1,-3.983,0,0.108,0.335,0.0,0.129,0.868,149.863,4
65kF2jDvLKN7OSfpb8glPk,Hvis jeg kunne fly,Ari Bajgora,16,5,10,NO,2025-06-11,60,True,208280,"Valget å gå, og vi gikk",2025-05-28,0.623,0.821,9,-6.946,0,0.0761,0.524,0.0,0.197,0.755,160.036,4
6eIzQCYExfnNeM7KOlE3lE,Bara Bada Bastu,KAJ,17,-7,-3,NO,2025-06-11,75,False,166880,Sauna Collection,2025-05-09,0.757,0.889,9,-4.729,0,0.0788,0.0754,2.32e-05,0.0397,0.754,106.037,4
5TrYG1brmOJcqtOFXhLaMm,Overfladisk,Bausa,18,1,-1,NO,2025-06-11,68,True,178666,Overfladisk,2025-03-28,0.645,0.559,5,-10.405,0,0.0766,0.0478,1.47e-05,0.123,0.526,90.061,4
0Ut7eeI3sDP23XOIponRFk,Koster å være kar,Ari Bajgora,19,4,3,NO,2025-06-11,61,True,185346,"Valget å gå, og vi gikk",2025-05-28,0.839,0.867,0,-4.38,1,0.202,0.229,1.18e-05,0.0721,0.633,105.014,4
0FTmksd2dxiE5e3rWyJXs6,back to friends,sombr,20,2,1,NO,2025-06-11,98,False,199032,back to friends,2024-12-27,0.436,0.723,1,-2.291,1,0.0301,9.37e-05,8.82e-05,0.0929,0.235,92.855,4
7v9T6N0q35ZwpqdN7Ln2xs,Friskis,"Kjartan Lauritzen, Astrid S, Hver gang vi møtes",21,-1,-2,NO,2025-06-11,66,False,168774,Friskis,2025-02-14,0.802,0.797,2,-4.456,1,0.0325,0.0451,0.000203,0.212,0.892,126.986,4
2a6YR0c3awqx6OIQekVmZe,Kanskje til nytte,Ari Bajgora,22,5,3,NO,2025-06-11,60,True,271240,"Valget å gå, og vi gikk",2025-05-28,0.571,0.592,6,-10.216,1,0.137,0.694,0.0,0.651,0.699,101.532,4
0qmhTHMVxnXRmT5N92wTD9,Bloodline (with Jelly Roll),"Alex Warren, Jelly Roll",23,3,-8,NO,2025-06-11,90,False,182008,Bloodline (with Jelly Roll),2025-05-22,0.621,0.779,4,-6.346,0,0.056,0.255,0.0,0.0683,0.513,127.925,4
4WFgvKVfEhb3IUAFGrutTR,Love Me Not,Ravyn Lenae,24,1,8,NO,2025-06-11,91,False,213466,Bird's Eye,2024-08-09,0.779,0.731,0,-6.176,1,0.0306,0.296,0.0,0.128,0.814,114.001,4
2ptL2Lc5oZLGpjUv9rjNek,Stjernestøv,"Ari Bajgora, Jonatan Brox",25,8,12,NO,2025-06-11,59,True,172160,"Valget å gå, og vi gikk",2025-05-28,0.792,0.623,11,-6.497,0,0.0817,0.419,0.00434,0.133,0.551,125.043,4
3gWBWLw3J3XTy3QTo36GqJ,Espresso Macchiato,Tommy Cash,26,24,-8,NO,2025-06-11,79,False,173746,Espresso Macchiato,2024-12-07,0.678,0.694,11,-6.183,0,0.0487,0.0123,1.62e-05,0.133,0.646,119.87,4
0AMoopn68aGAAaJ9qFXPnX,Lighter,Kyle Alessandro,27,-11,-7,NO,2025-06-11,83,False,175853,Lighter,2025-01-24,0.704,0.657,2,-3.79,0,0.0601,0.0115,0.0,0.268,0.561,105.088,4
5E5GQ6dnxc5PpvMcN9U3fX,hvem kan seile foruten vind?,"lille Caesar, Tobias Sten",28,0,2,NO,2025-06-11,63,False,203693,LENGE LEVE LIVET,2025-03-21,0.229,0.528,9,-7.114,0,0.0336,0.524,0.0,0.164,0.234,80.169,3
2BtcfopAsabwKFovwFyvFk,BASSIANI,Soppgirobygget,29,1,0,NO,2025-06-11,71,False,163200,BASSIANI,2025-04-11,0.611,0.96,0,-5.7,0,0.142,0.0309,0.0,0.136,0.624,150.035,4
0GRc3eGTg8HBdWLRGYgqIc,Azizam,Ed Sheeran,30,-1,-6,NO,2025-06-11,92,False,162029,Azizam,2025-04-04,0.663,0.899,6,-5.103,1,0.0473,0.00255,0.0,0.065,0.876,127.998,4
19188WQf2DrNMfI1XLDnYF,Utested,Ari Bajgora,31,9,19,NO,2025-06-11,60,True,162857,Utested,2024-06-07,0.498,0.515,5,-10.601,1,0.2,0.366,0.0,0.0853,0.273,82.586,4
01RdEXps15f3VmQMV6OuTM,Tusen spänn,"Tjuvjakt, Fanny Avonne",32,0,-9,NO,2025-06-11,76,False,190344,Tusen spänn,2025-05-09,0.735,0.653,3,-6.261,1,0.0533,0.36,0.0,0.0791,0.62,116.002,4
4wJ5Qq0jBN4ajy7ouZIV1c,APT.,"ROSÉ, Bruno Mars",33,-9,-2,NO,2025-06-11,89,False,169917,rosie,2024-12-06,0.777,0.783,0,-4.477,0,0.26,0.0283,0.0,0.355,0.939,149.027,4
37p6tirLRljcRz2XhR9G4X,St. Tropez,Bausa,34,-3,-6,NO,2025-06-11,65,True,142660,St. Tropez,2025-05-09,0.785,0.759,9,-8.331,0,0.0786,0.0451,3.55e-05,0.176,0.949,130.008,4
5yJaXWIErrrsjQ3J0eR5aK,The Night We Met,Lord Huron,35,15,1,NO,2025-06-11,82,False,208226,Strange Trails,2015-04-07,0.44,0.378,2,-9.545,1,0.045,0.968,0.272,0.639,0.105,174.121,3
4ADggmM9xpZQd6OMXepjIv,Samma det,Tigergutt101,36,3,14,NO,2025-06-11,44,False,154042,Like Barn Leker Best,2025-06-06,0.607,0.883,7,-6.237,0,0.0347,0.00905,0.0,0.289,0.911,140.975,3
35ISBknsCeZQtq66xABI9g,Messy,Lola Young,37,-3,1,NO,2025-06-11,89,True,284066,This Wasn't Meant For You Anyway,2024-06-21,0.798,0.562,9,-5.913,1,0.0375,0.11,0.00606,0.122,0.647,110.991,4
57ilwMdNXbsbVaP8GtfEIB,Konfetti,"Molly Sandén, Astrid S",38,0,-11,NO,2025-06-11,69,False,194425,Konfetti,2025-05-23,0.733,0.659,9,-6.202,1,0.0468,0.116,0.0,0.123,0.57,117.95,4
3tgDP0BTRP10i4HkLlAER3,Om,Niklas Strömstedt,39,-2,-5,NO,2025-06-11,72,False,248066,Om,1990-03-05,0.602,0.759,8,-6.646,0,0.0308,0.0406,2.38e-05,0.0975,0.505,88.957,4
5ITV0zqzjOYfFWpW0xBmRa,Show Me Love,"WizTheMc, bees & honey",40,-4,0,NO,2025-06-11,94,False,176965,Show Me Love,2025-02-07,0.714,0.691,1,-7.333,1,0.0434,0.0212,0.000292,0.111,0.155,107.15,4
1V9NWjMX2GRy0exAEGicsC,Få det på,"Astrid S, Hver gang vi møtes, Stig Brenner",41,9,4,NO,2025-06-11,57,False,199109,Hver Gang Vi Møtes 2025,2025-02-17,0.705,0.678,11,-5.212,1,0.0666,0.0345,2.21e-05,0.242,0.923,147.997,4
7px3lmdf4nzNEMt6zaQ5yJ,SAMMEN,"Marstein, Annika",42,3,5,NO,2025-06-11,68,True,178280,FRIHET I LENKER,2024-10-25,0.65,0.734,3,-6.332,0,0.163,0.243,8.15e-05,0.084,0.339,105.199,4
5bpNC61pnAqXWJg8CLoxhP,Drugs N Love,Roc Boyz,43,1,-10,NO,2025-06-11,66,True,138187,Drugs N Love,2025-05-23,0.594,0.909,2,-5.711,1,0.0687,0.0446,8.12e-06,0.762,0.597,160.097,4
3xkHsmpQCBMytMJNiDf3Ii,Beautiful Things,Benson Boone,44,-3,-3,NO,2025-06-11,93,False,180304,Fireworks & Rollerblades,2024-04-05,0.472,0.471,10,-5.692,1,0.0603,0.151,0.0,0.14,0.219,105.029,3
4qqKLHCbw96XRXX4tBfasV,10 Hoes,Roc Boyz,45,1,-10,NO,2025-06-11,68,True,148750,10 Hoes,2025-04-11,0.62,0.977,8,-2.176,1,0.049,0.0174,0.000168,0.0513,0.485,144.051,4
7so0lgd0zP2Sbgs2d7a1SZ,Die With A Smile,"Lady Gaga, Bruno Mars",46,-3,-3,NO,2025-06-11,91,False,251667,MAYHEM,2025-03-07,0.519,0.601,6,-7.727,0,0.0317,0.289,0.0,0.126,0.498,157.964,3
6kx2yUfhcc372Iknjrx6YK,Galopp,"Coucheron, Stig Brenner, Arif Murakami, May",47,1,-5,NO,2025-06-11,65,False,165785,Galopp,2025-04-11,0.84,0.756,0,-6.452,0,0.0544,0.22,0.0,0.276,0.769,120.003,4
2eT6tyhlP3fTkK4lclgedn,Fredagsbarn,El Papi,48,1,-9,NO,2025-06-11,67,False,190946,Fredagsbarn,2025-05-09,0.624,0.826,3,-6.136,1,0.0329,0.000749,2e-05,0.196,0.694,103.983,4
5yzszzIbiuNKCmR0WZPPf5,Sirkler & Kvadrater,"Ari Bajgora, Lars Vaular",49,1,-3,NO,2025-06-11,58,True,202786,"Valget å gå, og vi gikk",2025-05-28,0.761,0.725,8,-6.601,1,0.248,0.459,0.0,0.168,0.903,155.932,4
3BntzKsnLf2pc0dsvE3Zav,Bad Dreams,Teddy Swims,50,0,-1,NO,2025-06-11,89,False,184577,I've Tried Everything But Therapy (Part 2),2025-01-24,0.707,0.68,8,-6.203,1,0.0884,0.274,0.0,0.0932,0.62,125.058,4
3s4WNh0WnfhwvIlrp6RTBj,ZAAZAA,"Frenna, Shallipopi",1,0,0,NL,2025-06-11,78,False,156080,ZAAZAA,2025-05-22,0.868,0.731,11,-5.949,0,0.0793,0.0744,0.112,0.0808,0.785,117.016,4
7ps3LdQn8lKdaa2sbIKFTR,Lotje - Lil Kleine Remix,"Roeland Beelen, Lil Kleine",2,1,48,NL,2025-06-11,67,True,146727,Lotje (Lil Kleine Remix),2025-06-06,0.82,0.934,9,-2.96,0,0.0794,0.0986,0.0,0.0848,0.937,125.957,4
2RkZ5LkEzeHGRsmDqKwmaJ,Ordinary,Alex Warren,3,-1,-1,NL,2025-06-11,95,False,186964,"You'll Be Alright, Kid (Chapter 1)",2024-09-26,0.368,0.694,2,-6.141,1,0.06,0.704,6.59e-06,0.055,0.391,168.115,3
289NOT3DzIaOL5usnMEU4V,Lotje,"Lustrum U.V.S.V./N.V.V.S.U., Jopke van Dobbenburgh, Roeland Beelen",4,0,-1,NL,2025-06-11,74,True,167804,ANNO ONS,2024-07-18,0.784,0.698,9,-7.786,0,0.0511,0.248,1.44e-06,0.146,0.819,122.998,4
7tW2Md8xOwnKPIYhCqPiU4,Echte Liefde Is Te Koop,Samuel Welten,5,0,0,NL,2025-06-11,78,False,152659,Echte Liefde Is Te Koop,2025-03-21,0.469,0.724,1,-7.008,1,0.0526,0.0302,0.0,0.0949,0.501,131.385,4
2MPWNU7QkwmBNAoHdYLYfW,1+1 (Outside),"Dior, Cristian D",6,4,0,NL,2025-06-11,68,True,158132,1+1 (Outside),2025-05-30,0.613,0.661,5,-7.671,0,0.406,0.376,0.0,0.108,0.812,128.701,5
6zdmJ79GtRfpJJdaDPECYm,Atlas,Pommelien Thijs,7,-1,-3,NL,2025-06-11,78,False,180013,Atlas,2025-03-21,0.732,0.558,7,-6.816,1,0.124,0.49,0.0,0.0909,0.637,119.999,4
0fROjdyTv6S6E65qpQfwHa,Ik Zing (feat. Snelle),"Zoë Livay, Snelle",8,-1,-1,NL,2025-06-11,75,False,174288,Ik Zing (feat. Snelle),2025-03-20,0.573,0.474,5,-7.992,1,0.0303,0.486,3.85e-06,0.091,0.221,96.749,3
0GRc3eGTg8HBdWLRGYgqIc,Azizam,Ed Sheeran,9,0,2,NL,2025-06-11,92,False,162029,Azizam,2025-04-04,0.663,0.899,6,-5.103,1,0.0473,0.00255,0.0,0.065,0.876,127.998,4
16VFlUdJfBnF2UoMgTJIDI,Lichtje Branden,Suzan & Freek,10,2,-2,NL,2025-06-11,71,False,172317,Dromen In Kleur,2021-10-29,0.527,0.231,2,-10.564,1,0.0515,0.911,0.0,0.103,0.306,163.657,4
30k0WUGuf3QCotkXbxnrOx,Hart In Brand,"Froukje, S10",11,4,-1,NL,2025-06-11,74,True,146400,Hart In Brand,2025-04-22,0.787,0.734,11,-5.058,0,0.0402,0.0601,0.0,0.343,0.947,124.987,4
5ITV0zqzjOYfFWpW0xBmRa,Show Me Love,"WizTheMc, bees & honey",12,1,1,NL,2025-06-11,94,False,176965,Show Me Love,2025-02-07,0.714,0.691,1,-7.333,1,0.0434,0.0212,0.000292,0.111,0.155,107.15,4
3gWBWLw3J3XTy3QTo36GqJ,Espresso Macchiato,Tommy Cash,13,37,1,NL,2025-06-11,79,False,173746,Espresso Macchiato,2024-12-07,0.678,0.694,11,-6.183,0,0.0487,0.0123,1.62e-05,0.133,0.646,119.87,4
4WFgvKVfEhb3IUAFGrutTR,Love Me Not,Ravyn Lenae,14,3,8,NL,2025-06-11,91,False,213466,Bird's Eye,2024-08-09,0.779,0.731,0,-6.176,1,0.0306,0.296,0.0,0.128,0.814,114.001,4
05mRvdy1w3YtLhz2sHYzrB,Mona Lisa,Robert van Hemert,15,-4,5,NL,2025-06-11,72,False,147367,Niet Voor Lief,2025-02-28,0.835,0.732,11,-6.173,1,0.0602,0.0225,0.0,0.246,0.846,110.07,4
7ubZ97TycJ5fWKKgbFQlue,Beneden,"Bizzey, Ronnie Flex, Russo",16,5,-4,NL,2025-06-11,73,True,135325,Beneden,2025-05-01,0.748,0.713,7,-5.894,0,0.0408,0.242,5.07e-06,0.0985,0.875,101.297,4
0qmhTHMVxnXRmT5N92wTD9,Bloodline (with Jelly Roll),"Alex Warren, Jelly Roll",17,5,-2,NL,2025-06-11,90,False,182008,Bloodline (with Jelly Roll),2025-05-22,0.621,0.779,4,-6.346,0,0.056,0.255,0.0,0.0683,0.513,127.925,4
1lzzSzBejW6m8UN2PdRsDv,100%,"FLEMMING, Mart Hoogkamer",18,-4,3,NL,2025-06-11,74,False,151493,100%,2025-02-21,0.644,0.906,9,-3.335,1,0.053,0.0578,0.0,0.155,0.496,144.995,4
0b9RNAzGtDRRMQS1cF9HXT,C'est La Vie,Claude,19,-3,0,NL,2025-06-11,81,False,160281,C'est La Vie,2025-02-27,0.481,0.457,9,-8.264,1,0.0478,0.267,0.0,0.135,0.271,123.957,4
35ISBknsCeZQtq66xABI9g,Messy,Lola Young,20,-2,4,NL,2025-06-11,89,True,284066,This Wasn't Meant For You Anyway,2024-06-21,0.798,0.562,9,-5.913,1,0.0375,0.11,0.00606,0.122,0.647,110.991,4
6EkLMgBYvDlRnj2UOtG622,Met Of Zonder Jou,Tino Martin,21,-1,19,NL,2025-06-11,64,False,182618,Met Of Zonder Jou,2025-05-30,0.703,0.779,0,-5.373,1,0.038,0.178,0.0,0.241,0.96,129.025,4
42UBPzRMh5yyz0EDPr6fr1,Manchild,Sabrina Carpenter,22,4,28,NL,2025-06-11,89,True,213645,Manchild,2025-06-05,0.731,0.685,7,-5.087,1,0.0572,0.122,0.0,0.317,0.811,123.01,4
2zqqu4TbRW3yOI5wqdrgDL,Beetje Van Mij,Antoon,23,2,0,NL,2025-06-11,74,False,150620,Beetje Van Mij,2025-02-06,0.588,0.867,0,-5.949,1,0.0344,0.116,0.0559,0.295,0.168,145.027,4
3wpV3YcADlbf4AHXnjWtUo,OUT OF PLACE,"Brokezart, Lusho, Def, YGN KAMII",24,5,26,NL,2025-06-11,61,True,190477,OUT OF PLACE,2025-06-06,0.557,0.625,7,-7.857,1,0.0724,0.204,0.0,0.231,0.322,142.006,4
3qQhi8uyeiCZnpkqh2VMNR,SINGLE,"Idaly, Milolaathetlukken",25,3,-8,NL,2025-06-11,73,True,141320,SINGLE,2025-05-01,0.939,0.683,5,-6.768,1,0.188,0.0424,1.78e-06,0.0901,0.675,123.968,4
29OyY2QfQnTP9KgdAmNviU,Don Julio Daddy,"Jonna Fraser, Lil Kleine",26,8,-1,NL,2025-06-11,70,False,176518,Don Julio Daddy,2025-05-15,0.875,0.672,4,-6.064,0,0.243,0.0502,1.32e-05,0.113,0.613,115.949,4
78nx0HDJIFD5xDq2L5420Z,Blessings,"Calvin Harris, Clementine Douglas",27,-3,1,NL,2025-06-11,89,False,219650,Blessings,2025-05-09,0.721,0.875,11,-4.125,0,0.0557,0.0022,0.0285,0.0888,0.642,129.913,4
0FTmksd2dxiE5e3rWyJXs6,back to friends,sombr,28,5,8,NL,2025-06-11,98,False,199032,back to friends,2024-12-27,0.436,0.723,1,-2.291,1,0.0301,9.37e-05,8.82e-05,0.0929,0.235,92.855,4
2yWlGEgEfPot0lv3OAjuG3,Just Keep Watching (From F1® The Movie),"Tate McRae, F1 The Album",29,6,-11,NL,2025-06-11,91,False,142550,Just Keep Watching (From F1® The Movie),2025-05-30,0.656,0.796,9,-5.856,0,0.113,0.0767,0.0,0.509,0.425,129.956,4
0QCIpQV3twfqo9kh0t8Zza,Shake It To The Max (FLY) - Remix,"MOLIY, Silent Addy, Skillibeng, Shenseea",30,-3,2,NL,2025-06-11,93,True,178775,Shake It To The Max (FLY) (Remix),2025-02-21,0.856,0.548,0,-6.609,0,0.123,0.561,0.0,0.155,0.562,97.997,4
4TwEdnSiTPDR1vg1QZ5K8W,Beautiful People,"David Guetta, Sia",31,-8,-4,NL,2025-06-11,87,False,187086,Beautiful People,2025-03-07,0.739,0.761,9,-5.39,0,0.0904,0.107,0.0,0.131,0.417,127.033,4
3HcIbVeDYLg8u2DiqM4zuT,Blikkendag,"Sven Versteeg, Likke Pêhp",32,-13,2,NL,2025-06-11,71,False,209090,Blikkendag,2024-09-22,0.712,0.936,10,-3.876,1,0.0301,0.00612,0.0,0.0663,0.814,132.058,4
5d0KtdnoPpniNFngV5ehcP,Alles Wordt Beter,Emma Heesters,33,-2,-7,NL,2025-06-11,72,False,191404,Alles Wordt Beter,2025-04-17,0.542,0.596,6,-5.651,1,0.0346,0.233,1.11e-06,0.0847,0.235,174.123,3
4AajxCEwGEsmHmT4H1TwjY,undressed,sombr,34,9,-3,NL,2025-06-11,96,False,182088,undressed,2025-03-21,0.642,0.887,0,-3.883,1,0.0406,0.137,0.0,0.0829,0.888,115.999,4
43TPlT0l0HXLtKUOUoY3gY,Baila de Gasolina,Effe Serieus,35,-5,15,NL,2025-06-11,64,False,140782,Baila de Gasolina,2025-01-17,0.416,0.866,2,-6.222,1,0.0357,0.0112,0.0,0.376,0.461,127.65,1
4NZ15Gn3KJrmflE8jwiMBU,Wereldwonder,"LA$$A, Poke, John West, Billy Dans",36,3,-1,NL,2025-06-11,69,False,151714,Wereldwonder,2025-05-02,0.935,0.767,7,-4.81,0,0.0515,0.104,0.0,0.291,0.765,105.044,4
6u9MrPWzCXj0pQjuglCyqy,Jouw Idee,Roxy Dekker,37,4,-4,NL,2025-06-11,74,False,200463,Mama I Made It,2025-03-07,0.561,0.49,3,-6.291,1,0.0427,0.721,0.0,0.0936,0.305,176.014,3
2MoLobj6hxy9NdH59TImPL,Batterij,Suzan & Freek,38,0,-22,NL,2025-06-11,70,False,148965,Batterij,2025-05-15,0.762,0.538,9,-7.739,0,0.0567,0.027,1.11e-06,0.19,0.966,145.039,4
2LddWQtqjD4ORObbXr9pKX,Matcha Coco,"Noano, Jonna Fraser",39,6,-9,NL,2025-06-11,71,False,177758,Matcha Coco,2025-04-25,0.839,0.836,3,-4.176,0,0.0455,0.0342,3.05e-05,0.122,0.586,126.986,4
5SaapweQAEx7X1R47ItZ75,Goud,Suzan & Freek,40,-3,-31,NL,2025-06-11,70,False,202943,Dromen In Kleur,2021-10-29,0.736,0.486,0,-7.627,0,0.043,0.162,0.0,0.121,0.562,110.026,4
62iG1lk8qtd26ldgzCdRh5,Ga Dan!,Roxy Dekker,41,-1,7,NL,2025-06-11,71,False,137999,Mama I Made It,2025-03-07,0.716,0.892,0,-4.391,0,0.0412,0.147,0.0,0.285,0.888,119.988,4
7so0lgd0zP2Sbgs2d7a1SZ,Die With A Smile,"Lady Gaga, Bruno Mars",42,2,-3,NL,2025-06-11,91,False,251667,MAYHEM,2025-03-07,0.519,0.601,6,-7.727,0,0.0317,0.289,0.0,0.126,0.498,157.964,3
0xVHwr9T53uhPZpih1LW8g,Terug In De Tijd,Yves Berendse,43,-7,-5,NL,2025-06-11,59,False,187357,Voor Altijd,2025-05-16,0.649,0.766,8,-7.688,1,0.0458,0.109,0.0,0.0879,0.541,122.739,4
3x3K1RP3Zfi2qeMR8kyrNO,Sorry I'm Here For Someone Else,Benson Boone,44,4,6,NL,2025-06-11,91,False,156582,Sorry I'm Here For Someone Else,2025-02-27,0.533,0.758,2,-4.613,1,0.034,0.0437,0.0,0.16,0.515,149.719,4
4xTjO1NgHBEbINFUQ9Kgao,"Zoet, Zout, Zuur",Robert van Hemert,45,-13,1,NL,2025-06-11,69,False,180778,"Zoet, Zout, Zuur",2023-05-19,0.577,0.882,9,-4.056,1,0.0505,0.0172,0.0,0.0697,0.637,136.168,4
4wJ5Qq0jBN4ajy7ouZIV1c,APT.,"ROSÉ, Bruno Mars",46,-4,-1,NL,2025-06-11,89,False,169917,rosie,2024-12-06,0.777,0.783,0,-4.477,0,0.26,0.0283,0.0,0.355,0.939,149.027,4
5nPbKG04fhLkIAjcPFaZq7,I Adore You (feat. Daecolm),"HUGEL, Topic, Arash, Daecolm",47,0,-10,NL,2025-06-11,89,False,214000,I Adore You (feat. Daecolm),2024-07-19,0.704,0.787,11,-6.751,0,0.0462,0.00926,0.00538,0.159,0.31,119.996,4
221eHga9f9Ne4f8D7WVgPT,Mystical Magical,Benson Boone,48,2,2,NL,2025-06-11,92,False,165746,Mystical Magical,2025-04-24,0.671,0.697,11,-3.851,1,0.116,0.19,0.0,0.393,0.848,119.867,4
5E4jBLx4P0UBji68bBThSw,Another Love,Tom Odell,49,1,1,NL,2025-06-11,70,True,244360,Long Way Down (Expanded Edition),2013-06-24,0.445,0.537,4,-8.532,0,0.04,0.695,1.6e-05,0.0944,0.131,122.764,4
1sqe31TzOsjCeex1INgmsq,Hier Mag Alles,"Donnie, Marco Schuitmaker",50,-4,0,NL,2025-06-11,68,False,195859,Hier Mag Alles,2023-11-24,0.672,0.838,6,-5.246,0,0.0449,0.0334,0.0,0.06,0.783,139.978,4
6iOndD4OFo7GkaDypWQIou,La Plena - W Sound 05,"W Sound, Beéle, Ovy On The Drums",1,0,2,NI,2025-06-11,95,True,150001,La Plena (W Sound 05),2025-02-19,0.894,0.643,5,-3.485,1,0.132,0.543,0.000984,0.101,0.659,99.039,4
7tI8dRuH2Yc6RuoTjxo4dU,Who,Jimin,2,1,3,NI,2025-06-11,90,False,170887,MUSE,2024-07-19,0.66,0.756,0,-3.743,0,0.032,0.00289,0.0,0.193,0.838,116.034,4
6eLQXa6uk2EW8drsiKbABZ,TU SANCHO,Fuerza Regida,3,-1,-2,NI,2025-06-11,90,True,177994,111XPANTIA,2025-05-02,0.689,0.84,8,-6.423,1,0.0457,0.576,0.0,0.126,0.631,120.012,3
3hpm0fTeSqlhJbnqAgaLZs,Marlboro Rojo,Fuerza Regida,4,0,-2,NI,2025-06-11,91,True,184173,111XPANTIA,2025-05-02,0.773,0.645,4,-6.376,0,0.0349,0.342,3.38e-06,0.32,0.923,114.996,1
1PREzVLuDT6PSE9sej4wnV,COQUETA,"Fuerza Regida, Grupo Frontera",5,0,-1,NI,2025-06-11,90,False,241648,MALA MÍA,2024-12-19,0.74,0.819,1,-4.853,0,0.0866,0.244,0.0,0.107,0.884,78.975,4
1HEwEN64NjgTaHmo7LfkX8,no tiene sentido,Beéle,6,1,6,NI,2025-06-11,89,False,158036,BORONDO,2025-05-15,0.671,0.596,2,-7.565,0,0.0556,0.0871,1.97e-05,0.119,0.497,121.976,4
4oB8Xd7gMlUEtWoD8bmCXW,Morena,"Neton Vega, Peso Pluma",7,-1,0,NI,2025-06-11,92,False,193728,Mi Vida Mi Muerte,2025-02-14,0.697,0.776,4,-7.409,0,0.0308,0.379,0.00148,0.341,0.189,118.007,3
6J5kc12BW5HuP3d7C3vvx8,EoO,Bad Bunny,8,0,-2,NI,2025-06-11,94,True,204768,DeBÍ TiRAR MáS FOToS,2025-01-05,0.36,0.464,10,-29.598,0,0.0702,0.749,0.859,0.0825,0.184,63.662,4
4zhk2RS2EZODmBW6il55Qj,mi refe,"Beéle, Ovy On The Drums",9,0,5,NI,2025-06-11,85,False,159404,BORONDO,2025-05-15,0.637,0.648,7,-5.306,0,0.271,0.403,5.41e-05,0.119,0.441,123.108,4
2lTm559tuIvatlT1u0JYG2,BAILE INoLVIDABLE,Bad Bunny,10,0,1,NI,2025-06-11,96,True,367725,DeBÍ TiRAR MáS FOToS,2025-01-05,0.168,0.00332,10,-46.113,1,0.0615,0.192,0.79,0.112,0.219,119.387,3
4N1dogCaVWnGyFdPjdqNWF,COMO CAPO,"Clave Especial, Fuerza Regida",11,0,-1,NI,2025-06-11,87,True,165482,MIJA NO TE ASUSTES,2025-02-20,0.767,0.768,5,-4.529,0,0.0474,0.147,0.0,0.068,0.802,133.082,3
77pDO4WZPIdkwFve0iHWnb,Por Esos Ojos,Fuerza Regida,12,1,-3,NI,2025-06-11,85,True,188064,111XPANTIA,2025-05-02,0.696,0.678,5,-7.002,0,0.0695,0.31,0.0,0.191,0.522,102.48,3
3D24ErT1MMmUfXWotSj2A2,ME JALO,"Fuerza Regida, Grupo Frontera",13,-1,-5,NI,2025-06-11,92,True,212002,MALA MÍA,2024-12-19,0.47,0.75,2,-5.887,0,0.112,0.216,0.0,0.169,0.62,79.814,4
6C1RD7YQVvt3YQj0CmuTeu,Diles,"Bad Bunny, Ozuna, Farruko, Arcángel, Ñengo Flow, DJ Luian, Mambo Kingz",14,5,36,NI,2025-06-11,84,True,286040,Diles,2016-08-26,0.813,0.56,2,-5.904,0,0.0618,0.108,0.0,0.268,0.287,118.033,4
7d6yK8v8J484SWH5prIQiE,VeLDÁ,"Bad Bunny, Omar Courtz, Dei V",15,2,2,NI,2025-06-11,92,True,235336,DeBÍ TiRAR MáS FOToS,2025-01-05,0.613,0.981,1,-18.638,1,0.149,0.29,0.0023,0.437,0.0337,101.852,3
0fea68AdmYNygeTGI4RC18,LA CANCIÓN,"J Balvin, Bad Bunny",16,11,6,NI,2025-06-11,90,False,242573,OASIS,2019-06-28,0.756,0.646,7,-5.795,1,0.319,0.152,1.81e-05,0.108,0.429,176.088,4
0L5gbpFGU06vqSHacOxgka,TU TU TU,"Clave Especial, Edgardo Nuñez",17,-1,-2,NI,2025-06-11,86,True,151570,MIJA NO TE ASUSTES,2025-02-20,0.768,0.816,5,-5.264,0,0.0755,0.169,5.1e-05,0.477,0.828,142.163,3
3jS9G4KmuOwuawj3k4Smpc,Vita Fer,"Los Dareyes De La Sierra, Tito Double P",18,-3,-5,NI,2025-06-11,83,True,184743,Redención,2025-05-08,0.769,0.81,3,-3.567,0,0.0623,0.351,0.0,0.111,0.753,125.02,3
3sK8wGT43QFpWrvNQsrQya,DtMF,Bad Bunny,19,-1,-1,NI,2025-06-11,97,True,237117,DeBÍ TiRAR MáS FOToS,2025-01-05,0.625,0.131,7,-27.405,0,0.0717,0.177,0.218,0.0807,0.032,136.02,4
5mp6OBKCAjN4UYRvhOuUze,Tu Boda,"Oscar Maydon, Fuerza Regida",20,-6,30,NI,2025-06-11,68,True,225880,"Rico o Muerto, Vol. 1",2025-06-06,0.694,0.651,6,-6.968,1,0.0785,0.496,1.36e-05,0.0787,0.472,112.648,3
3KZCP2StVGdWkOKyRZNWA4,Es un Secreto,Plan B,21,5,9,NI,2025-06-11,84,False,192120,House of Pleasure,2010-07-20,0.841,0.774,6,-4.963,0,0.0421,0.117,2.66e-06,0.0674,0.494,95.006,4
3KgHiAVuP88QoQs9CO4z1P,TATTOO,Tito Double P,22,-2,-2,NI,2025-06-11,90,True,167955,TATTOO,2025-02-27,0.755,0.747,10,-4.278,0,0.0656,0.482,5.48e-06,0.0853,0.463,109.897,3
4MUrUT38U98olfnyzMBCzm,KLOuFRENS,Bad Bunny,23,0,0,NI,2025-06-11,90,True,199114,DeBÍ TiRAR MáS FOToS,2025-01-05,0.326,0.125,1,-32.45,1,0.148,0.703,0.706,0.18,0.306,106.974,4
5lKFO0PrOC9jmOlPEdjHsL,DOS DÍAS,"Tito Double P, Peso Pluma",24,6,8,NI,2025-06-11,88,True,153928,INCÓMODO,2024-08-22,0.745,0.513,1,-9.116,1,0.087,0.783,0.0,0.216,0.929,109.935,3
5LHPcY9yd0hWVFIW4yfOCJ,Pika Pika,"Chuyin, Fuerza Regida, Jorsshh, Calle 24",25,-4,-6,NI,2025-06-11,88,True,147981,Pika Pika,2024-11-29,0.716,0.808,1,-6.383,1,0.0332,0.207,4.61e-06,0.14,0.788,127.023,3
6ifUES3keWjwXgae8pXI3o,Me Rehúso,Danny Ocean,26,21,23,NI,2025-06-11,86,False,205714,54+1,2019-03-22,0.744,0.804,1,-6.327,1,0.0677,0.0231,0.0,0.0494,0.426,104.823,4
0DMJz677XfXiiruhIELu2e,VITAMINA,"Jombriel, DFZM, Jøtta",27,-2,0,NI,2025-06-11,92,False,208743,VITAMINA,2025-02-27,0.815,0.746,10,-4.855,0,0.0528,0.015,2.26e-06,0.056,0.768,92.007,4
7bywjHOc0wSjGGbj04XbVi,LUNA,"Feid, ATL Jacob",28,9,15,NI,2025-06-11,89,False,196800,FERXXOCALIPSIS,2023-12-01,0.774,0.86,7,-2.888,0,0.13,0.131,0.0,0.116,0.446,100.019,4
2SkB7jADnfiWH8qAE9H8cO,En Privado,"Xavi, Manuel Turizo",29,-7,-8,NI,2025-06-11,89,False,199399,En Privado,2025-02-06,0.833,0.863,7,-3.822,1,0.0377,0.111,4.75e-06,0.135,0.91,126.973,4
3FqUPvubYeRCMsdJ02QyZR,TÚ NAME,Fuerza Regida,30,16,20,NI,2025-06-11,84,False,152078,Dolido Pero No Arrepentido,2024-02-09,0.76,0.747,0,-5.083,0,0.0282,0.0675,2.73e-06,0.309,0.884,128.912,3
0HDHY6RSHHG2ZTE0cMT4GJ,Los Infieles,Aventura,31,13,9,NI,2025-06-11,83,False,257186,K.O.B. Live,2006-12-19,0.745,0.716,9,-8.221,0,0.0411,0.202,0.0,0.059,0.817,132.932,4
2JPctdUgvkQSpnUdfROxvY,Te Quería Ver,"Alemán, Neton Vega",32,-8,-7,NI,2025-06-11,84,False,176129,De Vuelta a las Andadas,2025-05-09,0.807,0.763,4,-5.172,0,0.0624,0.186,1.69e-05,0.0917,0.448,100.033,4
5TFD2bmFKGhoCRbX61nXY5,NUEVAYoL,Bad Bunny,33,-1,0,NI,2025-06-11,94,False,183685,DeBÍ TiRAR MáS FOToS,2025-01-05,0.142,0.195,6,-20.024,1,0.139,0.265,0.995,0.204,0.12,137.922,4
0LTwdL5yZ6YOTEGUQPFuSN,ROSONES,Tito Double P,34,-5,-5,NI,2025-06-11,88,True,177590,ROSONES,2024-12-05,0.802,0.726,1,-5.939,1,0.0318,0.704,9.7e-06,0.117,0.604,120.129,3
0Qe2g06yzLBuuSvVmFiweP,Hasta Aquí Llegué,"Nanpa Básico, Beéle",35,5,3,NI,2025-06-11,84,False,188887,Duelo,2024-11-07,0.641,0.657,11,-8.338,0,0.218,0.538,0.0,0.106,0.411,100.016,4
3fmw8iIyQDS2L7nE6Wd0xG,sobelove,Beéle,36,0,-8,NI,2025-06-11,81,False,131827,BORONDO,2025-05-15,0.756,0.721,8,-4.046,0,0.191,0.36,9.88e-06,0.0794,0.715,111.994,4
1a7onn7lPqqRWul5ogyMyX,ANSIEDAD,Fuerza Regida,37,-2,-11,NI,2025-06-11,87,True,151836,111XPANTIA,2025-05-02,0.659,0.684,10,-7.631,0,0.0336,0.421,0.0,0.0814,0.737,107.057,3
3t72JCbFJ3syOhFC7x9Pa4,M&M,Neton Vega,38,-7,-14,NI,2025-06-11,89,False,166801,Mi Vida Mi Muerte,2025-02-14,0.596,0.839,5,-6.022,1,0.038,0.334,0.00713,0.0952,0.537,178.837,3
2BvPMS2XWfnCpHHvWeOyeC,DETRÁS DE TU ALMA,Mora,39,6,11,NI,2025-06-11,83,True,237000,LO MISMO DE SIEMPRE,2025-05-18,0.433,0.733,4,-5.54,0,0.128,0.503,0.0,0.244,0.263,89.405,4
5GTBdEjZe7zEDp1N0eCZE4,HOLLYWOOD,"Peso Pluma, Estevan Plazola",40,-6,-5,NI,2025-06-11,85,True,284864,ÉXODO,2024-06-20,0.707,0.683,3,-7.598,0,0.191,0.7,5.88e-06,0.134,0.545,94.979,3
51qYdMBxt9mFbtZBzq1Yfi,Regalo De Dios,Julión Álvarez y su Norteño Banda,41,-8,7,NI,2025-06-11,85,False,185933,PRESENTE,2023-11-17,0.792,0.516,4,-6.097,0,0.027,0.197,0.0,0.0855,0.916,108.939,4
1YYfyJ2yCvGFCxwjsIqEK9,Khé?,"Rauw Alejandro, Romeo Santos",42,1,8,NI,2025-06-11,88,False,206066,Cosa Nuestra,2024-11-15,0.687,0.627,7,-4.975,1,0.181,0.326,0.0,0.0893,0.47,155.865,4
6X6m4xmdFcz31p1h7Qg68c,EL LOKERON,Tito Double P,43,-1,-1,NI,2025-06-11,86,True,145473,INCÓMODO,2024-08-22,0.724,0.689,7,-7.174,0,0.0524,0.573,6.77e-06,0.0922,0.936,120.208,3
59D4DOkspUbWyMmbAPQkxZ,VOY A LLeVARTE PA PR,Bad Bunny,44,-6,-8,NI,2025-06-11,93,True,156364,DeBÍ TiRAR MáS FOToS,2025-01-05,0.148,0.604,7,-35.032,1,0.0588,0.921,0.453,0.405,1e-05,106.295,3
07bruo5RoHasGqnun1Z31S,Chiquita,"Neton Vega, Tito Double P",45,-17,5,NI,2025-06-11,88,False,132051,Mi Vida Mi Muerte,2025-02-14,0.745,0.862,1,-6.345,0,0.058,0.519,2.29e-05,0.12,0.815,138.065,3
2QP041AcWg8PwPIWP95RKN,top diesel,Beéle,46,-5,4,NI,2025-06-11,82,False,189456,BORONDO,2025-05-15,0.825,0.73,5,-4.007,1,0.11,0.144,0.000884,0.0435,0.77,99.995,4
6uroNiDEDd0xFLiri0aQNk,Triple Lavada,Esau Ortiz,47,3,-16,NI,2025-06-11,91,True,165790,Triple Lavada,2025-03-28,0.909,0.583,10,-5.735,0,0.0847,0.417,0.0,0.137,0.557,100.012,4
4VWKUO1My9MfRecR5ftRkr,Rey Sin Reina,Julión Álvarez y su Norteño Banda,48,-9,-9,NI,2025-06-11,79,False,150523,42 18,2025-02-19,0.529,0.356,3,-6.612,1,0.0569,0.29,0.0,0.136,0.659,169.653,3
4DnrAI8WyUY6gkOwl8GlPN,capaz (merengueton),"Alleh, Yorghaki",49,-1,1,NI,2025-06-11,90,False,173858,LA CIUDAD,2024-12-24,0.872,0.614,3,-5.618,0,0.181,0.0815,0.000207,0.135,0.785,126.957,4
2MioxSroS0g1mi24LLfcnq,Por un Segundo,Aventura,50,0,0,NI,2025-06-11,81,False,255026,The Last,2009-06-09,0.811,0.562,5,-10.183,0,0.0368,0.137,0.0,0.0623,0.965,129.039,4
4sm7xhaW2PT4iLuTtXaKa1,99 (feat. Daecolm),"Olamide, Seyi Vibez, Asake, Young Jonn, Daecolm",1,0,49,NG,2025-06-11,62,False,248832,99 (feat. Daecolm),2025-06-09,0.796,0.618,5,-8.775,0,0.102,0.223,0.000738,0.0918,0.727,112.06,4
54HwZc6fEmR5EnjRT4oBq5,Very Soon,"BNXN, FOLA",2,0,48,NG,2025-06-11,73,False,137100,Very Soon,2025-06-04,0.795,0.492,8,-9.565,1,0.0975,0.716,0.0496,0.11,0.446,99.966,4
05lhFsOWPXRjfGA7xY7XJz,Pressure,Seyi Vibez,3,0,-2,NG,2025-06-11,79,False,159994,Pressure,2025-05-21,0.587,0.384,10,-14.073,1,0.218,0.0351,0.000648,0.0404,0.74,105.388,4
3wdV4OJ37JdoLyUJMm50UW,lost,"FOLA, Kizz Daniel",4,3,0,NG,2025-06-11,77,False,168082,lost,2025-04-24,0.417,0.359,11,-13.971,1,0.103,0.858,0.00235,0.101,0.521,92.2,1
0mCxHKr5bp05PMdD7jU4rW,Al-Jannah,"Kizz Daniel, ODUMODUBLVCK, Bella Shmurda",5,-1,-3,NG,2025-06-11,72,True,138614,Uncle K: Lemon Chase,2025-05-29,0.533,0.777,2,-5.501,1,0.27,0.0771,0.0,0.112,0.52,136.673,5
5GyaXqMfcIGHfmTUITFacS,With You (feat. Omah Lay),"Davido, Omah Lay",6,-1,-3,NG,2025-06-11,83,False,136036,5ive,2025-04-18,0.695,0.836,1,-5.553,0,0.0462,0.0075,0.0246,0.0325,0.814,125.002,4
56lGvDVasowdpufZnBJbuB,Titi,"Kizz Daniel, FOLA",7,-1,-2,NG,2025-06-11,72,True,181606,Uncle K: Lemon Chase,2025-05-29,0.774,0.677,0,-3.894,1,0.124,0.418,0.00554,0.12,0.481,98.94,4
2iCI6gHilTbSiD8a138KMU,Che Che (feat. Asake),"Young Jonn, Asake",8,0,42,NG,2025-06-11,68,False,169911,Che Che (feat. Asake),2025-06-06,0.658,0.704,7,-8.617,0,0.127,0.176,6.43e-05,0.18,0.0504,112.392,4
5nmYNuBSh99LNDdZ0iSe2O,Get Better,"Zlatan, FOLA",9,0,-3,NG,2025-06-11,75,False,195600,Get Better,2025-03-21,0.64,0.538,8,-10.027,1,0.354,0.387,0.0,0.206,0.521,66.304,5
4WnlAkJ3S0r6C7ofHy6kNP,Arike,Kunmie,10,0,-2,NG,2025-06-11,76,False,124286,Arike,2025-02-15,0.641,0.493,7,-8.235,1,0.213,0.709,0.000176,0.113,0.147,112.61,5
4DREBgUie15tAPq9KQqe2c,Laho II,"Shallipopi, Burna Boy",11,0,-2,NG,2025-06-11,79,True,157090,Laho II,2025-04-25,0.654,0.481,6,-7.284,1,0.17,0.183,0.0239,0.103,0.589,137.618,5
2pNjk1fIZTMtj8ry6SdEmB,Venus,"Faceless, Serøtonin",12,1,-5,NG,2025-06-11,78,False,139199,Venus,2024-11-28,0.597,0.591,2,-8.161,0,0.182,0.627,0.191,0.19,0.84,200.008,4
52ZxqHSe1HesJPwuuBiW4U,MARIO KART,Seyi Vibez,13,-1,-2,NG,2025-06-11,74,True,171138,Children of Africa,2025-02-20,0.761,0.558,9,-12.608,0,0.051,0.146,0.00368,0.083,0.511,115.017,4
3ZR7IlqBPK8TrJyZYfFX9L,who does that? (feat. Bella Shmurda),"FOLA, Bella Shmurda",14,0,3,NG,2025-06-11,72,False,159945,what a feeling,2024-12-05,0.625,0.749,10,-6.638,1,0.293,0.585,7.05e-05,0.124,0.381,61.697,5
3RMr94P81nO3GtW9MfqNp5,PITY THIS BOY (with Victony),"ODUMODUBLVCK, Victony",15,2,-3,NG,2025-06-11,71,False,165000,THE MACHINE IS COMING,2025-03-31,0.855,0.714,11,-8.073,0,0.0555,0.572,0.0,0.0853,0.745,111.988,4
1xFkc8KXwVk1FoG5xhcU3H,See Me See God (SMSG),Barry Jhay,16,5,11,NG,2025-06-11,71,False,192857,Barrystar Vol. 1,2025-04-10,0.743,0.672,8,-7.656,1,0.132,0.333,0.000262,0.317,0.435,111.974,4
7msfmSm4KbVnIds5DvsGzT,Joy is Coming,Fido,17,3,-4,NG,2025-06-11,76,False,188571,Joy is Coming,2024-12-14,0.908,0.608,1,-7.376,0,0.0885,0.0367,3.45e-06,0.0916,0.812,112.001,4
0OWPr4POCQ7iH9BGmTxOZV,LEGOLAS,ODUMODUBLVCK,18,9,-2,NG,2025-06-11,72,False,169285,THE MACHINE IS COMING,2025-03-31,0.403,0.642,2,-7.623,0,0.202,0.618,0.0,0.0866,0.709,60.704,5
6n6J0mZb0ltWlt2AqobHVd,Black Girl Magic,Kizz Daniel,19,4,-5,NG,2025-06-11,69,False,137142,Uncle K: Lemon Chase,2025-05-29,0.655,0.781,11,-4.743,1,0.116,0.489,0.00884,0.169,0.902,104.944,4
6zZixF6uYbtG8uiNzDO2LH,Funds (feat. ODUMODUBLVCK & Chike),"Davido, ODUMODUBLVCK, Chike",20,2,-1,NG,2025-06-11,72,False,206948,5ive,2025-04-18,0.817,0.738,1,-6.197,0,0.0371,0.187,0.0,0.108,0.726,113.04,4
2hODYSmDyWMu2C2XN4bgOV,SHAOLIN,Seyi Vibez,21,5,5,NG,2025-06-11,73,True,140527,Children of Africa,2025-02-20,0.706,0.905,5,-7.425,0,0.0865,0.13,0.00362,0.122,0.844,151.124,4
20l4NPs2c9OBKBKUKRjxIy,Chandelier,Monaky,22,-6,-1,NG,2025-06-11,72,False,175666,Candor,2024-11-08,0.721,0.636,5,-9.437,0,0.0612,0.446,0.064,0.125,0.466,100.031,4
2JkIrQmiFXvqYQHhnPiY5D,TaTaTa (feat. Travis Scott),"Burna Boy, Travis Scott",23,27,-13,NG,2025-06-11,73,False,150651,TaTaTa (feat. Travis Scott),2025-05-21,0.915,0.517,10,-8.381,1,0.189,0.0653,0.00117,0.0739,0.724,124.042,4
07eJSSPcNlkR34wVlkrCcY,Dangbana Riddim,"Bella Shmurda, FOLA",24,-6,-2,NG,2025-06-11,72,False,160587,Dangbana Riddim,2025-04-11,0.788,0.686,5,-6.487,0,0.105,0.535,1.07e-06,0.0838,0.903,111.014,4
0lhLSwvRKGHfIcVEz3uQK6,Laho,Shallipopi,25,-6,-2,NG,2025-06-11,79,True,144000,Laho,2025-03-13,0.965,0.435,6,-8.056,1,0.175,0.331,0.0377,0.116,0.559,110.03,4
7mdvPu1ZAOIgMzr3sfpAqk,My Darling,Chella,26,-1,-6,NG,2025-06-11,81,False,146086,My Darling,2025-03-26,0.832,0.494,7,-9.27,0,0.0509,0.293,0.782,0.0894,0.619,115.032,4
7L1DT2ByQ331AJkDfjvI5N,Management,"Smur Lee, BIGKHALID",27,-12,4,NG,2025-06-11,72,True,155669,Management,2025-01-25,0.836,0.707,8,-9.436,1,0.0745,0.0842,5.1e-05,0.122,0.731,111.988,4
5hphSVebVxTpDfrk09W0hS,Doha,Seyi Vibez,28,2,1,NG,2025-06-11,72,False,164317,Loseyi Professor,2024-07-12,0.534,0.691,5,-8.121,0,0.428,0.421,6.88e-05,0.155,0.343,203.894,4
0UKX2OlSnobdX77f0Y1jok,Kai!,"Olamide, Wizkid",29,0,-14,NG,2025-06-11,76,True,175367,Kai!,2025-04-28,0.573,0.726,5,-7.381,1,0.284,0.505,0.134,0.177,0.567,199.061,4
1136eJrkWsDvReASbjLTaU,Awolowo,Fido,30,-2,-2,NG,2025-06-11,75,False,135576,Awolowo,2024-08-07,0.619,0.385,0,-11.272,0,0.118,0.129,0.00369,0.179,0.294,106.312,5
10y7iW3rc8bzGbhAC3mNPA,Are you there?,Ayo Maff,31,4,4,NG,2025-06-11,71,False,156428,MAFFIAN,2024-08-15,0.782,0.529,0,-8.626,1,0.0592,0.509,1.42e-06,0.413,0.44,112.014,4
4XHrQHvHWlE0RldeG8Nslq,Na Scra,Famous Pluto,32,-1,0,NG,2025-06-11,72,True,150000,Na Scra,2025-03-07,0.89,0.886,1,-5.689,1,0.0626,0.183,0.0108,0.167,0.836,112.03,4
5Wxkvvb6pLky16pwq4gBI3,Dealer,"Ayo Maff, Fireboy DML",33,6,-8,NG,2025-06-11,72,False,180594,Dealer,2024-04-16,0.49,0.651,11,-6.259,1,0.138,0.714,7.59e-06,0.108,0.567,67.813,5
1Ss5QjczHsdYkvNsiBmoqS,Instagram,"Muyeez, Seyi Vibez",34,16,5,NG,2025-06-11,69,False,140606,Instagram,2024-04-30,0.554,0.685,2,-7.529,1,0.218,0.356,0.0,0.0798,0.432,198.186,4
0Q1bMs3xLQiDEeaneehdxv,Remember,Asake,35,5,5,NG,2025-06-11,72,False,182142,Work Of Art,2023-06-15,0.755,0.675,10,-6.973,1,0.0918,0.512,1.41e-06,0.117,0.783,112.049,4
5VKXfM7SWob2onq118RjYJ,No Turning Back II,"Gaise Baba, Lawrence Oyor",36,-4,-18,NG,2025-06-11,73,False,299468,No Turning Back II,2025-05-16,0.671,0.948,5,-4.443,0,0.171,0.052,0.0,0.287,0.551,113.064,4
2aisLWyo4vnIsh7yJHweaN,Sweet,"Spyro, Shoday",37,0,13,NG,2025-06-11,65,False,153000,Sweet,2025-05-22,0.892,0.75,1,-5.79,1,0.113,0.167,0.000348,0.0792,0.904,120.091,4
2LP8KwtvzUx1onvXKQCoKR,WOTOWOTO SEASONING (feat. Black Sherif),"ODUMODUBLVCK, Black Sherif",38,12,12,NG,2025-06-11,71,True,171089,EZIOKWU (UNCUT),2023-12-01,0.584,0.528,1,-8.829,0,0.343,0.658,0.00566,0.13,0.283,102.067,4
3qS4spuVywoeh9uGIpRuQh,Bout U,Rema,39,-6,-9,NG,2025-06-11,76,False,163481,Bout U,2025-04-10,0.649,0.773,2,-4.384,1,0.0474,0.183,8.49e-06,0.272,0.485,94.027,4
6NOrpcicPUh2eaj8bAD44u,Baby (Is it a Crime),Rema,40,-6,-6,NG,2025-06-11,79,False,164151,Baby (Is it a Crime),2025-02-07,0.58,0.665,5,-4.659,0,0.0438,0.0751,4.32e-06,0.39,0.695,129.915,5
78lEwmE6xpWtwHhS8D9Fw2,Escaladizzy,"Mavo, WAVE$TAR",41,1,9,NG,2025-06-11,59,True,164745,Escaladizzy,2025-06-06,0.591,0.866,9,-4.46,0,0.0556,0.175,0.0,0.552,0.62,157.349,5
0VjzaXw81JQJM61pzWwP8b,Nzaza,Asake,42,4,3,NG,2025-06-11,70,False,183829,Mr. Money With The Vibe,2022-09-07,0.72,0.602,0,-6.797,1,0.07,0.23,0.00472,0.509,0.709,93.966,4
4xVj25uTjTZCaHbSFbYwAE,Hey Jago,"Poco Lee, Shoday, Rahman Jago",43,-7,-1,NG,2025-06-11,71,True,125284,Hey Jago,2025-03-19,0.772,0.95,1,-4.359,0,0.243,0.21,1.19e-06,0.0943,0.795,125.002,4
1k51Q6GFWBbsaWlBB2gnzo,Gimme Dat (feat. Wizkid),"Ayra Starr, Wizkid",44,-6,-8,NG,2025-06-11,78,False,225500,Gimme Dat,2025-04-25,0.739,0.754,10,-5.284,1,0.177,0.00851,0.0,0.0981,0.596,94.851,4
13VXuHw3O8Yt7VwRIDqSo4,MMS,"Asake, Wizkid",45,2,-4,NG,2025-06-11,75,False,219628,Lungu Boy,2024-08-08,0.502,0.634,8,-3.367,0,0.144,0.677,0.0341,0.188,0.645,101.837,3
4OnCrs3h948Ee4yLLTcaRx,JUJU (with Smur Lee & Shallipopi),"ODUMODUBLVCK, Smur Lee, Shallipopi",46,3,3,NG,2025-06-11,67,True,157750,THE MACHINE IS COMING,2025-03-31,0.848,0.687,6,-8.457,0,0.0716,0.0434,0.225,0.0644,0.585,113.038,4
4uLBwGnr1U3ctcDZrnVEgK,WHY LOVE,Asake,47,-6,-3,NG,2025-06-11,72,True,210000,WHY LOVE,2025-02-11,0.791,0.489,5,-8.061,0,0.0733,0.024,0.00253,0.106,0.556,111.997,4
6JvWMLscnWYkgX1zPufIGT,Kese (Dance),Wizkid,48,0,-10,NG,2025-06-11,75,False,174053,Morayo,2024-11-22,0.775,0.874,5,-5.635,0,0.0503,0.143,0.393,0.411,0.915,118.082,4
5EMD7ozaMBD2GJCUHD5nVn,Feeling,FOLA,49,-4,1,NG,2025-06-11,67,False,161619,Feeling,2024-02-23,0.512,0.684,5,-6.59,1,0.0633,0.703,0.000384,0.109,0.478,109.508,4
3H2bLX6U4kNuv04iTkCrSp,HAUSAPIANO - Remix,"Kvng Vinci, Zerrydl",50,-6,-7,NG,2025-06-11,70,False,137844,HAUSAPIANO (Remix),2024-11-01,0.796,0.636,7,-9.828,1,0.127,0.463,0.0319,0.248,0.433,116.032,4
27xkOIER6uDLKALIelHylZ,Don’t Say You Love Me,Jin,1,0,0,MY,2025-06-11,93,False,180716,Echo,2025-05-16,0.729,0.562,8,-5.49,1,0.0304,0.484,0.0,0.105,0.757,111.976,4
4e6TmHCC4PRUj75knNplNP,Mangu,"Fourtwnty, Charita Utami",2,0,0,MY,2025-06-11,87,False,261048,Nalar,2023-04-18,0.534,0.295,7,-8.733,1,0.0238,0.647,2.96e-06,0.0794,0.197,94.048,4
0FTmksd2dxiE5e3rWyJXs6,back to friends,sombr,3,1,1,MY,2025-06-11,98,False,199032,back to friends,2024-12-27,0.436,0.723,1,-2.291,1,0.0301,9.37e-05,8.82e-05,0.0929,0.235,92.855,4
1RaJdXCj61oSRUUciGKoWe,bergema sampai selamanya,Nadhif Basalamah,4,-1,-1,MY,2025-06-11,85,False,198567,bergema sampai selamanya,2025-01-31,0.263,0.506,8,-5.843,1,0.0341,0.761,0.0274,0.0626,0.209,159.852,4
1UPB5rYJ0bzn6mNSoAHrZC,You'll Be in My Heart,NIKI,5,0,1,MY,2025-06-11,93,False,241776,You'll Be In My Heart,2022-09-14,0.486,0.613,9,-8.748,1,0.0394,0.0569,0.00139,0.126,0.633,187.531,4
3be9ACTxtcL6Zm4vJRUiPG,blue,yung kai,6,0,1,MY,2025-06-11,92,False,214357,blue,2024-08-02,0.746,0.317,4,-11.982,1,0.0342,0.933,0.0186,0.121,0.585,97.49,3
6dOtVTDdiauQNBQEDOtlAB,BIRDS OF A FEATHER,Billie Eilish,7,1,1,MY,2025-06-11,100,False,210373,HIT ME HARD AND SOFT,2024-05-17,0.747,0.507,2,-10.171,1,0.0358,0.2,0.0608,0.117,0.438,104.978,4
3v0kDUI2OMYefvcgJYssUv,Bukan Lagi Kita,Nadeera,8,-1,4,MY,2025-06-11,69,False,212500,Bukan Lagi Kita,2024-08-15,0.43,0.735,6,-4.506,0,0.0444,0.2,0.0,0.0582,0.182,144.189,4
3QaPy1KgI7nu9FJEQUgn6h,WILDFLOWER,Billie Eilish,9,1,2,MY,2025-06-11,96,False,261466,HIT ME HARD AND SOFT,2024-05-17,0.467,0.247,6,-12.002,0,0.0431,0.612,0.000271,0.17,0.126,148.101,4
0fK7ie6XwGxQTIkpFoWkd1,like JENNIE,JENNIE,10,1,-1,MY,2025-06-11,95,True,123517,Ruby,2025-03-07,0.811,0.743,10,-5.321,0,0.0611,0.281,0.00671,0.0868,0.815,130.019,4
1hlHeIZ36Idpr57xPI8OCD,Garam & Madu (Sakit Dadaku),"Tenxi, Jemsii, Naykilla",11,-2,-6,MY,2025-06-11,84,False,184320,Garam & Madu (Sakit Dadaku),2025-01-03,0.915,0.776,3,-5.119,0,0.05,0.354,0.000597,0.206,0.46,124.969,4
7so0lgd0zP2Sbgs2d7a1SZ,Die With A Smile,"Lady Gaga, Bruno Mars",12,2,1,MY,2025-06-11,91,False,251667,MAYHEM,2025-03-07,0.519,0.601,6,-7.727,0,0.0317,0.289,0.0,0.126,0.498,157.964,3
0b7PI4ikygOrxYu8TSQI92,Aku Dah Lupa,"MikkyZia, F4dli",13,0,-3,MY,2025-06-11,82,False,182354,Aku Dah Lupa,2025-03-27,0.724,0.555,1,-8.941,0,0.0832,0.374,0.000536,0.0604,0.621,205.996,4
2CneKWpjKErzqZhHID0avV,Menjaga Jodoh Orang Lain,Ara Johari,14,-2,1,MY,2025-06-11,68,False,272972,Menjaga Jodoh Orang Lain,2024-07-31,0.364,0.418,3,-6.358,1,0.0291,0.76,0.0,0.179,0.179,138.917,4
5rhwXZP0luMucnEPnYJpbI,Kasih Aba Aba,"Naykilla, Tenxi, Jemsii",15,0,1,MY,2025-06-11,80,False,176608,Kasih Aba Aba,2025-04-28,0.964,0.539,1,-6.095,0,0.0557,0.299,0.0,0.102,0.692,115.019,4
6EIMUjQ7Q8Zr2VtIUik4He,drunk text,Henry Moodie,16,1,1,MY,2025-06-11,83,False,187263,in all of my lonely nights,2024-01-26,0.614,0.493,0,-5.356,1,0.0314,0.0676,0.0,0.113,0.176,94.784,3
42UBPzRMh5yyz0EDPr6fr1,Manchild,Sabrina Carpenter,17,2,33,MY,2025-06-11,89,True,213645,Manchild,2025-06-05,0.731,0.685,7,-5.087,1,0.0572,0.122,0.0,0.317,0.811,123.01,4
2ECbN3xQ7M6B7AI9BhhCy7,Stecu Stecu,Faris Adam,18,-2,-4,MY,2025-06-11,84,False,223750,Stecu Stecu,2025-03-05,0.832,0.825,8,-4.951,1,0.0601,0.119,0.0,0.133,0.915,103.011,4
2CGNAOSuO1MEFCbBRgUzjd,luther (with sza),"Kendrick Lamar, SZA",19,3,-1,MY,2025-06-11,92,False,177598,GNX,2024-11-21,0.707,0.575,2,-7.546,1,0.125,0.251,0.0,0.248,0.576,138.008,4
7CyPwkp0oE8Ro9Dd5CUDjW,"One Of The Girls (with JENNIE, Lily Rose Depp)","The Weeknd, JENNIE, Lily-Rose Depp",20,3,2,MY,2025-06-11,94,False,244684,The Idol Episode 4 (Music from the HBO Original Series),2023-06-23,0.264,0.64,8,-6.221,1,0.0442,0.0393,2.31e-06,0.151,0.19,84.828,4
0TRKtVvsVmOkXCvnq5AgNE,Reminisensi,Insomniacks,21,-3,-2,MY,2025-06-11,67,False,265406,Kepala Batu EP,2020-07-24,0.464,0.601,10,-7.043,1,0.0256,0.0815,0.0,0.105,0.267,77.986,4
0dS2u2UFd88TIzDDaZDLvS,Here With Me,d4vd,22,10,4,MY,2025-06-11,57,False,242484,Here With Me,2022-09-22,0.574,0.469,4,-8.209,1,0.0254,0.534,9.21e-05,0.128,0.288,132.023,4
26KhLgFuPymkm1uiZkc6Rv,Bunga Maaf,The Lantis,23,1,-3,MY,2025-06-11,84,False,252349,Bunga Maaf,2024-11-15,0.468,0.525,9,-7.399,1,0.0283,0.789,0.0244,0.0861,0.296,158.15,4
79HHRLEs61LSjrrKjlCUSt,Seni Berdamai Dengan Takdir,"Naim Daniel, Adnin Roslan",24,21,26,MY,2025-06-11,55,False,235890,Seni Berdamai Dengan Takdir,2025-05-23,0.448,0.386,10,-8.07,1,0.0272,0.819,0.0,0.103,0.221,145.553,4
67C6LHREqmytK923Ak6R0I,Sempurna,Insomniacks,25,-4,0,MY,2025-06-11,65,False,251714,Sempurna,2022-02-14,0.317,0.38,9,-10.414,1,0.0319,0.467,2.7e-05,0.091,0.191,135.563,3
2OxvanM5m1Na9OVlXyXmUp,Lesung Pipi,Raim Laode,26,3,11,MY,2025-06-11,88,False,225153,Lesung Pipi,2023-08-31,0.6,0.375,0,-10.668,1,0.0316,0.465,0.0,0.542,0.401,135.816,4
0hlZ8daapg8QHpHsDyaqbg,Hanya Aku,Hyper Act,27,-7,0,MY,2025-06-11,64,False,200163,Impian,2014-06-15,0.451,0.509,0,-7.234,1,0.0292,0.745,0.0,0.131,0.171,157.978,4
3CSFXGhoR8C9kBF90xhIXG,Tanpa Cinta,"Yovie Widianto, Tiara Andini",28,-3,-7,MY,2025-06-11,82,False,255327,Tanpa Cinta,2025-04-24,0.515,0.438,3,-8.723,1,0.0315,0.861,7.08e-06,0.132,0.226,135.812,4
1XZE0InCx3SdCnLpVsPpZl,Jumping Machine (跳楼机),LBI利比,29,4,6,MY,2025-06-11,82,False,201642,Jumping Machine (跳楼机),2025-01-23,0.605,0.53,6,-7.981,1,0.029,0.659,0.0,0.172,0.351,127.939,4
26PxiMFtKVpovBotmMaxor,lowkey,"lucidrari, Heil Nuan",30,-4,-6,MY,2025-06-11,63,True,217283,lowkey,2025-03-15,0.698,0.742,9,-6.832,1,0.0405,0.645,0.00282,0.0952,0.816,129.983,4
3PeIxOLCSZtpMCo24EcapU,Kekasih Bayangan,Cakra Khan,31,7,19,MY,2025-06-11,60,False,283142,Kekasih Bayangan,2017-01-01,0.447,0.337,0,-7.187,1,0.0272,0.723,0.0,0.105,0.341,147.957,4
2RdEC8Ff83WkX7kDVCHseE,party 4 u,Charli xcx,32,-2,-2,MY,2025-06-11,93,False,296653,how i'm feeling now,2020-05-15,0.579,0.522,1,-8.393,1,0.0993,0.761,1.41e-05,0.655,0.245,79.453,4
2HRgqmZQC0MC7GeNuDIXHN,Seven (feat. Latto) (Explicit Ver.),"Jung Kook, Latto",33,9,16,MY,2025-06-11,85,True,183550,GOLDEN,2023-11-03,0.79,0.831,11,-4.185,1,0.044,0.312,0.0,0.0797,0.872,124.987,4
51ZQ1vr10ffzbwIjDCwqm4,we can't be friends (wait for your love),Ariana Grande,34,2,7,MY,2025-06-11,89,False,228639,eternal sunshine,2024-03-08,0.645,0.646,5,-8.334,1,0.0427,0.0615,3.04e-05,0.074,0.295,115.842,4
654ZF6YNWjQS2NhwR3QnX7,Komang,Raim Laode,35,13,15,MY,2025-06-11,85,False,222706,Komang,2022-08-16,0.696,0.413,7,-8.548,1,0.027,0.396,5.92e-05,0.0998,0.344,133.905,4
4wJ5Qq0jBN4ajy7ouZIV1c,APT.,"ROSÉ, Bruno Mars",36,5,-7,MY,2025-06-11,89,False,169917,rosie,2024-12-06,0.777,0.783,0,-4.477,0,0.26,0.0283,0.0,0.355,0.939,149.027,4
7ne4VBA60CxGM75vw0EYad,That’s So True,Gracie Abrams,37,2,-4,MY,2025-06-11,96,True,166300,The Secret of Us (Deluxe),2024-10-18,0.554,0.808,1,-4.169,1,0.0368,0.214,0.0,0.159,0.372,108.548,4
6i9Ci0IN1q1GcnhdbKU7kZ,penjaga hati,Nadhif Basalamah,38,2,-4,MY,2025-06-11,76,False,260346,Nadhif,2024-06-21,0.509,0.359,2,-8.993,1,0.0279,0.879,0.0289,0.19,0.329,155.799,4
6091bZPxSMXCvRlZwaeDO3,Seribu Tahun Lagi,Imran Ajmain,39,-2,11,MY,2025-06-11,35,False,262272,Sila Ambil Perhatian,2025-06-06,0.245,0.431,10,-6.268,0,0.0329,0.239,0.00819,0.11,0.267,132.018,3
5O2P9iiztwhomNh8xkR9lJ,Night Changes,One Direction,40,10,4,MY,2025-06-11,90,False,226600,FOUR (Deluxe),2014-11-17,0.672,0.52,8,-7.747,1,0.0353,0.859,0.0,0.115,0.37,120.001,4
3siwsiaEoU4Kuuc9WKMUy5,No One Noticed,The Marías,41,-10,-13,MY,2025-06-11,93,False,236906,Submarine,2024-05-31,0.705,0.339,7,-10.612,1,0.0278,0.552,0.0814,0.12,0.457,97.989,4
0FYnBVsruGEFIBRI3a4Vmz,Rahsia Tuhan,Noh Salleh,42,-14,-2,MY,2025-06-11,65,False,287071,Rahsia Tuhan,2024-09-06,0.397,0.596,11,-7.612,1,0.0274,0.161,0.879,0.357,0.278,139.901,4
4WFgvKVfEhb3IUAFGrutTR,Love Me Not,Ravyn Lenae,43,-9,7,MY,2025-06-11,91,False,213466,Bird's Eye,2024-08-09,0.779,0.731,0,-6.176,1,0.0306,0.296,0.0,0.128,0.814,114.001,4
1j15Ar0qGDzIR0v3CQv3JL,Gnarly,KATSEYE,44,-9,-12,MY,2025-06-11,91,True,137316,Gnarly,2025-04-30,0.775,0.828,0,-5.191,0,0.373,0.153,0.0,0.13,0.663,135.021,4
26cvTWJq2E1QqN4jyH2OTU,Tak Segampang Itu,Anggi Marito,45,5,-14,MY,2025-06-11,82,False,231100,Tak Segampang Itu,2022-12-02,0.506,0.438,5,-7.069,1,0.0268,0.759,8.64e-06,0.109,0.178,129.538,4
1wfbqUSPWbnPjkiBA9UmoF,Kita Usahakan Lagi,Batas Senja,46,-19,4,MY,2025-06-11,82,False,233916,Kita Usahakan Lagi,2025-04-11,0.516,0.551,4,-7.119,1,0.0254,0.219,0.0341,0.156,0.449,144.812,4
7BgFlmOxrL7M1jVGoxqy37,Masing Masing,"Ernie Zakri, Ade Govinda",47,3,-2,MY,2025-06-11,80,False,234589,Aura,2023-11-03,0.449,0.496,3,-5.352,1,0.0292,0.72,0.0,0.251,0.389,133.845,4
0QCIpQV3twfqo9kh0t8Zza,Shake It To The Max (FLY) - Remix,"MOLIY, Silent Addy, Skillibeng, Shenseea",48,-4,-2,MY,2025-06-11,93,True,178775,Shake It To The Max (FLY) (Remix),2025-02-21,0.856,0.548,0,-6.609,0,0.123,0.561,0.0,0.155,0.562,97.997,4
6Hii26x3qDErVitnGW8QtO,Runtuh,"Feby Putri, Fiersa Besari",49,1,-7,MY,2025-06-11,83,False,223973,Runtuh,2021-10-01,0.593,0.287,3,-13.164,1,0.0289,0.876,0.000136,0.119,0.191,127.783,4
0otRX6Z89qKkHkQ9OqJpKt,Car's Outside,James Arthur,50,-3,0,MY,2025-06-11,87,False,248373,YOU,2019-10-18,0.338,0.562,9,-7.181,1,0.029,0.039,0.0,0.107,0.259,149.907,4
6eLQXa6uk2EW8drsiKbABZ,TU SANCHO,Fuerza Regida,1,0,0,MX,2025-06-11,90,True,177994,111XPANTIA,2025-05-02,0.689,0.84,8,-6.423,1,0.0457,0.576,0.0,0.126,0.631,120.012,3
3hpm0fTeSqlhJbnqAgaLZs,Marlboro Rojo,Fuerza Regida,2,0,0,MX,2025-06-11,91,True,184173,111XPANTIA,2025-05-02,0.773,0.645,4,-6.376,0,0.0349,0.342,3.38e-06,0.32,0.923,114.996,1
4oB8Xd7gMlUEtWoD8bmCXW,Morena,"Neton Vega, Peso Pluma",3,0,0,MX,2025-06-11,92,False,193728,Mi Vida Mi Muerte,2025-02-14,0.697,0.776,4,-7.409,0,0.0308,0.379,0.00148,0.341,0.189,118.007,3
7DkOpEOBOwHg6VBj4blikS,Triple Lavada (feat. Victor Mendivil) - Remix,"Esau Ortiz, Luis R Conriquez, Oscar Maydon, Alemán, Victor Mendivil",4,0,24,MX,2025-06-11,79,True,287679,Triple Lavada (feat. Victor Mendivil) [Remix],2025-05-28,0.928,0.614,10,-6.85,0,0.105,0.252,1.81e-05,0.117,0.698,100.03,4
5MBAaEt7s8El3WWhYinLzv,Amigos? No.,"Oscar Maydon, Neton Vega",5,1,45,MX,2025-06-11,68,True,226816,"Rico o Muerto, Vol. 1",2025-06-06,0.682,0.561,10,-8.435,1,0.0318,0.0782,1.47e-05,0.303,0.669,122.074,3
3jS9G4KmuOwuawj3k4Smpc,Vita Fer,"Los Dareyes De La Sierra, Tito Double P",6,-1,-2,MX,2025-06-11,83,True,184743,Redención,2025-05-08,0.769,0.81,3,-3.567,0,0.0623,0.351,0.0,0.111,0.753,125.02,3
4LDd2UU8XdtJRrIyPvR9vW,Ay Mamita,Alan Arrieta,7,0,1,MX,2025-06-11,83,False,164042,Ay Mamita,2025-05-22,0.929,0.679,10,-4.318,0,0.242,0.118,2.57e-06,0.107,0.807,94.035,4
6uroNiDEDd0xFLiri0aQNk,Triple Lavada,Esau Ortiz,8,1,-2,MX,2025-06-11,91,True,165790,Triple Lavada,2025-03-28,0.909,0.583,10,-5.735,0,0.0847,0.417,0.0,0.137,0.557,100.012,4
2JPctdUgvkQSpnUdfROxvY,Te Quería Ver,"Alemán, Neton Vega",9,-1,1,MX,2025-06-11,84,False,176129,De Vuelta a las Andadas,2025-05-09,0.807,0.763,4,-5.172,0,0.0624,0.186,1.69e-05,0.0917,0.448,100.033,4
7585wxMp2e3IhBq3tJAXgw,SUIZA,Calle 24,10,2,5,MX,2025-06-11,86,True,114913,ONDEADO$,2024-12-12,0.69,0.66,1,-8.256,0,0.0775,0.634,0.000793,0.206,0.588,115.987,4
77pDO4WZPIdkwFve0iHWnb,Por Esos Ojos,Fuerza Regida,11,-1,1,MX,2025-06-11,85,True,188064,111XPANTIA,2025-05-02,0.696,0.678,5,-7.002,0,0.0695,0.31,0.0,0.191,0.522,102.48,3
1a7onn7lPqqRWul5ogyMyX,ANSIEDAD,Fuerza Regida,12,1,-3,MX,2025-06-11,87,True,151836,111XPANTIA,2025-05-02,0.659,0.684,10,-7.631,0,0.0336,0.421,0.0,0.0814,0.737,107.057,3
3KgHiAVuP88QoQs9CO4z1P,TATTOO,Tito Double P,13,3,0,MX,2025-06-11,90,True,167955,TATTOO,2025-02-27,0.755,0.747,10,-4.278,0,0.0656,0.482,5.48e-06,0.0853,0.463,109.897,3
0mfemgLsr0ucLSOBOc4xJ0,CHAMPAGNE,Tito Double P,14,-3,-7,MX,2025-06-11,88,True,195194,CHAMPAGNE,2025-05-15,0.759,0.795,10,-5.199,1,0.0608,0.59,1.9e-06,0.119,0.738,110.052,3
0L5gbpFGU06vqSHacOxgka,TU TU TU,"Clave Especial, Edgardo Nuñez",15,0,-4,MX,2025-06-11,86,True,151570,MIJA NO TE ASUSTES,2025-02-20,0.768,0.816,5,-5.264,0,0.0755,0.169,5.1e-05,0.477,0.828,142.163,3
0TOQQZVCZdMFMxzHT6WEtD,La Pantera,"Marcos Villalobos, Alan Arrieta",16,2,1,MX,2025-06-11,86,True,223538,La Pantera,2025-02-28,0.7,0.412,8,-7.064,0,0.389,0.292,0.0,0.102,0.378,191.937,4
4eLDmhsJW3JoZTXCAozHor,Loco,Neton Vega,17,4,1,MX,2025-06-11,86,False,186521,Mi Vida Mi Muerte,2025-02-14,0.849,0.708,1,-5.502,1,0.0686,0.0741,0.00768,0.139,0.636,91.981,4
4N1dogCaVWnGyFdPjdqNWF,COMO CAPO,"Clave Especial, Fuerza Regida",18,1,-4,MX,2025-06-11,87,True,165482,MIJA NO TE ASUSTES,2025-02-20,0.767,0.768,5,-4.529,0,0.0474,0.147,0.0,0.068,0.802,133.082,3
07bruo5RoHasGqnun1Z31S,Chiquita,"Neton Vega, Tito Double P",19,-5,4,MX,2025-06-11,88,False,132051,Mi Vida Mi Muerte,2025-02-14,0.745,0.862,1,-6.345,0,0.058,0.519,2.29e-05,0.12,0.815,138.065,3
27aWzQn0uCuEwHkNlKi1jP,Asquerosamente Rico,"Oscar Maydon, Peso Pluma",20,-3,30,MX,2025-06-11,74,True,195314,"Rico o Muerto, Vol. 1",2025-06-06,0.781,0.659,8,-6.645,1,0.0334,0.394,0.000111,0.12,0.481,125.016,3
3t72JCbFJ3syOhFC7x9Pa4,M&M,Neton Vega,21,-1,-5,MX,2025-06-11,89,False,166801,Mi Vida Mi Muerte,2025-02-14,0.596,0.839,5,-6.022,1,0.038,0.334,0.00713,0.0952,0.537,178.837,3
5LHPcY9yd0hWVFIW4yfOCJ,Pika Pika,"Chuyin, Fuerza Regida, Jorsshh, Calle 24",22,1,-3,MX,2025-06-11,88,True,147981,Pika Pika,2024-11-29,0.716,0.808,1,-6.383,1,0.0332,0.207,4.61e-06,0.14,0.788,127.023,3
6X3h549Z7LJk881NPI5kTa,7 DÍAS,"Gabito Ballesteros, Tito Double P",23,3,-1,MX,2025-06-11,77,True,180688,Ya No Se Llevan Serenatas,2025-05-23,0.838,0.746,11,-3.749,1,0.0614,0.386,0.0,0.0839,0.577,111.913,3
5lKFO0PrOC9jmOlPEdjHsL,DOS DÍAS,"Tito Double P, Peso Pluma",24,5,5,MX,2025-06-11,88,True,153928,INCÓMODO,2024-08-22,0.745,0.513,1,-9.116,1,0.087,0.783,0.0,0.216,0.929,109.935,3
44xDy4h27s4ENaC8fKnCoC,Cuando No Era Cantante,"El Bogueto, Yung Beef",25,0,-1,MX,2025-06-11,83,True,211084,No Hay Loco Que No Corone,2024-09-26,0.742,0.801,11,-5.612,0,0.0495,0.226,1.17e-05,0.0595,0.759,165.969,4
5mp6OBKCAjN4UYRvhOuUze,Tu Boda,"Oscar Maydon, Fuerza Regida",26,-4,24,MX,2025-06-11,68,True,225880,"Rico o Muerto, Vol. 1",2025-06-06,0.694,0.651,6,-6.968,1,0.0785,0.496,1.36e-05,0.0787,0.472,112.648,3
116NyTQvOVrcAWLrGwTiSA,Linda Mujer,Ian Cordova,27,-3,-6,MX,2025-06-11,85,False,234410,Linda Mujer,2025-05-01,0.85,0.77,10,-3.886,0,0.142,0.59,0.0,0.152,0.374,100.042,4
3D24ErT1MMmUfXWotSj2A2,ME JALO,"Fuerza Regida, Grupo Frontera",28,0,-3,MX,2025-06-11,92,True,212002,MALA MÍA,2024-12-19,0.47,0.75,2,-5.887,0,0.112,0.216,0.0,0.169,0.62,79.814,4
1PREzVLuDT6PSE9sej4wnV,COQUETA,"Fuerza Regida, Grupo Frontera",29,-2,-9,MX,2025-06-11,90,False,241648,MALA MÍA,2024-12-19,0.74,0.819,1,-4.853,0,0.0866,0.244,0.0,0.107,0.884,78.975,4
4e76Ss3ji7HQZ4qwcPNkNA,MIENTRAS DUERMES,Junior H,30,0,7,MX,2025-06-11,86,True,226035,$AD BOYZ 4 LIFE II,2023-10-05,0.752,0.645,11,-6.656,1,0.037,0.246,0.0,0.0972,0.923,125.132,3
0S0r3vr9ekWX28JtCTz02t,El Primero,Panter Bélico,31,1,1,MX,2025-06-11,80,False,175514,El Primero,2025-05-22,0.926,0.818,5,-3.653,1,0.0417,0.324,0.0,0.0733,0.897,127.445,4
5GTBdEjZe7zEDp1N0eCZE4,HOLLYWOOD,"Peso Pluma, Estevan Plazola",32,2,3,MX,2025-06-11,85,True,284864,ÉXODO,2024-06-20,0.707,0.683,3,-7.598,0,0.191,0.7,5.88e-06,0.134,0.545,94.979,3
6J5kc12BW5HuP3d7C3vvx8,EoO,Bad Bunny,33,2,-3,MX,2025-06-11,94,True,204768,DeBÍ TiRAR MáS FOToS,2025-01-05,0.36,0.464,10,-29.598,0,0.0702,0.749,0.859,0.0825,0.184,63.662,4
0LTwdL5yZ6YOTEGUQPFuSN,ROSONES,Tito Double P,34,-1,-3,MX,2025-06-11,88,True,177590,ROSONES,2024-12-05,0.802,0.726,1,-5.939,1,0.0318,0.704,9.7e-06,0.117,0.604,120.129,3
3sK8wGT43QFpWrvNQsrQya,DtMF,Bad Bunny,35,5,-1,MX,2025-06-11,97,True,237117,DeBÍ TiRAR MáS FOToS,2025-01-05,0.625,0.131,7,-27.405,0,0.0717,0.177,0.218,0.0807,0.032,136.02,4
2lTm559tuIvatlT1u0JYG2,BAILE INoLVIDABLE,Bad Bunny,36,1,-3,MX,2025-06-11,96,True,367725,DeBÍ TiRAR MáS FOToS,2025-01-05,0.168,0.00332,10,-46.113,1,0.0615,0.192,0.79,0.112,0.219,119.387,3
6v5qt5KPQHJt5ckWuhDGtM,El Mayor De Los Ranas,"Victor Valverde, JR Torres",37,1,4,MX,2025-06-11,80,True,172059,Con Tokio,2025-01-17,0.842,0.748,10,-4.647,0,0.0706,0.278,0.0,0.0437,0.881,91.02,4
7sd6zMrgGpEa7NkQm9TRrg,NADIE,Tito Double P,38,3,1,MX,2025-06-11,87,True,197031,NADIE,2024-11-21,0.702,0.843,7,-4.71,1,0.114,0.465,0.0,0.12,0.526,92.604,4
2SkB7jADnfiWH8qAE9H8cO,En Privado,"Xavi, Manuel Turizo",39,0,1,MX,2025-06-11,89,False,199399,En Privado,2025-02-06,0.833,0.863,7,-3.822,1,0.0377,0.111,4.75e-06,0.135,0.91,126.973,4
4OLT65TRsOx3Iv1TlCcQVb,PRESIDENTE,"Gabito Ballesteros, Natanael Cano, Luis R Conriquez, Neton Vega",40,2,-4,MX,2025-06-11,86,True,181064,PRESIDENTE,2024-10-21,0.732,0.827,11,-4.152,1,0.0585,0.123,0.0,0.117,0.584,105.145,1
7x817ULPS5pcukCERAzUPh,ZAZA,"Oscar Maydon, Victor Mendivil",41,-10,9,MX,2025-06-11,71,True,233590,"Rico o Muerto, Vol. 1",2025-06-06,0.88,0.651,0,-6.307,1,0.332,0.00655,4.36e-05,0.209,0.407,130.091,4
3IEvQ1CzszUJtTRLmmMJ2X,5-7,"Tito Double P, Junior H",42,2,0,MX,2025-06-11,86,False,174500,INCÓMODO,2024-08-22,0.827,0.596,10,-8.36,1,0.039,0.379,0.0,0.138,0.964,111.997,3
4jwAlalnN7RjBt3lg1H56E,Lejos Estamos Mejor,Eden Muñoz,43,0,-17,MX,2025-06-11,84,False,178252,Lejos Estamos Mejor,2025-05-09,0.692,0.648,10,-7.526,1,0.0343,0.513,0.0,0.104,0.936,154.518,4
6RcAHyC5sAUIbPTkhOQwd8,Y LLORO,Junior H,44,1,6,MX,2025-06-11,85,True,179013,$AD BOYZ 4 LIFE II,2023-10-05,0.728,0.589,7,-7.115,1,0.0376,0.424,7.78e-06,0.166,0.767,77.475,4
7mEPibyVIOAjjHcSD0K0vn,El Mayor de los Ranas (En Vivo),"Grupo Marca Registrada, Victor Valverde",45,2,-1,MX,2025-06-11,86,True,174037,El Mayor de los Ranas (En Vivo),2025-02-27,0.747,0.809,10,-7.721,0,0.0603,0.332,0.0,0.199,0.922,91.017,4
6X6m4xmdFcz31p1h7Qg68c,EL LOKERON,Tito Double P,46,4,4,MX,2025-06-11,86,True,145473,INCÓMODO,2024-08-22,0.724,0.689,7,-7.174,0,0.0524,0.573,6.77e-06,0.0922,0.936,120.208,3
4JLZyyWuvvse6xKiZqRdau,Todo a Su Tiempo,Neton Vega,47,-11,1,MX,2025-06-11,85,False,238240,Todo a Su Tiempo,2024-09-27,0.801,0.884,4,-6.039,0,0.0828,0.751,0.00219,0.0558,0.87,137.944,3
7obbjnrA9Z81q3F592aabg,ayy weyy,Fuerza Regida,48,-2,-2,MX,2025-06-11,82,True,148481,111XPANTIA,2025-05-02,0.738,0.872,11,-6.595,0,0.0638,0.652,4.97e-05,0.114,0.78,123.892,3
5LhI8m7n8xlQmNe3b7Rwis,Madonna,"Natanael Cano, Oscar Maydon",49,-1,1,MX,2025-06-11,84,True,187087,Madonna,2024-03-08,0.732,0.873,0,-5.965,1,0.0321,0.0449,0.000803,0.347,0.662,128.029,3
4qzgdMbUnkXaPTfstaGWcA,RZR,"Victor Mendivil, Alemán",50,-1,-12,MX,2025-06-11,80,False,173142,RZR,2025-05-23,0.923,0.717,1,-5.143,1,0.409,0.00519,0.000446,0.348,0.404,140.074,4
0TLJPWdBF6S1dLrPixXWMV,أفشتني,"Shinigami, Furelise",1,0,49,MA,2025-06-11,53,True,205352,أفشتني,2025-06-06,0.753,0.538,7,-9.406,0,0.041,0.562,0.0,0.102,0.395,116.992,4
624UJb49U6Wtvoa7aj8nQ2,Amnésie,"ZAKLOOW, Tagne, Shaw",2,0,-1,MA,2025-06-11,64,False,164409,SYMPHONY IX,2025-04-24,0.435,0.456,10,-9.857,0,0.303,0.746,2.21e-06,0.106,0.479,182.676,5
7bpuBTsNwlWnBABYbCZAkN,Échec - Spotify Singles,"Inkonnu, Sipo",3,0,5,MA,2025-06-11,56,True,203807,Échec (Spotify Singles),2023-12-07,0.687,0.666,1,-7.338,1,0.0498,0.212,0.0,0.116,0.241,160.173,4
6qUFq3ngBLDBb2fTFug7bb,WALLAHI,Shaw,4,0,-2,MA,2025-06-11,62,True,152951,BLÉDARD (Deluxe),2024-08-22,0.746,0.481,1,-11.255,0,0.0395,0.324,0.00672,0.092,0.452,102.03,4
6dTXGkUrNYmR8kSfr5MxmW,TAF TAF,"OldyGotTheSound, Anys, Shaw",5,1,5,MA,2025-06-11,56,False,138461,TAF TAF,2025-05-30,0.671,0.694,10,-10.196,0,0.0758,0.398,2.31e-06,0.219,0.763,155.901,4
7L6iM8mnj0t2WW0Fjre5pG,PIRATE,Stormy,6,-1,-3,MA,2025-06-11,65,False,179000,OMEGA,2025-01-09,0.798,0.647,1,-6.68,1,0.0423,0.438,0.00717,0.139,0.847,125.963,4
17AuJgvjtgyQ7QogOS9zMY,BOUHALI,ElGrandeToto,7,0,-3,MA,2025-06-11,67,True,172826,SALGOAT,2024-11-29,0.536,0.668,2,-8.816,0,0.143,0.316,4.36e-06,0.0781,0.596,174.014,3
0jweHzprxjQSDTcxjoX4Og,DIPLOMATICO,ElGrandeToto,8,0,-2,MA,2025-06-11,65,True,196706,SALGOAT,2024-11-29,0.827,0.582,4,-8.754,0,0.107,0.616,0.000553,0.146,0.444,110.009,4
7GpRfqWrmhflvcIFPcvdS7,لولي لولي,"JamShow, Lakamura",9,0,0,MA,2025-06-11,59,True,199760,'برايم 6 'النهائي,2025-05-22,0.759,0.485,2,-14.251,0,0.144,0.291,0.0,0.104,0.674,100.666,4
0SaMca4zsaUTTzNv5haull,Mizane,"Stormy, Inkonnu",10,1,-3,MA,2025-06-11,62,False,177049,Mizane,2021-02-05,0.775,0.61,4,-5.782,0,0.0342,0.494,0.0,0.135,0.696,121.978,4
3tPQhYGRaNjCk1QI1vee8e,STALINE,ElGrandeToto,11,-1,1,MA,2025-06-11,66,True,224706,SALGOAT,2024-11-29,0.658,0.405,3,-10.288,0,0.201,0.395,7.41e-06,0.109,0.254,120.98,4
0YZ2ANy2Hhf21koqFpph5F,BLUE LOVE,ElGrandeToto,12,0,-1,MA,2025-06-11,67,True,187826,27,2023-11-24,0.703,0.636,11,-8.157,0,0.0621,0.0753,0.0,0.105,0.319,125.919,4
2t5LPLptBemV0W8IGLBLju,KYKY2BONDY,Hamza,13,0,-8,MA,2025-06-11,87,True,137173,KYKY2BONDY,2025-05-02,0.906,0.402,0,-8.708,0,0.474,0.075,0.0,0.118,0.746,140.103,4
4knNlB73rkLODZU03Xjx7x,3DABI,Draganov,14,0,4,MA,2025-06-11,65,True,202000,3DABI,2023-07-13,0.556,0.394,8,-12.518,0,0.264,0.196,0.0,0.525,0.466,136.955,4
3Thycu4Wd5AwGFDYYWiioT,Lalla w Mali,Figoshin,15,1,-1,MA,2025-06-11,62,False,176528,Lalla w Mali,2024-08-09,0.757,0.507,1,-9.146,0,0.184,0.0202,0.0,0.111,0.205,120.979,4
0e7rIlMjTs8DsDxrWb5cGo,7ali Ya 7ali,Inkonnu,16,3,-3,MA,2025-06-11,59,True,165714,Arabi,2021-01-20,0.792,0.575,11,-10.858,0,0.24,0.458,1.1e-06,0.104,0.457,126.058,4
1v8fRuVvA9JhBcCcoP70tE,Jedi ou Jedek,Mounim Slimani,17,0,-1,MA,2025-06-11,65,False,182535,Jedi ou Jedek,2025-02-06,0.556,0.826,6,-7.458,0,0.253,0.504,1.01e-05,0.202,0.351,104.597,3
3Tl3NwVX0ndMY3jcPaFoVm,Totopika,"Vacra, ElGrandeToto",18,-3,-3,MA,2025-06-11,70,False,139420,En Attendant Paphos,2025-02-13,0.627,0.589,2,-4.298,0,0.302,0.746,0.0653,0.0958,0.663,94.69,4
2yQn0Y5mODyHfCk4oxBPfr,Mok ya mok,"Benny Adam, Khadija El Warzazia",19,-1,2,MA,2025-06-11,61,True,158987,Mok ya mok,2024-11-22,0.664,0.681,4,-5.539,0,0.476,0.619,0.0,0.202,0.78,113.319,3
4FK1eYp1arE2jiuAgluOtt,MOON,Stormy,20,1,2,MA,2025-06-11,60,False,209000,ICEBERG,2024-02-09,0.667,0.652,11,-6.543,0,0.0358,0.576,1.03e-06,0.12,0.42,139.012,4
2cbgw1iPeK7dMbOnhD9e8y,Désert,"La Fouine, ElGrandeToto",21,2,-2,MA,2025-06-11,64,False,186502,CAPITALE DU CRIME RADIO,2024-12-18,0.716,0.574,0,-8.733,0,0.0521,0.506,2.9e-05,0.126,0.619,159.921,4
4Oagap5XW3qs8J9Kkmr855,Belbala,Douaa Lahyaoui,22,-2,9,MA,2025-06-11,59,False,159661,Belbala,2025-05-16,0.586,0.772,0,-5.238,0,0.0417,0.58,0.00366,0.137,0.76,176.982,3
7G7mSV4BebkoHWwKTDvXu9,Winter Ahead (with PARK HYO SHIN),"V, Park Hyo Shin",23,2,-6,MA,2025-06-11,84,False,234895,Winter Ahead (with PARK HYO SHIN),2024-11-29,0.36,0.316,3,-9.954,1,0.0284,0.858,0.000212,0.23,0.229,76.844,3
72h1HdEtR4XzLPvOigW8u8,BABOUR LOU7,"Shaw, Hassa1, NAYRA",24,-2,-4,MA,2025-06-11,59,True,219212,BLÉDARD (Deluxe),2024-08-22,0.617,0.577,8,-10.746,0,0.266,0.477,0.0,0.0838,0.582,190.32,3
5d54P8T7TXGwE2d0zyN3uu,Dawini,"Tawsen, Ayoub Anbaoui",25,-1,7,MA,2025-06-11,63,False,161959,Dawini,2024-06-13,0.584,0.811,3,-6.098,0,0.0294,0.116,3.58e-06,0.183,0.928,100.006,4
54sQFFOWZTgEh0Lf4H9tQ7,كل نهار,"JamShow, Shinigami",26,4,8,MA,2025-06-11,55,True,193022,'برايم 6 'النهائي,2025-05-22,0.67,0.56,4,-9.099,0,0.337,0.137,1.68e-06,0.567,0.414,153.973,4
4MqDpQPykbFcJeF8xruknN,Rassi (feat. ElGrandeToto),"Baby Gang, ElGrandeToto, Chahid",27,-1,-4,MA,2025-06-11,67,True,180744,Rassi (feat. ElGrandeToto),2025-04-04,0.656,0.657,2,-7.252,1,0.127,0.0327,5.85e-06,0.334,0.183,99.9,4
4wnqyUswpvK48T8LkfV75J,L’appel V2,"Dollypran, LFERDA",28,0,22,MA,2025-06-11,47,False,160824,Alha9i9a (الحقيقة),2025-06-05,0.646,0.805,0,-7.546,1,0.735,0.562,0.0,0.0845,0.854,124.71,5
7C13bFjFdELL8ioTMtVbZ5,Balade,"1D1R, Vacra",29,0,1,MA,2025-06-11,71,False,193401,Meraki,2025-03-21,0.796,0.666,0,-8.2,0,0.14,0.627,0.0498,0.0989,0.577,119.952,4
7tbdg8jBXvkdqo1LiuKZ2l,Zahri,Inkonnu,30,2,-6,MA,2025-06-11,55,True,200599,Arabi,2021-01-20,0.469,0.489,0,-10.725,1,0.205,0.675,0.0,0.0917,0.347,84.691,4
0bBDTxFPjtuWAdqLLq55u1,Mahboul Ana,Lazaro,31,-4,11,MA,2025-06-11,65,False,185000,Mahboul Ana,2024-07-15,0.523,0.709,9,-9.403,1,0.0928,0.191,8.86e-06,0.109,0.588,143.969,4
2uBKQbVcw8G9m34lGYM6VA,NINAO,GIMS,32,1,1,MA,2025-06-11,80,False,167813,LE NORD SE SOUVIENT : L'ODYSSÉE,2025-02-20,0.805,0.57,7,-9.007,0,0.101,0.175,3.38e-06,0.115,0.867,122.984,4
1RpfpLMsvQB9voSXa973SP,Ma Jolie,LFERDA,33,-2,-4,MA,2025-06-11,59,False,144576,Cagoulé,2022-05-27,0.833,0.599,2,-7.153,0,0.205,0.526,7.84e-05,0.177,0.564,99.97,4
6EqhAlO3OAirPbd1kwIbBX,RS6,"DYSTINCT, Morad",34,1,-6,MA,2025-06-11,80,False,228017,RS6,2025-05-09,0.928,0.594,0,-5.082,1,0.0794,0.059,0.000792,0.0913,0.517,124.084,4
2Ygl2wWQFopuu7x8pNTWws,Ana wiyek (feat. ElGrandeToto),"Anas, ElGrandeToto",35,1,-9,MA,2025-06-11,56,True,203636,"Diaspora, Vol.2",2025-05-23,0.672,0.524,9,-9.398,0,0.216,0.548,1.57e-06,0.101,0.316,99.088,4
6nkFbmDY84a9rejFSbIMdj,Impardonnable,Damso,36,1,-11,MA,2025-06-11,80,True,190373,BĒYĀH,2025-05-30,0.643,0.648,5,-7.307,0,0.125,0.205,1.51e-06,0.126,0.64,187.577,3
0DX90o91i4hKpfBp7JNNOg,Doberwoman,"Valerieblud, Furelise",37,1,2,MA,2025-06-11,58,True,178214,Doberwoman,2025-02-12,0.766,0.421,5,-13.398,0,0.237,0.322,0.0,0.0852,0.0805,125.989,4
67nsE7s6yfIg7o9HAdkq7H,FACE TO FACE,Shaw,38,2,-1,MA,2025-06-11,57,True,204590,BLÉDARD,2024-02-01,0.723,0.608,1,-9.706,0,0.0799,0.166,0.0,0.0897,0.295,122.143,4
2XoeD3lix5eVNEa40ZFtHW,Si tu savais,"Anys, Stormy",39,-5,11,MA,2025-06-11,58,False,192340,Si tu savais,2020-05-17,0.701,0.806,7,-6.107,1,0.037,0.471,0.0,0.359,0.713,140.961,4
1GxUG5xWcY2R9hQ3NcE5ya,MARADONA,Stormy,40,-1,-2,MA,2025-06-11,59,False,160000,ICEBERG,2024-02-09,0.802,0.694,5,-6.613,0,0.0473,0.398,0.0,0.116,0.783,121.006,4
62OmBF30kfTb0XLbGZPeTS,RAZONES (feat. Morad),"ElGrandeToto, Morad",41,0,-5,MA,2025-06-11,61,True,184253,27,2023-11-24,0.683,0.643,7,-5.23,0,0.386,0.577,0.0,0.0712,0.591,199.503,3
3ejjmzEsUfObGdmmQRVmM2,Qui sait ? (feat. ElGrandeToto),"Niro, ElGrandeToto",42,1,-1,MA,2025-06-11,67,True,190786,Taulier,2023-02-10,0.534,0.624,1,-6.406,0,0.116,0.712,0.000132,0.112,0.642,87.786,4
2N0SPREDYqILVEFSsWF5N5,Love Me Again,V,43,4,1,MA,2025-06-11,76,False,182293,Layover,2023-08-11,0.633,0.607,0,-6.182,0,0.0532,0.183,1.38e-06,0.167,0.363,74.029,4
3IeTr3DQ1SSTrBGUUAGqln,TWINS,Stormy,44,2,-1,MA,2025-06-11,58,False,179500,OMEGA,2025-01-09,0.727,0.832,9,-7.227,0,0.269,0.57,0.0188,0.134,0.296,132.937,4
27xkOIER6uDLKALIelHylZ,Don’t Say You Love Me,Jin,45,5,-18,MA,2025-06-11,93,False,180716,Echo,2025-05-16,0.729,0.562,8,-5.49,1,0.0304,0.484,0.0,0.105,0.757,111.976,4
2QNi63loCz71LN8MnK38db,3oud Ned,Figoshin,46,4,-1,MA,2025-06-11,56,True,210744,3oud Ned,2019-05-02,0.681,0.479,7,-11.396,1,0.399,0.196,0.0,0.0816,0.681,90.185,4
1dBv07ZgvsNBeQs2lJon6W,Badadi,Douaa Lahyaoui,47,-5,3,MA,2025-06-11,64,False,165057,Badadi,2024-07-19,0.684,0.829,11,-5.976,0,0.0471,0.183,0.00138,0.118,0.42,109.0,4
3iqcqAwtnurPNJAcvwVIyt,Mimi,Jul,48,-3,-8,MA,2025-06-11,82,True,219293,D&P à vie,2025-04-25,0.718,0.894,8,-4.347,0,0.0551,0.0218,0.000185,0.0903,0.725,109.67,4
0iQYnonGw7XG8m7N1tQdDz,Atiteha l'amour عطيتها,Cheb Momo,49,1,1,MA,2025-06-11,61,False,175390,Atiteha l'amour عطيتها,2025-02-06,0.507,0.725,9,-6.926,0,0.146,0.549,0.0,0.148,0.543,47.685,4
0qFlboEpOSiM1WuEEBhH7f,Melina,"STOOR, LFERDA",50,-6,0,MA,2025-06-11,48,True,201758,Melina,2025-02-13,0.447,0.436,11,-12.671,0,0.387,0.45,0.0,0.0811,0.14,77.494,5
3IZUwm8nYtVN6zqw9fa9W4,Raķešu Zinātne,"Fiņķis, Patrisha",1,3,2,LV,2025-06-11,51,False,206315,Raķešu Zinātne,2023-03-10,0.634,0.726,9,-8.364,0,0.114,0.0155,0.0,0.244,0.494,113.96,4
0FTmksd2dxiE5e3rWyJXs6,back to friends,sombr,2,0,2,LV,2025-06-11,98,False,199032,back to friends,2024-12-27,0.436,0.723,1,-2.291,1,0.0301,9.37e-05,8.82e-05,0.0929,0.235,92.855,4
4AajxCEwGEsmHmT4H1TwjY,undressed,sombr,3,3,2,LV,2025-06-11,96,False,182088,undressed,2025-03-21,0.642,0.887,0,-3.883,1,0.0406,0.137,0.0,0.0829,0.888,115.999,4
2RkZ5LkEzeHGRsmDqKwmaJ,Ordinary,Alex Warren,4,1,2,LV,2025-06-11,95,False,186964,"You'll Be Alright, Kid (Chapter 1)",2024-09-26,0.368,0.694,2,-6.141,1,0.06,0.704,6.59e-06,0.055,0.391,168.115,3
7tI8dRuH2Yc6RuoTjxo4dU,Who,Jimin,5,-4,-3,LV,2025-06-11,90,False,170887,MUSE,2024-07-19,0.66,0.756,0,-3.743,0,0.032,0.00289,0.0,0.193,0.838,116.034,4
4WFgvKVfEhb3IUAFGrutTR,Love Me Not,Ravyn Lenae,6,1,2,LV,2025-06-11,91,False,213466,Bird's Eye,2024-08-09,0.779,0.731,0,-6.176,1,0.0306,0.296,0.0,0.128,0.814,114.001,4
7K8XoQXZBffc4xG2xIQHMO,Rock That Body,Black Eyed Peas,7,43,43,LV,2025-06-11,78,False,268840,THE E.N.D. (THE ENERGY NEVER DIES),2009-01-01,0.715,0.907,7,-6.025,0,0.0993,0.0172,8.39e-05,0.426,0.841,124.991,4
3HsWEpUnpzEITFJnbTyLTM,Uz Seen,"Singapūras Satīns, A-Europa",8,12,10,LV,2025-06-11,47,True,204255,LUKSUS STONKS,2022-07-04,0.683,0.738,0,-6.777,1,0.0315,0.00575,0.0,0.665,0.769,117.443,4
0hta2Lb2zKJ7kEnAEZEE3G,Nope your too late i already died,"wifiskeleton, i wanna be a jack-o-lantern",9,-1,15,LV,2025-06-11,92,False,90067,suburban daredevil,2024-10-22,0.704,0.597,4,-10.458,0,0.036,0.105,0.00835,0.264,0.978,119.993,4
0OkU8xnHpHmbfrgdJa0NFs,Mūsu mīlestība,Sudden Lights,10,1,2,LV,2025-06-11,48,False,271067,Mūsu mīlestība,2023-08-31,0.511,0.512,11,-10.963,0,0.0405,0.19,0.0394,0.138,0.133,139.917,4
6tbEF9YpayX9uqAA5ezx1j,Nārnija,"OLAS, Esmeralda, heywhosthatkid",11,7,9,LV,2025-06-11,49,True,169680,Nārnija,2024-03-07,0.705,0.889,6,-3.433,0,0.0665,0.242,0.0,0.222,0.563,124.95,4
2FAZskT9yRjp2Oow9szJD8,The Days - NOTION Remix,"Chrystal, NOTION",12,2,1,LV,2025-06-11,92,False,233229,The Days (NOTION Remix),2024-11-08,0.62,0.843,6,-5.321,0,0.0844,0.0062,4.63e-06,0.55,0.237,137.812,4
3zEN0ii6s4DHHBpnTp3RP7,We Are The People,Empire Of The Sun,13,0,-4,LV,2025-06-11,90,False,267373,Walking On A Dream (10th Anniversary Edition),2008-10-03,0.675,0.781,4,-5.404,0,0.0306,0.0801,0.0143,0.422,0.534,122.989,4
3gWBWLw3J3XTy3QTo36GqJ,Espresso Macchiato,Tommy Cash,14,36,36,LV,2025-06-11,79,False,173746,Espresso Macchiato,2024-12-07,0.678,0.694,11,-6.183,0,0.0487,0.0123,1.62e-05,0.133,0.646,119.87,4
27xkOIER6uDLKALIelHylZ,Don’t Say You Love Me,Jin,15,-12,-14,LV,2025-06-11,93,False,180716,Echo,2025-05-16,0.729,0.562,8,-5.49,1,0.0304,0.484,0.0,0.105,0.757,111.976,4
3maYYnfz7XjjUvI9uwWLVv,Vasara bez internetiem,Carnival Youth,16,-1,11,LV,2025-06-11,44,False,186825,Лето без интернета,2020-06-11,0.486,0.89,5,-9.767,0,0.107,0.0668,0.00135,0.111,0.913,177.954,4
6dOtVTDdiauQNBQEDOtlAB,BIRDS OF A FEATHER,Billie Eilish,17,2,4,LV,2025-06-11,100,False,210373,HIT ME HARD AND SOFT,2024-05-17,0.747,0.507,2,-10.171,1,0.0358,0.2,0.0608,0.117,0.438,104.978,4
42UBPzRMh5yyz0EDPr6fr1,Manchild,Sabrina Carpenter,18,-1,32,LV,2025-06-11,89,True,213645,Manchild,2025-06-05,0.731,0.685,7,-5.087,1,0.0572,0.122,0.0,0.317,0.811,123.01,4
3ZaEs1O8BG581qYPHpQ8d6,I Smoked Away My Brain (I'm God x Demons Mashup) (feat. Imogen Heap & Clams Casino),"A$AP Rocky, Imogen Heap, Clams Casino",19,2,3,LV,2025-06-11,88,True,190285,I Smoked Away My Brain (I'm God x Demons Mashup) (feat. Imogen Heap & Clams Casino),2023-08-18,0.47,0.652,2,-9.629,1,0.0561,0.0831,4.08e-05,0.175,0.104,141.981,4
1qlXfJNWyNwIXYnlqmqV6u,DEGVIELA,Singapūras Satīns,20,10,-6,LV,2025-06-11,46,False,160000,SUPER,2023-10-10,0.751,0.873,8,-6.265,1,0.194,0.249,0.0,0.594,0.718,134.95,4
5DzO7UTlmA6O6J0GLsTxGy,Vēlvienreiz,Sudrabu Sirds,21,-9,4,LV,2025-06-11,47,True,264545,Ķēniņu,2018-08-17,0.519,0.661,1,-8.507,0,0.24,0.0204,0.00573,0.115,0.402,87.112,4
6wB3XstB0c2yO2iMLKnCDg,Ko tā?,"Wiesulis, sangvn",22,5,9,LV,2025-06-11,47,True,152805,Ko tā?,2023-07-14,0.779,0.452,10,-12.783,0,0.315,0.219,0.00529,0.153,0.597,138.964,4
2yWlGEgEfPot0lv3OAjuG3,Just Keep Watching (From F1® The Movie),"Tate McRae, F1 The Album",23,3,-8,LV,2025-06-11,91,False,142550,Just Keep Watching (From F1® The Movie),2025-05-30,0.656,0.796,9,-5.856,0,0.113,0.0767,0.0,0.509,0.425,129.956,4
69zCrlRTLn4sLeU4fJOzmE,Кухни,Бонд с кнопкой,24,-2,8,LV,2025-06-11,66,False,140800,Кухни,2025-02-27,0.371,0.638,1,-5.155,1,0.0356,0.457,0.0,0.356,0.21,99.797,3
6oVyceHNCHCuZlRXXJ1HBY,Daļa Rīgas,Astro'n'out,25,9,11,LV,2025-06-11,45,False,242720,Kuš Kuš,2006-11-17,0.62,0.707,9,-5.278,1,0.0235,0.00868,0.000239,0.137,0.416,107.014,4
5ITV0zqzjOYfFWpW0xBmRa,Show Me Love,"WizTheMc, bees & honey",26,-3,-7,LV,2025-06-11,94,False,176965,Show Me Love,2025-02-07,0.714,0.691,1,-7.333,1,0.0434,0.0212,0.000292,0.111,0.155,107.15,4
6eIzQCYExfnNeM7KOlE3lE,Bara Bada Bastu,KAJ,27,-3,-16,LV,2025-06-11,75,False,166880,Sauna Collection,2025-05-09,0.757,0.889,9,-4.729,0,0.0788,0.0754,2.32e-05,0.0397,0.754,106.037,4
3Ah0Zwh5MURTocMQtIgfLm,Itālija,"Wiesulis, sangvn",28,0,-5,LV,2025-06-11,47,False,181818,Fianchetto,2022-01-14,0.915,0.43,2,-11.321,1,0.23,0.495,0.000254,0.0791,0.244,98.985,4
15mI8eh3ke97hPb8gZQxyh,Pasarg' dievs,"Wiesulis, sangvn",29,-4,-12,LV,2025-06-11,47,False,173285,En Prise,2024-03-29,0.915,0.539,9,-6.784,1,0.0663,0.491,0.000117,0.157,0.691,133.049,4
0QCIpQV3twfqo9kh0t8Zza,Shake It To The Max (FLY) - Remix,"MOLIY, Silent Addy, Skillibeng, Shenseea",30,-1,-4,LV,2025-06-11,93,True,178775,Shake It To The Max (FLY) (Remix),2025-02-21,0.856,0.548,0,-6.609,0,0.123,0.561,0.0,0.155,0.562,97.997,4
4kbkYbhWNiSJraySknB4hD,Baller,Abor & Tynna,31,1,-21,LV,2025-06-11,84,False,159493,Bittersüß,2025-02-14,0.732,0.835,0,-4.399,0,0.0553,0.0571,0.0,0.202,0.829,137.904,4
0ZfByLXCeKchuj7zi1CJ0S,Stolen Dance,Milky Chance,32,1,-3,LV,2025-06-11,79,False,313626,Sadnecessary (Bonus Track Version),2014-10-14,0.879,0.565,11,-8.809,1,0.037,0.412,0.000239,0.0798,0.685,114.009,4
5ttWL4tsDft8CF0E1rAavp,SINEPES & MEDUS,Sudrabu Sirds,33,6,4,LV,2025-06-11,45,True,142539,POSTAPOCALYPTIC,2023-07-09,0.637,0.859,4,-11.44,0,0.15,0.025,0.00344,0.105,0.571,164.968,4
74kalpHrS2ngqa68XFL0dS,Fake ID,"kizaru, Icegergert",34,2,0,LV,2025-06-11,71,True,229500,Fake ID,2025-04-11,0.79,0.634,0,-5.894,1,0.291,0.0713,0.000102,0.366,0.155,160.016,4
1XBYiRV30ykHw5f4wm6qEn,NIGHTS LIKE THIS,The Kid LAROI,35,7,3,LV,2025-06-11,89,False,86983,THE FIRST TIME,2023-11-10,0.482,0.757,6,-4.586,1,0.0355,0.0137,0.0016,0.143,0.12,142.579,4
21IYMdzTrzSe191Cy5eMap,Sailor Song,Gigi Perez,36,-5,-6,LV,2025-06-11,89,False,211978,"At The Beach, In Every Life",2025-04-25,0.499,0.392,11,-10.441,1,0.0262,0.627,7.1e-05,0.192,0.272,95.076,4
2BldU9z5zWNdQArdiv3DEk,5AM In Whitechapel,Marko,37,0,8,LV,2025-06-11,46,True,146776,5AM In Whitechapel,2025-02-05,0.628,0.676,4,-5.47,0,0.219,0.423,7.21e-06,0.102,0.676,85.009,4
7B3BwNecBhKvNwSMOOl7Gk,Fame is a Gun,Addison Rae,38,-3,12,LV,2025-06-11,76,False,183237,Addison,2025-06-06,0.692,0.399,3,-7.325,0,0.035,0.165,0.00109,0.1,0.411,137.976,4
5XIoRdNKbhG3uFDB0UXWuw,Наследство,"Icegergert, SKY RAE",39,1,11,LV,2025-06-11,67,True,130778,Наследство,2025-04-25,0.861,0.716,11,-4.071,1,0.234,0.0662,0.0,0.179,0.593,83.486,4
35HUhiJxteIa9U1Kfj3fvD,Lidojam tik augstu,"Deniss, Sudrabu Sirds",40,4,9,LV,2025-06-11,41,True,186249,22,2025-03-12,0.702,0.668,9,-6.381,1,0.307,0.572,0.00322,0.104,0.394,167.989,4
2KufM8PiQY4i52XhRL96Fd,Champagne Coast,Blood Orange,41,9,9,LV,2025-06-11,82,False,292373,Coastal Grooves,2011-08-30,0.813,0.406,9,-12.626,1,0.0662,0.0203,0.392,0.0757,0.755,122.658,4
57sTCFCVOHwG2hsXWUYv6l,Pāri Okeānam (feat. Jānis Krūmiņš),"OLAS, Jānis Krūmiņš",42,-1,5,LV,2025-06-11,45,False,206032,Ir Klāt,2017-04-24,0.708,0.803,1,-5.174,0,0.134,0.0276,0.0,0.0799,0.725,168.039,4
5E3XPRJVgYnxhMAFI7nZ7N,OWA OWA,Lil Tecca,43,4,7,LV,2025-06-11,85,True,132380,OWA OWA,2025-05-30,0.719,0.729,1,-7.874,1,0.0704,0.0368,0.0,0.101,0.444,126.005,3
2aPTvyE09vUCRwVvj0I8WK,Sundress,A$AP Rocky,44,1,-3,LV,2025-06-11,87,True,158205,Sundress,2018-11-20,0.721,0.707,6,-6.364,1,0.0595,0.181,3.68e-06,0.143,0.743,125.005,4
0AMoopn68aGAAaJ9qFXPnX,Lighter,Kyle Alessandro,45,-7,-17,LV,2025-06-11,83,False,175853,Lighter,2025-01-24,0.704,0.657,2,-3.79,0,0.0601,0.0115,0.0,0.268,0.561,105.088,4
0FIDCNYYjNvPVimz5icugS,Timeless (feat Playboi Carti),"The Weeknd, Playboi Carti",46,-3,0,LV,2025-06-11,95,True,256000,Hurry Up Tomorrow,2025-01-31,0.768,0.775,11,-5.06,0,0.0466,0.069,2.96e-06,0.138,0.6,119.999,4
2QjOHCTQ1Jl3zawyYOpxh6,Sweater Weather,The Neighbourhood,47,3,3,LV,2025-06-11,93,False,240400,I Love You.,2013-04-22,0.612,0.807,10,-2.81,1,0.0336,0.0495,0.0177,0.101,0.398,124.053,4
3LWVXp636uLT356Rj08Jaz,Be Mine,Jimin,48,-32,-15,LV,2025-06-11,76,False,207347,MUSE,2024-07-19,0.687,0.747,1,-5.496,0,0.0883,0.056,1.34e-06,0.11,0.56,66.495,5
7so0lgd0zP2Sbgs2d7a1SZ,Die With A Smile,"Lady Gaga, Bruno Mars",49,1,-6,LV,2025-06-11,91,False,251667,MAYHEM,2025-03-07,0.519,0.601,6,-7.727,0,0.0317,0.289,0.0,0.126,0.498,157.964,3
7FAFkQQZFeNwOFzTrSDFIh,The Spins,"Mac Miller, Empire Of The Sun",50,0,-8,LV,2025-06-11,87,True,195873,K.I.D.S. (Deluxe),2010-08-13,0.794,0.766,9,-3.894,0,0.0377,0.0135,0.0,0.0785,0.55,127.006,4
2RkZ5LkEzeHGRsmDqKwmaJ,Ordinary,Alex Warren,1,0,0,LU,2025-06-11,95,False,186964,"You'll Be Alright, Kid (Chapter 1)",2024-09-26,0.368,0.694,2,-6.141,1,0.06,0.704,6.59e-06,0.055,0.391,168.115,3
0HIOjH6z5DOJ20FFBLAhnP,Been That,Sexton,2,48,48,LU,2025-06-11,23,True,123065,Been That,2025-06-06,0.688,0.735,1,-5.343,1,0.127,0.0111,0.0,0.214,0.479,80.002,4
2t5LPLptBemV0W8IGLBLju,KYKY2BONDY,Hamza,3,-1,-1,LU,2025-06-11,87,True,137173,KYKY2BONDY,2025-05-02,0.906,0.402,0,-8.708,0,0.474,0.075,0.0,0.118,0.746,140.103,4
4WIqSwFtfwa8LpUxjvZmud,Midnight Drive,IurisEkero,4,46,46,LU,2025-06-11,37,False,239722,PROYECTO ONE,2024-12-27,0.747,0.659,3,-9.612,0,0.0452,0.0269,0.00104,0.109,0.458,101.021,4
6ctcVdXaJKn5LVFDjMBqzc,Paris,Nono La Grinta,5,-2,-2,LU,2025-06-11,82,True,172259,Paris,2025-04-02,0.831,0.854,5,-5.52,0,0.0967,0.12,0.0,0.147,0.358,124.003,4
2uBKQbVcw8G9m34lGYM6VA,NINAO,GIMS,6,0,1,LU,2025-06-11,80,False,167813,LE NORD SE SOUVIENT : L'ODYSSÉE,2025-02-20,0.805,0.57,7,-9.007,0,0.101,0.175,3.38e-06,0.115,0.867,122.984,4
5ITV0zqzjOYfFWpW0xBmRa,Show Me Love,"WizTheMc, bees & honey",7,-3,-3,LU,2025-06-11,94,False,176965,Show Me Love,2025-02-07,0.714,0.691,1,-7.333,1,0.0434,0.0212,0.000292,0.111,0.155,107.15,4
35ISBknsCeZQtq66xABI9g,Messy,Lola Young,8,-1,2,LU,2025-06-11,89,True,284066,This Wasn't Meant For You Anyway,2024-06-21,0.798,0.562,9,-5.913,1,0.0375,0.11,0.00606,0.122,0.647,110.991,4
6CRb7rnmx8Mqrb8cpixcVi,Mia,"SEYSEY, BOLEMVN",9,0,-3,LU,2025-06-11,76,True,179757,Mia,2023-06-23,0.655,0.821,7,-5.372,0,0.0445,0.765,0.00891,0.0924,0.666,105.059,3
6nkFbmDY84a9rejFSbIMdj,Impardonnable,Damso,10,0,-5,LU,2025-06-11,80,True,190373,BĒYĀH,2025-05-30,0.643,0.648,5,-7.307,0,0.125,0.205,1.51e-06,0.126,0.64,187.577,3
0GRc3eGTg8HBdWLRGYgqIc,Azizam,Ed Sheeran,11,-3,-2,LU,2025-06-11,92,False,162029,Azizam,2025-04-04,0.663,0.899,6,-5.103,1,0.0473,0.00255,0.0,0.065,0.876,127.998,4
4BP4j1cflCMfoUSTIki60h,Sinking in the Floor,crazyaimone,12,38,38,LU,2025-06-11,27,False,165984,Sinking in the Floor,2025-06-06,0.608,0.664,6,-10.472,1,0.193,0.00351,0.000247,0.59,0.306,142.986,4
4hn0dxEwlp1h4Bnq4vSTHA,Breakfast in Paris,"Café Latte, Mark Vank",13,37,20,LU,2025-06-11,27,False,176751,Breakfast in Paris,2019-03-22,0.77,0.439,1,-12.196,0,0.111,0.153,0.795,0.115,0.0794,90.964,4
4wJ5Qq0jBN4ajy7ouZIV1c,APT.,"ROSÉ, Bruno Mars",14,-9,-6,LU,2025-06-11,89,False,169917,rosie,2024-12-06,0.777,0.783,0,-4.477,0,0.26,0.0283,0.0,0.355,0.939,149.027,4
3sK8wGT43QFpWrvNQsrQya,DtMF,Bad Bunny,15,-4,-2,LU,2025-06-11,97,True,237117,DeBÍ TiRAR MáS FOToS,2025-01-05,0.625,0.131,7,-27.405,0,0.0717,0.177,0.218,0.0807,0.032,136.02,4
4GB4R2CJe5kLrjWTusDR8p,Los Angeles,Siaka,16,-4,-4,LU,2025-06-11,79,False,185693,Los Angeles,2021-11-29,0.79,0.575,3,-9.229,0,0.283,0.767,2.82e-06,0.109,0.444,137.108,4
3xkHsmpQCBMytMJNiDf3Ii,Beautiful Things,Benson Boone,17,-4,-2,LU,2025-06-11,93,False,180304,Fireworks & Rollerblades,2024-04-05,0.472,0.471,10,-5.692,1,0.0603,0.151,0.0,0.14,0.219,105.029,3
2yWlGEgEfPot0lv3OAjuG3,Just Keep Watching (From F1® The Movie),"Tate McRae, F1 The Album",18,-1,-7,LU,2025-06-11,91,False,142550,Just Keep Watching (From F1® The Movie),2025-05-30,0.656,0.796,9,-5.856,0,0.113,0.0767,0.0,0.509,0.425,129.956,4
0FTmksd2dxiE5e3rWyJXs6,back to friends,sombr,19,0,2,LU,2025-06-11,98,False,199032,back to friends,2024-12-27,0.436,0.723,1,-2.291,1,0.0301,9.37e-05,8.82e-05,0.0929,0.235,92.855,4
5nPbKG04fhLkIAjcPFaZq7,I Adore You (feat. Daecolm),"HUGEL, Topic, Arash, Daecolm",20,-6,-6,LU,2025-06-11,89,False,214000,I Adore You (feat. Daecolm),2024-07-19,0.704,0.787,11,-6.751,0,0.0462,0.00926,0.00538,0.159,0.31,119.996,4
3VSO45erUjYsPi1IFuc43Q,Mussulo (feat. Doddy),"DJ Malvado, DJ Aka-m, DODDY",21,-5,5,LU,2025-06-11,70,False,256483,Mussulo (feat. Doddy),2024-12-20,0.893,0.543,8,-5.879,0,0.07,0.115,4.72e-05,0.0919,0.78,124.038,4
4oVMLxxYpQLYx8gx4JjuuY,SPIDER,"GIMS, DYSTINCT",22,2,7,LU,2025-06-11,80,False,188818,LE NORD SE SOUVIENT,2024-09-13,0.823,0.691,9,-7.322,0,0.197,0.0774,1.73e-06,0.1,0.707,119.96,4
4WFgvKVfEhb3IUAFGrutTR,Love Me Not,Ravyn Lenae,23,3,12,LU,2025-06-11,91,False,213466,Bird's Eye,2024-08-09,0.779,0.731,0,-6.176,1,0.0306,0.296,0.0,0.128,0.814,114.001,4
6dOtVTDdiauQNBQEDOtlAB,BIRDS OF A FEATHER,Billie Eilish,24,-3,-6,LU,2025-06-11,100,False,210373,HIT ME HARD AND SOFT,2024-05-17,0.747,0.507,2,-10.171,1,0.0358,0.2,0.0608,0.117,0.438,104.978,4
0D0np8Odu1PNamKfajA6AX,Afro Trap Pt. 3 (Champions League),MHD,25,-3,-8,LU,2025-06-11,77,True,137133,MHD,2016-04-15,0.962,0.726,10,-5.697,1,0.4,0.152,0.0,0.0654,0.566,123.066,4
7so0lgd0zP2Sbgs2d7a1SZ,Die With A Smile,"Lady Gaga, Bruno Mars",26,-8,-2,LU,2025-06-11,91,False,251667,MAYHEM,2025-03-07,0.519,0.601,6,-7.727,0,0.0317,0.289,0.0,0.126,0.498,157.964,3
0QCIpQV3twfqo9kh0t8Zza,Shake It To The Max (FLY) - Remix,"MOLIY, Silent Addy, Skillibeng, Shenseea",27,-4,-8,LU,2025-06-11,93,True,178775,Shake It To The Max (FLY) (Remix),2025-02-21,0.856,0.548,0,-6.609,0,0.123,0.561,0.0,0.155,0.562,97.997,4
66ku4Gq4k5xUqdVL4Oam2r,Poney,Werenoi,28,1,-12,LU,2025-06-11,80,True,230000,Diamant Noir,2025-04-11,0.45,0.647,0,-5.872,0,0.167,0.268,0.0,0.134,0.392,86.116,3
6WatFBLVB0x077xWeoVc2k,Si Antes Te Hubiera Conocido,KAROL G,29,-2,-1,LU,2025-06-11,94,False,195824,Si Antes Te Hubiera Conocido,2024-06-21,0.924,0.668,11,-6.795,1,0.0469,0.446,0.000594,0.0678,0.787,128.027,4
42UBPzRMh5yyz0EDPr6fr1,Manchild,Sabrina Carpenter,30,0,20,LU,2025-06-11,89,True,213645,Manchild,2025-06-05,0.731,0.685,7,-5.087,1,0.0572,0.122,0.0,0.317,0.811,123.01,4
6iOndD4OFo7GkaDypWQIou,La Plena - W Sound 05,"W Sound, Beéle, Ovy On The Drums",31,2,19,LU,2025-06-11,95,True,150001,La Plena (W Sound 05),2025-02-19,0.894,0.643,5,-3.485,1,0.132,0.543,0.000984,0.101,0.659,99.039,4
3LPLRNr58Z9Pn0clnEtkXb,Anxiety,Doechii,32,-7,-2,LU,2025-06-11,85,True,249302,Alligator Bites Never Heal (Extended),2025-03-14,0.807,0.596,0,-6.818,1,0.0394,0.321,0.000294,0.105,0.881,129.013,4
1BJJbSX6muJVF2AK7uH1x4,Move,"Adam Port, Stryv, Keinemusik, Orso, Malachiii",33,-13,-13,LU,2025-06-11,89,False,177598,Move,2024-06-07,0.727,0.782,8,-8.529,0,0.042,0.0563,0.336,0.225,0.655,119.992,4
4TwEdnSiTPDR1vg1QZ5K8W,Beautiful People,"David Guetta, Sia",34,-6,-11,LU,2025-06-11,87,False,187086,Beautiful People,2025-03-07,0.739,0.761,9,-5.39,0,0.0904,0.107,0.0,0.131,0.417,127.033,4
4zpNfuWJA3K4d9TS4qnOIB,Espresso Macchiato,Tommy Cash,35,-20,-8,LU,2025-06-11,84,False,173746,Espresso Macchiato,2024-12-07,0.682,0.699,4,-6.168,0,0.045,0.0116,9.82e-06,0.135,0.697,119.889,4
3SBBYSbzkLvx96bKzneYsF,Melrose Place,"KeBlack, Guy2Bezbar",36,-4,-14,LU,2025-06-11,78,True,156676,Focus Mentalité,2025-04-04,0.603,0.782,6,-5.86,0,0.165,0.0319,0.0,0.0452,0.497,121.029,4
1sccu8ze6ETRiNbNH9pj5N,SOIS PAS TIMIDE,GIMS,37,3,5,LU,2025-06-11,78,False,165978,LE NORD SE SOUVIENT,2024-09-13,0.917,0.658,1,-7.253,1,0.0933,0.0896,9.78e-06,0.0733,0.795,127.936,4
4AajxCEwGEsmHmT4H1TwjY,undressed,sombr,38,3,0,LU,2025-06-11,96,False,182088,undressed,2025-03-21,0.642,0.887,0,-3.883,1,0.0406,0.137,0.0,0.0829,0.888,115.999,4
31CsSZ9KlQmEu0JvWSkM3j,Deslocado,NAPA,39,6,11,LU,2025-06-11,79,False,179996,Deslocado,2025-03-10,0.568,0.455,6,-7.931,1,0.0275,0.15,0.00027,0.152,0.412,75.504,4
7heoPFrtuH6JU6AcfzjWHp,Pa Pa Paw,"Damso, SARAH SEY",40,7,-9,LU,2025-06-11,77,True,215813,BĒYĀH,2025-05-30,0.804,0.608,8,-6.753,0,0.209,0.212,0.000132,0.144,0.359,127.023,4
58rVY9wmIYBOzdLXygVs6i,Mood,KeBlack,41,-5,5,LU,2025-06-11,76,True,171537,Focus,2024-11-22,0.752,0.694,11,-7.437,0,0.117,0.151,0.0713,0.132,0.696,127.045,4
1EDPVGbyPKJPeGqATwXZvN,The Emptiness Machine,Linkin Park,42,4,-6,LU,2025-06-11,85,True,190427,From Zero,2024-11-15,0.466,0.872,7,-3.344,1,0.0336,0.0156,0.0,0.121,0.806,184.115,4
7ne4VBA60CxGM75vw0EYad,That’s So True,Gracie Abrams,43,-8,-6,LU,2025-06-11,96,True,166300,The Secret of Us (Deluxe),2024-10-18,0.554,0.808,1,-4.169,1,0.0368,0.214,0.0,0.159,0.372,108.548,4
4liOLSxxEllQ61qaR4pFJL,Pélican,L2B,44,-5,-1,LU,2025-06-11,75,True,165653,Nés Pour Briller : Book I,2025-02-20,0.825,0.554,5,-9.631,0,0.395,0.239,0.0,0.0459,0.763,93.021,3
3BntzKsnLf2pc0dsvE3Zav,Bad Dreams,Teddy Swims,45,-11,-13,LU,2025-06-11,89,False,184577,I've Tried Everything But Therapy (Part 2),2025-01-24,0.707,0.68,8,-6.203,1,0.0884,0.274,0.0,0.0932,0.62,125.058,4
15vGti1ooNZFlDUdlLukX6,Dolce Camara,"Booba, SDM",46,2,-21,LU,2025-06-11,74,True,178401,AD VITAM ÆTERNAM,2024-02-08,0.785,0.692,1,-5.756,0,0.339,0.406,0.0,0.0559,0.649,112.035,4
1RiCNSkK4AfT1j8ZM4JnVs,CIEL,GIMS,47,-10,-2,LU,2025-06-11,78,False,186461,LE NORD SE SOUVIENT,2024-09-13,0.797,0.605,4,-9.587,0,0.0769,0.129,0.0,0.13,0.874,129.933,4
7jtQIBanIiJOMS6RyCx6jZ,Another Love,Tom Odell,48,-10,-8,LU,2025-06-11,67,True,244360,Long Way Down,2013-06-17,0.442,0.538,4,-8.55,0,0.0451,0.717,2.95e-05,0.09,0.139,122.758,4
2D2JZ8FHmkyGxcGrDpWGe4,Tout Pour L'équipe,L2B,49,1,-15,LU,2025-06-11,73,True,180973,Nés Pour Briller : Book II,2025-04-17,0.742,0.587,1,-8.698,1,0.114,0.0333,0.0,0.139,0.625,115.994,4
5kfAx6phDHPpz5g8IAPyc2,Chemin d'or,Werenoi,50,0,-9,LU,2025-06-11,78,True,212093,Carré,2023-03-09,0.679,0.607,11,-6.72,0,0.161,0.354,0.0,0.159,0.396,91.444,3
27xkOIER6uDLKALIelHylZ,Don’t Say You Love Me,Jin,1,0,0,LT,2025-06-11,93,False,180716,Echo,2025-05-16,0.729,0.562,8,-5.49,1,0.0304,0.484,0.0,0.105,0.757,111.976,4
0irt6kgL5WSYGylZtT07P6,Vis Vien,Jessica Shy,2,0,2,LT,2025-06-11,57,False,158446,Vis Vien,2025-03-21,0.513,0.732,8,-5.893,0,0.0875,0.453,0.000794,0.0801,0.716,206.236,4
5FpQmN6lB8zLXXE2V5ylTu,MILIJONAS NAKTŲ,"bielskis, Tautvydas Burauskas",3,0,0,LT,2025-06-11,54,True,182668,MILIJONAS NAKTŲ,2025-04-24,0.339,0.407,1,-9.456,1,0.0569,0.121,1.14e-06,0.135,0.362,174.694,4
4kbkYbhWNiSJraySknB4hD,Baller,Abor & Tynna,4,0,-2,LT,2025-06-11,84,False,159493,Bittersüß,2025-02-14,0.732,0.835,0,-4.399,0,0.0553,0.0571,0.0,0.202,0.829,137.904,4
0FTmksd2dxiE5e3rWyJXs6,back to friends,sombr,5,0,1,LT,2025-06-11,98,False,199032,back to friends,2024-12-27,0.436,0.723,1,-2.291,1,0.0301,9.37e-05,8.82e-05,0.0929,0.235,92.855,4
2p9Jb5GxSdQvCJ7zTBSuXK,1000 Vėtrų,Jessica Shy,6,0,9,LT,2025-06-11,54,False,127272,Sutemos,2024-05-31,0.827,0.694,2,-6.477,1,0.0346,0.286,0.000577,0.106,0.875,132.015,4
5vYEYDozkj6nosJ7CyYJg9,Meilės Mašina,Solo Ansamblis,7,1,0,LT,2025-06-11,52,False,280470,Scenos,2025-03-21,0.831,0.438,4,-10.132,0,0.0785,0.312,0.0903,0.125,0.946,118.022,4
7bi0RIjwiZ0r6HlW0Lb4eq,Vienas,Free Finga,8,1,-3,LT,2025-06-11,56,False,253714,Plastika,2024-03-21,0.687,0.688,11,-8.163,0,0.0584,0.0213,0.00867,0.0944,0.393,140.003,4
4WFgvKVfEhb3IUAFGrutTR,Love Me Not,Ravyn Lenae,9,2,4,LT,2025-06-11,91,False,213466,Bird's Eye,2024-08-09,0.779,0.731,0,-6.176,1,0.0306,0.296,0.0,0.128,0.814,114.001,4
6EOpPeCBiBYF0yITU0VQwT,Apkabink,Jessica Shy,10,-3,9,LT,2025-06-11,54,False,134126,Pasaka,2023-03-10,0.837,0.61,6,-6.94,0,0.0334,0.304,9.39e-06,0.133,0.902,110.003,4
4Sutb29y41vsYKsMdmMbXu,Man Patinka Taip Gyvent,Atlanta,11,-1,-2,LT,2025-06-11,50,False,183636,Man Patinka Taip Gyvent,2025-05-08,0.6,0.815,5,-4.89,0,0.0523,0.00481,0.000104,0.374,0.59,131.963,4
7oT03aTBgEAC3MqizjLL71,Tarp Geltonų Rūtų,Jessica Shy,12,0,-4,LT,2025-06-11,54,False,123000,Sutemos,2024-05-31,0.76,0.74,9,-5.912,0,0.0307,0.278,0.0,0.244,0.548,119.956,4
4AajxCEwGEsmHmT4H1TwjY,undressed,sombr,13,2,-1,LT,2025-06-11,96,False,182088,undressed,2025-03-21,0.642,0.887,0,-3.883,1,0.0406,0.137,0.0,0.0829,0.888,115.999,4
0hta2Lb2zKJ7kEnAEZEE3G,Nope your too late i already died,"wifiskeleton, i wanna be a jack-o-lantern",14,0,15,LT,2025-06-11,92,False,90067,suburban daredevil,2024-10-22,0.704,0.597,4,-10.458,0,0.036,0.105,0.00835,0.264,0.978,119.993,4
2RkZ5LkEzeHGRsmDqKwmaJ,Ordinary,Alex Warren,15,2,1,LT,2025-06-11,95,False,186964,"You'll Be Alright, Kid (Chapter 1)",2024-09-26,0.368,0.694,2,-6.141,1,0.06,0.704,6.59e-06,0.055,0.391,168.115,3
1wGPGvj0moDoKMMVwFWFLj,Vasarą galvoj minoras,Katarsis,16,0,-2,LT,2025-06-11,61,False,204500,Vasarą galvoj minoras,2020-10-14,0.643,0.276,10,-15.511,1,0.0569,0.957,0.456,0.105,0.282,119.974,4
0AMoopn68aGAAaJ9qFXPnX,Lighter,Kyle Alessandro,17,1,-6,LT,2025-06-11,83,False,175853,Lighter,2025-01-24,0.704,0.657,2,-3.79,0,0.0601,0.0115,0.0,0.268,0.561,105.088,4
0g4FU2WlInNO2VfAQzm1sK,Aš Šalia,Šokoledas,18,-5,2,LT,2025-06-11,51,False,196507,Demo,2024-06-29,0.708,0.747,7,-9.305,0,0.0342,0.232,0.0,0.182,0.948,120.052,4
2WQ09wqQBIOor7Q0VpIDBK,Rock That Body,Black Eyed Peas,19,6,31,LT,2025-06-11,81,False,268840,THE E.N.D. (THE ENERGY NEVER DIES) [Deluxe Version],2009-01-01,0.715,0.907,7,-6.025,0,0.0993,0.0172,8.39e-05,0.426,0.841,124.991,4
42UBPzRMh5yyz0EDPr6fr1,Manchild,Sabrina Carpenter,20,3,30,LT,2025-06-11,89,True,213645,Manchild,2025-06-05,0.731,0.685,7,-5.087,1,0.0572,0.122,0.0,0.317,0.811,123.01,4
3mI5AOZ16uQg9plo9J4cC3,Tavo akys,Katarsis,21,-1,29,LT,2025-06-11,42,False,172800,Tavo akys,2025-01-30,0.511,0.761,9,-4.935,0,0.0348,0.0052,0.000183,0.0756,0.238,110.079,4
6dOtVTDdiauQNBQEDOtlAB,BIRDS OF A FEATHER,Billie Eilish,22,8,10,LT,2025-06-11,100,False,210373,HIT ME HARD AND SOFT,2024-05-17,0.747,0.507,2,-10.171,1,0.0358,0.2,0.0608,0.117,0.438,104.978,4
3zEN0ii6s4DHHBpnTp3RP7,We Are The People,Empire Of The Sun,23,-1,1,LT,2025-06-11,90,False,267373,Walking On A Dream (10th Anniversary Edition),2008-10-03,0.675,0.781,4,-5.404,0,0.0306,0.0801,0.0143,0.422,0.534,122.989,4
49k9lLVXgUe7hJwBgQoR5M,Balta Meilė,Katarsis,24,-3,-14,LT,2025-06-11,61,False,242600,Balta Meilė,2025-05-14,0.238,0.565,2,-6.306,1,0.0316,0.00457,1.2e-05,0.357,0.144,133.948,4
5GY1DG6DwtqCv7au849YRu,Beržas (feat. Monika Liu),"Free Finga, Monika LIU",25,6,-4,LT,2025-06-11,52,False,265423,Plastika,2024-03-21,0.802,0.432,6,-9.566,1,0.0297,0.392,0.484,0.0754,0.545,104.042,4
0dWhliZrU41gOE51Zgbbyz,Žvaigždės,Jessica Shy,26,-7,16,LT,2025-06-11,52,False,142500,Sutemos,2024-05-31,0.733,0.711,5,-5.192,1,0.0249,0.28,0.00611,0.19,0.576,111.999,4
4zpNfuWJA3K4d9TS4qnOIB,Espresso Macchiato,Tommy Cash,27,-3,23,LT,2025-06-11,84,False,173746,Espresso Macchiato,2024-12-07,0.682,0.699,4,-6.168,0,0.045,0.0116,9.82e-06,0.135,0.697,119.889,4
2yWlGEgEfPot0lv3OAjuG3,Just Keep Watching (From F1® The Movie),"Tate McRae, F1 The Album",28,-2,0,LT,2025-06-11,91,False,142550,Just Keep Watching (From F1® The Movie),2025-05-30,0.656,0.796,9,-5.856,0,0.113,0.0767,0.0,0.509,0.425,129.956,4
6X4UYTBareIviVD5EDl4KD,MEDUS,Angelou,29,7,4,LT,2025-06-11,47,False,175000,RODEO,2025-05-05,0.672,0.585,7,-7.065,0,0.025,0.0815,0.0168,0.102,0.551,89.996,4
0QCIpQV3twfqo9kh0t8Zza,Shake It To The Max (FLY) - Remix,"MOLIY, Silent Addy, Skillibeng, Shenseea",30,-3,-3,LT,2025-06-11,93,True,178775,Shake It To The Max (FLY) (Remix),2025-02-21,0.856,0.548,0,-6.609,0,0.123,0.561,0.0,0.155,0.562,97.997,4
5yFS6pQbCzcjbD1yslaX1k,Laužai,"Sauben, Hiperbolė",31,-2,-1,LT,2025-06-11,52,False,157500,Laužai,2025-02-28,0.934,0.656,0,-6.757,1,0.194,0.16,2.17e-05,0.0805,0.707,127.985,4
6eIzQCYExfnNeM7KOlE3lE,Bara Bada Bastu,KAJ,32,-4,-10,LT,2025-06-11,75,False,166880,Sauna Collection,2025-05-09,0.757,0.889,9,-4.729,0,0.0788,0.0754,2.32e-05,0.0397,0.754,106.037,4
0woi2knxQucSRKtrX6a7eC,Šokam Lėtai,Jessica Shy,33,9,17,LT,2025-06-11,49,False,156000,Apkabinti Prisiminimus,2022-01-25,0.755,0.616,9,-8.483,0,0.0256,0.244,9.1e-05,0.248,0.516,100.012,4
2LUy7WN9ExjiABCvmOVGAy,Marozika,Vaidas Baumila,34,-2,-3,LT,2025-06-11,46,False,182676,Vienodai žydi sodai,2025-05-08,0.751,0.651,0,-8.474,0,0.0368,0.249,0.00272,0.0959,0.654,138.038,4
6FrdgpACiBkUqULyNrGwfc,Nieko Nieko,Jessica Shy,35,13,15,LT,2025-06-11,50,False,188411,Pasaka,2023-03-10,0.792,0.713,2,-5.859,0,0.03,0.206,8.28e-05,0.0922,0.64,106.943,4
2FAZskT9yRjp2Oow9szJD8,The Days - NOTION Remix,"Chrystal, NOTION",36,-3,0,LT,2025-06-11,92,False,233229,The Days (NOTION Remix),2024-11-08,0.62,0.843,6,-5.321,0,0.0844,0.0062,4.63e-06,0.55,0.237,137.812,4
2qBns3n70EKZ8za48BJuad,Nepyk Ant Manęs,"Jessica Shy, Free Finga",37,10,8,LT,2025-06-11,50,False,193920,Sutemos,2024-05-31,0.742,0.546,6,-7.111,0,0.0334,0.339,0.00268,0.108,0.303,125.01,4
31CsSZ9KlQmEu0JvWSkM3j,Deslocado,NAPA,38,-3,-3,LT,2025-06-11,79,False,179996,Deslocado,2025-03-10,0.568,0.455,6,-7.931,1,0.0275,0.15,0.00027,0.152,0.412,75.504,4
34EclK5pWi2OqUz5cDm2X2,Volevo essere un duro,Lucio Corsi,39,-5,-13,LT,2025-06-11,69,False,185200,Volevo essere un duro,2025-03-20,0.475,0.652,4,-5.742,1,0.0435,0.227,3.4e-06,0.194,0.492,79.201,4
0AIpGG5dxEgnAymhdJRSZ0,Champagne Coast,Blood Orange,40,-1,10,LT,2025-06-11,83,False,292373,Coastal Grooves,2011-08-08,0.813,0.406,9,-12.626,1,0.0662,0.0203,0.392,0.0757,0.755,122.658,4
321yySUTzRXUbzkRTeTzDB,Wasted Love,JJ,41,-4,-16,LT,2025-06-11,84,False,164998,Wasted Love,2025-03-06,0.293,0.833,1,-4.497,0,0.0519,0.237,0.0,0.18,0.274,133.165,4
1VY0vzI9sit027CwgOV4PH,Praradau tave,Katarsis,42,-1,-24,LT,2025-06-11,57,False,217500,Praradau tave,2023-07-26,0.441,0.572,0,-12.437,1,0.0946,0.00128,0.87,0.174,0.275,159.995,4
5ITV0zqzjOYfFWpW0xBmRa,Show Me Love,"WizTheMc, bees & honey",43,-3,-9,LT,2025-06-11,94,False,176965,Show Me Love,2025-02-07,0.714,0.691,1,-7.333,1,0.0434,0.0212,0.000292,0.111,0.155,107.15,4
3ZaEs1O8BG581qYPHpQ8d6,I Smoked Away My Brain (I'm God x Demons Mashup) (feat. Imogen Heap & Clams Casino),"A$AP Rocky, Imogen Heap, Clams Casino",44,2,0,LT,2025-06-11,88,True,190285,I Smoked Away My Brain (I'm God x Demons Mashup) (feat. Imogen Heap & Clams Casino),2023-08-18,0.47,0.652,2,-9.629,1,0.0561,0.0831,4.08e-05,0.175,0.104,141.981,4
3BntzKsnLf2pc0dsvE3Zav,Bad Dreams,Teddy Swims,45,-1,-8,LT,2025-06-11,89,False,184577,I've Tried Everything But Therapy (Part 2),2025-01-24,0.707,0.68,8,-6.203,1,0.0884,0.274,0.0,0.0932,0.62,125.058,4
6aNCsReAOapFAxx43eTBlH,Saugok širdį,"Ruta MUR, Leon Somov",46,3,4,LT,2025-06-11,48,False,263996,Saugok širdį,2024-10-29,0.682,0.71,0,-8.796,1,0.0327,0.0493,0.0136,0.07,0.297,120.031,4
0RJHLXajHNw2QrvnT709yQ,Melodramos,"Rokas Yan, Evgenya Redko",47,-2,3,LT,2025-06-11,49,False,159000,Melodramos,2023-10-18,0.744,0.637,0,-6.283,0,0.0942,0.344,1.31e-05,0.132,0.643,129.924,4
7B3BwNecBhKvNwSMOOl7Gk,Fame is a Gun,Addison Rae,48,-10,2,LT,2025-06-11,76,False,183237,Addison,2025-06-06,0.692,0.399,3,-7.325,0,0.035,0.165,0.00109,0.1,0.411,137.976,4
1PGihkGGcCzhRcPJNPRmdY,Vaikystės Stogas,FOJE,49,1,-9,LT,2025-06-11,49,False,162320,Foje,2017-10-25,0.685,0.861,11,-7.692,0,0.0473,0.000569,3.94e-05,0.0825,0.847,136.932,4
32YKE3B8bFWjnEb2xli50k,Tyliai Pakuždėk,"Jessica Shy, Nombeko Auguste",50,0,0,LT,2025-06-11,49,False,172000,Apkabinti Prisiminimus,2022-01-25,0.886,0.768,8,-5.843,0,0.0399,0.194,0.000374,0.0936,0.71,119.989,4
7tI8dRuH2Yc6RuoTjxo4dU,Who,Jimin,1,0,0,KZ,2025-06-11,90,False,170887,MUSE,2024-07-19,0.66,0.756,0,-3.743,0,0.032,0.00289,0.0,0.193,0.838,116.034,4
2tLlo7gsIG89XARmuo7wwW,Сүйгенім,Aikyn Tolepbergen,2,0,3,KZ,2025-06-11,52,False,171054,ЖАП-ЖАҢА 2025,2025-02-21,0.627,0.616,4,-7.457,0,0.0297,0.213,0.0,0.118,0.472,150.14,4
3d01Yj78R8gltsJbovCf2g,Keipker,Ernar Amandyq,3,0,-1,KZ,2025-06-11,55,False,204036,Keipker,2025-01-31,0.63,0.578,8,-6.329,0,0.045,0.675,1.57e-05,0.0615,0.76,82.68,4
1jgFeioctc38E4VOoPz1nr,Баяғыдай,Duman,4,0,14,KZ,2025-06-11,55,False,201224,Баяғыдай,2024-06-19,0.606,0.465,4,-9.072,0,0.0421,0.407,0.0,0.153,0.406,119.851,4
2HbcY1EZs224jqo5ZV8sSs,Бақытыңды табасың,Kazybek Kuraiysh,5,0,1,KZ,2025-06-11,56,False,177295,Бақытыңды табасың,2024-08-16,0.656,0.474,4,-10.971,0,0.0391,0.649,0.00712,0.124,0.555,82.96,4
3EiBbNPtVWgh1ovHwWES0w,Saǵynamyn,Қанат Ерлан,6,7,-2,KZ,2025-06-11,55,False,132167,Saǵynamyn,2024-06-02,0.694,0.556,8,-9.513,0,0.0789,0.731,3.48e-05,0.396,0.437,82.978,4
27xkOIER6uDLKALIelHylZ,Don’t Say You Love Me,Jin,7,5,12,KZ,2025-06-11,93,False,180716,Echo,2025-05-16,0.729,0.562,8,-5.49,1,0.0304,0.484,0.0,0.105,0.757,111.976,4
6cl1gUxrhfEnVO6l8HGhit,Дай,"Artur, RICK",8,1,-5,KZ,2025-06-11,57,False,141576,Дай,2025-01-20,0.786,0.47,11,-6.832,0,0.432,0.178,2.94e-05,0.14,0.458,89.866,4
1dpHnn6eh4Pz55UproSdJv,так похуй,madk1d,9,-2,1,KZ,2025-06-11,72,True,108000,sexyswag,2025-03-21,0.598,0.813,10,-4.188,0,0.169,0.00179,8.74e-05,0.128,0.764,80.008,4
2yYayyCbIrGiprUSx1EqHY,Kuiim,ALEM,10,-4,-2,KZ,2025-06-11,55,False,208000,Kuiim,2024-12-06,0.754,0.517,9,-10.745,0,0.0347,0.498,0.0316,0.126,0.814,119.978,4
4BD8bCOoIl1ImjBpAc8rK9,нужна,M'Dee,11,-3,1,KZ,2025-06-11,56,False,256000,"Алматинский джаз, Vol. 3",2025-04-04,0.699,0.374,8,-10.221,0,0.0432,0.686,0.000402,0.0656,0.609,137.1,4
2WTfb6QxijezJP8GYidHRo,Kobelek,6ELLUCCI,12,-1,10,KZ,2025-06-11,54,False,250827,Kobelek,2024-06-14,0.81,0.438,10,-8.106,1,0.0624,0.0953,7.55e-05,0.092,0.147,132.954,4
1VtiEiBQ75VxDf7k7Np5sT,В открытый космос,Jah Khalib,13,2,2,KZ,2025-06-11,57,False,169714,E.G.O.,2018-03-16,0.776,0.537,9,-5.964,0,0.0582,0.393,8.66e-05,0.0999,0.618,140.002,4
6bq6XAar6SjVHmLBBEGb3W,Солнце,V $ X V PRiNCE,14,3,3,KZ,2025-06-11,52,True,176244,Солнце,2025-04-17,0.897,0.594,6,-6.984,0,0.143,0.428,3.34e-05,0.306,0.632,112.004,4
3LWVXp636uLT356Rj08Jaz,Be Mine,Jimin,15,-5,-6,KZ,2025-06-11,76,False,207347,MUSE,2024-07-19,0.687,0.747,1,-5.496,0,0.0883,0.056,1.34e-06,0.11,0.56,66.495,5
4ExjsnUFdOejQZLk9aysrl,Арман - Сені күнде көру,IL'HAN,16,-2,4,KZ,2025-06-11,54,False,170666,Арман (Сені күнде көру),2022-09-20,0.625,0.574,11,-6.543,0,0.178,0.467,8.1e-06,0.221,0.533,90.011,4
0HVwCxSAAzgyKbd5CqkfAO,Гром и гроза,The Adresov,17,2,-1,KZ,2025-06-11,56,False,223826,Гром и гроза,2024-11-27,0.761,0.554,2,-7.057,0,0.0357,0.212,0.0,0.27,0.355,104.964,4
0QCIpQV3twfqo9kh0t8Zza,Shake It To The Max (FLY) - Remix,"MOLIY, Silent Addy, Skillibeng, Shenseea",18,-2,-11,KZ,2025-06-11,93,True,178775,Shake It To The Max (FLY) (Remix),2025-02-21,0.856,0.548,0,-6.609,0,0.123,0.561,0.0,0.155,0.562,97.997,4
54w04Shxa9xRKJkZQp7uqB,Sheker,Darkhan Juzz,19,5,21,KZ,2025-06-11,53,False,217354,TBRN,2019-04-26,0.705,0.55,8,-8.729,0,0.128,0.48,0.0,0.328,0.491,160.017,4
2knuxw8DMvP8iR8bNErIov,Korkemim,Kazybek Kuraiysh,20,0,-9,KZ,2025-06-11,55,False,187105,Korkemim,2022-04-21,0.682,0.548,9,-12.26,0,0.0454,0.43,0.0,0.14,0.711,76.025,4
5REilTUdqHHpHZZ2karkrU,Асылым,elemeimin,21,-3,4,KZ,2025-06-11,54,False,197045,Асылым,2024-12-21,0.642,0.468,1,-7.641,0,0.136,0.829,0.0459,0.113,0.227,83.459,4
0dY8qhMk6KOxw51j36GtlM,Расстояние,"Ulukmanapo, Bakr",22,13,26,KZ,2025-06-11,60,False,180718,Расстояние,2022-05-13,0.608,0.591,5,-5.312,0,0.0854,0.489,9.01e-06,0.0919,0.562,84.866,4
7so0lgd0zP2Sbgs2d7a1SZ,Die With A Smile,"Lady Gaga, Bruno Mars",23,-2,-9,KZ,2025-06-11,91,False,251667,MAYHEM,2025-03-07,0.519,0.601,6,-7.727,0,0.0317,0.289,0.0,0.126,0.498,157.964,3
7CyPwkp0oE8Ro9Dd5CUDjW,"One Of The Girls (with JENNIE, Lily Rose Depp)","The Weeknd, JENNIE, Lily-Rose Depp",24,-1,2,KZ,2025-06-11,94,False,244684,The Idol Episode 4 (Music from the HBO Original Series),2023-06-23,0.264,0.64,8,-6.221,1,0.0442,0.0393,2.31e-06,0.151,0.19,84.828,4
0fK7ie6XwGxQTIkpFoWkd1,like JENNIE,JENNIE,25,-3,-12,KZ,2025-06-11,95,True,123517,Ruby,2025-03-07,0.811,0.743,10,-5.321,0,0.0611,0.281,0.00671,0.0868,0.815,130.019,4
5rc7178sa2YRDlBFBHY0e8,Stephanie,Nafeesisboujee,26,-1,-5,KZ,2025-06-11,84,True,126969,Stephanie,2023-09-15,0.781,0.496,0,-11.224,1,0.0409,0.0887,0.0,0.258,0.388,114.425,4
3QaPy1KgI7nu9FJEQUgn6h,WILDFLOWER,Billie Eilish,27,7,3,KZ,2025-06-11,96,False,261466,HIT ME HARD AND SOFT,2024-05-17,0.467,0.247,6,-12.002,0,0.0431,0.612,0.000271,0.17,0.126,148.101,4
6dOtVTDdiauQNBQEDOtlAB,BIRDS OF A FEATHER,Billie Eilish,28,4,0,KZ,2025-06-11,100,False,210373,HIT ME HARD AND SOFT,2024-05-17,0.747,0.507,2,-10.171,1,0.0358,0.2,0.0608,0.117,0.438,104.978,4
0hta2Lb2zKJ7kEnAEZEE3G,Nope your too late i already died,"wifiskeleton, i wanna be a jack-o-lantern",29,-3,-5,KZ,2025-06-11,92,False,90067,suburban daredevil,2024-10-22,0.704,0.597,4,-10.458,0,0.036,0.105,0.00835,0.264,0.978,119.993,4
6QG3PhgXcYShWkDwBOkqLz,Сжигая дотла,Jah Khalib,30,6,20,KZ,2025-06-11,60,False,251898,Все что мы любим,2016-03-11,0.835,0.432,5,-6.892,0,0.184,0.65,0.0,0.121,0.468,140.005,4
0Jc2odW9auuuy1xa8i6irR,bir ayda,IL'HAN,31,6,10,KZ,2025-06-11,52,False,183724,bir ayda,2024-08-06,0.484,0.657,8,-7.723,0,0.0738,0.524,0.0,0.0973,0.141,144.882,4
7pMxLK5v1PLtqZqYRtnqqK,Дома,LUCAVEROS,32,1,12,KZ,2025-06-11,55,False,220909,В одно касание,2017-08-25,0.779,0.656,6,-6.769,0,0.0839,0.0559,1.11e-06,0.111,0.428,87.997,4
2rYSKQX9vl6WMYWx0BM6Di,Taspa,Dosekesh,33,7,-10,KZ,2025-06-11,53,False,230765,Taspa,2022-02-04,0.458,0.502,3,-7.416,1,0.0275,0.0827,4.8e-06,0.0942,0.356,160.314,4
0cQVqPuHQP4KEwc7ZUQmj6,Sweater Weather,The Neighbourhood,34,5,16,KZ,2025-06-11,71,False,240426,I Love You.,2013-04-19,0.613,0.808,10,-2.851,1,0.0346,0.0426,0.0159,0.102,0.38,124.037,4
3ITdvbTW7l2wwYqVuEOFz5,Meni kut,Ernar Amandyq,35,-4,3,KZ,2025-06-11,51,False,276341,Meni kut,2024-11-25,0.661,0.246,4,-11.547,0,0.0372,0.903,1.06e-06,0.0966,0.509,125.991,4
5XeFesFbtLpXzIVDNQP22n,I Wanna Be Yours,Arctic Monkeys,36,2,-5,KZ,2025-06-11,94,False,183956,AM,2013-09-09,0.464,0.417,0,-9.345,0,0.0256,0.136,0.022,0.0974,0.479,67.528,4
43wgyQXc2M9KmTDUqVzugM,I Got Love,"MiyaGi & Endspiel, Rem Digga",37,-8,-8,KZ,2025-06-11,72,False,276687,I Got Love,2016-09-09,0.666,0.862,2,-4.376,0,0.203,0.154,0.0,0.139,0.203,106.028,4
7G7mSV4BebkoHWwKTDvXu9,Winter Ahead (with PARK HYO SHIN),"V, Park Hyo Shin",38,-10,12,KZ,2025-06-11,84,False,234895,Winter Ahead (with PARK HYO SHIN),2024-11-29,0.36,0.316,3,-9.954,1,0.0284,0.858,0.000212,0.23,0.229,76.844,3
3TNk8XjUz6uC2VvWbt6ru5,Umyttyń Ba?,"akimmmich, Turar",39,6,-12,KZ,2025-06-11,53,False,173746,Umyttyń Ba?,2024-07-02,0.758,0.572,4,-7.471,0,0.087,0.19,1.82e-05,0.146,0.488,115.021,4
6YTfqiXQdX1SODLieUjNdf,Голоса,Zvonkiy,40,-13,10,KZ,2025-06-11,59,False,206400,Мир моих иллюзий,2018-10-19,0.77,0.9,5,-3.745,1,0.0993,0.233,0.000231,0.125,0.696,100.051,4
36DnMjOyWBOZLgWYm2KWFz,ты че обиделась,"madk1d, тёмный принц",41,3,9,KZ,2025-06-11,69,True,90000,sexyswag,2025-03-21,0.615,0.755,1,-5.813,1,0.128,0.00816,0.0908,0.209,0.717,159.911,4
63Pi2NAx5yCgeLhCTOrEou,Headlock,Imogen Heap,42,6,-8,KZ,2025-06-11,90,False,215338,Speak for Yourself (Deluxe Version),2005-01-01,0.808,0.372,7,-10.759,0,0.0364,0.792,0.0,0.119,0.787,119.982,4
2WQ09wqQBIOor7Q0VpIDBK,Rock That Body,Black Eyed Peas,43,-1,7,KZ,2025-06-11,81,False,268840,THE E.N.D. (THE ENERGY NEVER DIES) [Deluxe Version],2009-01-01,0.715,0.907,7,-6.025,0,0.0993,0.0172,8.39e-05,0.426,0.841,124.991,4
0FTmksd2dxiE5e3rWyJXs6,back to friends,sombr,44,-3,6,KZ,2025-06-11,98,False,199032,back to friends,2024-12-27,0.436,0.723,1,-2.291,1,0.0301,9.37e-05,8.82e-05,0.0929,0.235,92.855,4
3g4l41KPIFXtylLRXruRdF,С тобой,"Nuricko, Ulukmanapo",45,5,-13,KZ,2025-06-11,56,False,225000,С тобой,2024-02-07,0.791,0.526,4,-7.468,0,0.0854,0.607,0.00084,0.333,0.42,155.995,4
4s6CDwsFLosrlvNP6ptR3u,На параллельных путях (feat. Айжан Байсакова),"Jah Khalib, Айжан Байсакова",46,4,4,KZ,2025-06-11,54,False,369789,Все что мы любим,2016-03-11,0.656,0.465,9,-11.898,0,0.042,0.503,0.000922,0.0988,0.375,148.073,4
7tb9Wo86D1xDkKqTbZ3J0p,Men Seni Suyemin,Son Pascal,47,3,3,KZ,2025-06-11,52,False,185312,Yurt - Deluxe Edition,2016-06-29,0.62,0.454,9,-7.497,0,0.0297,0.0818,0.0107,0.0896,0.185,119.94,4
0LdDBjHLVBRzc9BY5wA030,Летали,Ulukmanapo,48,2,2,KZ,2025-06-11,55,False,187200,Летали,2021-10-01,0.779,0.552,6,-5.764,0,0.0489,0.51,0.698,0.0896,0.0665,99.997,4
3L9c3o58X7HMK3uU0ArcMT,Country,IL'HAN,49,1,1,KZ,2025-06-11,44,False,182419,1,2025-04-03,0.618,0.658,7,-8.251,0,0.0279,0.0423,0.00244,0.0653,0.586,154.977,4
47vnQjxyQYM30wkZTgTIpO,Жіберем қалай?,Duman,50,0,0,KZ,2025-06-11,51,False,160000,Жіберем қалай?,2022-03-18,0.685,0.495,6,-7.846,0,0.0413,0.473,0.0,0.104,0.354,132.167,4
7tI8dRuH2Yc6RuoTjxo4dU,Who,Jimin,1,1,0,KR,2025-06-11,90,False,170887,MUSE,2024-07-19,0.66,0.756,0,-3.743,0,0.032,0.00289,0.0,0.193,0.838,116.034,4
27xkOIER6uDLKALIelHylZ,Don’t Say You Love Me,Jin,2,-1,0,KR,2025-06-11,93,False,180716,Echo,2025-05-16,0.729,0.562,8,-5.49,1,0.0304,0.484,0.0,0.105,0.757,111.976,4
2HRgqmZQC0MC7GeNuDIXHN,Seven (feat. Latto) (Explicit Ver.),"Jung Kook, Latto",3,0,0,KR,2025-06-11,85,True,183550,GOLDEN,2023-11-03,0.79,0.831,11,-4.185,1,0.044,0.312,0.0,0.0797,0.872,124.987,4
3LWVXp636uLT356Rj08Jaz,Be Mine,Jimin,4,0,2,KR,2025-06-11,76,False,207347,MUSE,2024-07-19,0.687,0.747,1,-5.496,0,0.0883,0.056,1.34e-06,0.11,0.56,66.495,5
01qFKNWq73UfEslI0GvumE,3D (feat. Jack Harlow),"Jung Kook, Jack Harlow",5,1,7,KR,2025-06-11,79,True,201812,3D : The Remixes,2023-10-02,0.853,0.824,1,-3.287,1,0.103,0.0322,0.0,0.0859,0.888,108.044,4
7JQH2lBMZ10ztDnpoeq6Ki,yours,데이먼스 이어 Damons year,6,2,8,KR,2025-06-11,61,False,165229,yours,2019-04-10,0.483,0.469,11,-6.367,1,0.032,0.658,0.0,0.188,0.316,109.263,4
7gMfVc4zfNIxuMyMGglOHa,Rebirth (Intro),Jimin,7,3,-3,KR,2025-06-11,76,False,144624,MUSE,2024-07-19,0.372,0.567,5,-4.211,0,0.0361,0.142,0.0,0.0871,0.0928,172.024,4
4xeugB5MqWh0jwvXZPxahq,Drowning,WOODZ,8,-1,2,KR,2025-06-11,68,False,244986,OO-LI,2023-04-26,0.62,0.722,8,-4.281,1,0.0357,0.000562,2.2e-05,0.0563,0.368,110.984,4
7G7mSV4BebkoHWwKTDvXu9,Winter Ahead (with PARK HYO SHIN),"V, Park Hyo Shin",9,-4,-2,KR,2025-06-11,84,False,234895,Winter Ahead (with PARK HYO SHIN),2024-11-29,0.36,0.316,3,-9.954,1,0.0284,0.858,0.000212,0.23,0.229,76.844,3
3coRPMnFg2dJcPu5RMloa9,Whiplash,aespa,10,1,5,KR,2025-06-11,78,False,183226,Whiplash - The 5th Mini Album,2024-10-21,0.863,0.9,10,-2.974,0,0.0448,0.0953,0.0212,0.0786,0.748,126.023,4
2KslE17cAJNHTsI2MI0jb2,Standing Next to You,Jung Kook,11,10,16,KR,2025-06-11,85,False,206019,GOLDEN,2023-11-03,0.711,0.809,2,-4.389,0,0.0955,0.0447,0.0,0.339,0.816,106.017,4
7kjVCymE7vn0HizmGCGFWQ,Heavenly Ever After,Lim Young Woong,12,0,6,KR,2025-06-11,71,False,295413,Heavenly Ever After,2025-04-14,0.634,0.274,2,-10.491,1,0.0299,0.874,3.61e-05,0.123,0.155,96.022,3
4H6s1mTZcjHAMU36ZF3Xoz,Nothing Without Your Love,Jin,13,-4,4,KR,2025-06-11,80,False,176126,Echo,2025-05-16,0.494,0.837,7,-4.18,1,0.0616,0.00907,0.0,0.0925,0.246,129.843,4
20QI1DhCFz7pN8rATkNguv,To Reach You,10CM,14,-1,-1,KR,2025-06-11,65,False,158680,To Reach You,2025-03-06,0.571,0.824,2,-3.371,1,0.0381,0.0139,0.0,0.0818,0.416,125.979,4
1agDCV4zQqaFwJQNsTgmL1,Smeraldo Garden Marching Band (feat. Loco),"Jimin, Loco",15,3,-7,KR,2025-06-11,72,False,182840,MUSE,2024-07-19,0.79,0.915,4,-2.251,1,0.146,0.0366,0.0,0.0785,0.726,97.47,4
4WrkJNGb4zUwARc0FD3iNf,Loser (feat. YENA),"Jin, YENA",16,-1,5,KR,2025-06-11,80,False,155638,Echo,2025-05-16,0.561,0.914,5,-1.911,0,0.0694,0.0128,0.0,0.252,0.697,148.008,4
3Ua0m0YmEjrMi9XErKcNiR,Like Crazy,Jimin,17,17,-12,KR,2025-06-11,78,False,212241,FACE,2023-03-24,0.629,0.733,7,-5.445,1,0.0419,0.0025,0.0,0.357,0.362,120.001,4
68UrZQUuO3O6eUiD226xHg,The Chase,Hearts2Hearts,18,5,22,KR,2025-06-11,80,False,178900,The Chase,2025-02-24,0.711,0.734,2,-4.743,1,0.0335,0.161,0.0015,0.0843,0.143,125.946,4
6qafqn8bBMy7t5c5WqpyRk,Closer Than This,Jimin,19,5,-10,KR,2025-06-11,72,False,223301,MUSE,2024-07-19,0.716,0.531,0,-6.051,1,0.0367,0.391,0.0,0.0691,0.431,87.984,4
5RdKO1lsHG9jhbG03LL7cv,With the Clouds,Jin,20,-4,2,KR,2025-06-11,79,False,188897,Echo,2025-05-16,0.264,0.868,11,-5.536,1,0.0637,0.00294,0.000117,0.368,0.308,101.886,4
3iJxBDym1SeqNqJqnvreHK,Never Ending Story,IU,21,-7,-5,KR,2025-06-11,70,False,224026,"A flower bookmark, Pt. 3",2025-05-27,0.404,0.38,10,-5.856,1,0.0361,0.766,0.0,0.0901,0.304,117.811,4
2nopDUxom21JoMzFXj9wS0,HANDS UP,MEOVV,22,-3,-2,KR,2025-06-11,82,False,192467,HANDS UP,2025-04-28,0.844,0.689,9,-5.472,0,0.0522,0.0052,0.000119,0.305,0.441,140.0,4
5566hAPt0WmMPr9Xn749L7,Rope It,Jin,23,-6,2,KR,2025-06-11,79,False,165809,Echo,2025-05-16,0.547,0.856,5,-2.29,1,0.0854,0.0362,0.0,0.617,0.597,124.075,4
24Y63uAvj6Oc9jGuTlhlgf,HOT,LE SSERAFIM,24,-2,5,KR,2025-06-11,76,False,143797,HOT (English ver.) (feat. JADE),2025-04-14,0.763,0.63,0,-3.406,1,0.0558,0.0883,0.0,0.42,0.968,127.957,4
1qmcc6IRvBdhmqhLhSaJoo,Background,Jin,25,-5,-1,KR,2025-06-11,80,False,175665,Echo,2025-05-16,0.498,0.787,1,-5.372,1,0.0544,0.0543,0.0,0.102,0.26,128.003,4
4WUpMUjdoi47LY7gBQBXe3,Grain of Sand,Lim Young Woong,26,0,4,KR,2025-06-11,65,False,220309,Grain of Sand,2023-06-05,0.557,0.343,4,-9.641,1,0.0362,0.664,5.89e-05,0.122,0.112,64.961,4
2CGNAOSuO1MEFCbBRgUzjd,luther (with sza),"Kendrick Lamar, SZA",27,4,9,KR,2025-06-11,92,False,177598,GNX,2024-11-21,0.707,0.575,2,-7.546,1,0.125,0.251,0.0,0.248,0.576,138.008,4
0fK7ie6XwGxQTIkpFoWkd1,like JENNIE,JENNIE,28,0,5,KR,2025-06-11,95,True,123517,Ruby,2025-03-07,0.811,0.743,10,-5.321,0,0.0611,0.281,0.00671,0.0868,0.815,130.019,4
2PlsVMcOn6ujc2UEYs2Yat,Home,Lim Young Woong,29,0,5,KR,2025-06-11,67,False,235333,Warmth,2024-05-06,0.586,0.816,6,-4.513,1,0.0456,0.00921,1.08e-06,0.081,0.407,128.021,4
3vnaEaDxMKdBhqA1t0uAwl,Warmth,Lim Young Woong,30,0,2,KR,2025-06-11,67,False,235053,Warmth,2024-05-06,0.354,0.232,5,-7.656,1,0.0329,0.79,0.0,0.127,0.342,171.198,4
2ryzy7LSXUDFg5G05znHsL,Dear,QWER,31,19,19,KR,2025-06-11,46,False,202026,"3rd Mini Album 'In a million noises, I'll be your harmony'",2025-06-09,0.535,0.945,9,-2.3,1,0.124,0.0569,0.0,0.374,0.562,167.914,4
1aKvZDoLGkNMxoRYgkckZG,Magnetic,ILLIT,32,9,16,KR,2025-06-11,84,False,160688,SUPER REAL ME,2024-03-25,0.797,0.668,6,-5.819,1,0.0687,0.257,0.0,0.0876,0.69,131.067,4
3d2bsbugow8JiNvuaRupFH,Slow Dance (feat. Sofia Carson),"Jimin, Sofia Carson",33,-6,-22,KR,2025-06-11,75,False,188399,MUSE,2024-07-19,0.68,0.719,1,-6.078,1,0.0708,0.132,0.0,0.0295,0.8,87.016,4
2GMKQPMXdOGXsQkDYBN6wF,시작의 아이 ハジマリのコ (Starting With You),MAKTUB,34,-1,16,KR,2025-06-11,55,False,256626,시작의 아이 ハジマリのコ (Starting With You),2025-01-01,0.355,0.653,6,-3.065,1,0.0462,0.499,0.0,0.101,0.279,149.166,4
7so0lgd0zP2Sbgs2d7a1SZ,Die With A Smile,"Lady Gaga, Bruno Mars",35,1,0,KR,2025-06-11,91,False,251667,MAYHEM,2025-03-07,0.519,0.601,6,-7.727,0,0.0317,0.289,0.0,0.126,0.498,157.964,3
3f7rVNaBNocDLtPmnds9eE,"To Me, Today",Jin,36,-11,3,KR,2025-06-11,79,False,181575,Echo,2025-05-16,0.583,0.777,1,-4.664,1,0.0628,0.00642,0.0,0.0526,0.583,155.913,4
6auT8cRBu3BgPRBrdVBY15,London Boy,Lim Young Woong,37,-5,0,KR,2025-06-11,64,False,244500,Polaroid,2022-11-15,0.507,0.87,2,-2.277,1,0.0346,0.374,0.0,0.271,0.663,133.091,4
21ewxM3YvcdTj7cC0XwznO,Do or Die,Lim Young Woong,38,-3,0,KR,2025-06-11,65,False,205440,Do or Die,2023-10-09,0.599,0.822,1,-5.031,1,0.0512,0.0316,0.0,0.319,0.664,124.907,4
2NtidJuimmXzUsExfMYcvk,"IF I SAY, I LOVE YOU",BOYNEXTDOOR,39,1,-8,KR,2025-06-11,68,False,161693,No Genre,2025-05-13,0.675,0.747,11,-5.284,0,0.111,0.125,0.0,0.421,0.817,138.104,4
5lKnZbdGCBViitE1Ce5TZh,Supernova,aespa,40,3,4,KR,2025-06-11,75,False,178880,Armageddon - The 1st Album,2024-05-26,0.744,0.747,11,-4.281,0,0.0824,0.00691,2.03e-06,0.0739,0.368,120.077,4
45zLrK0668WQ5JFMyiYmCS,Interlude : Showtime,Jimin,41,-2,-22,KR,2025-06-11,72,False,78492,MUSE,2024-07-19,0.786,0.836,4,-5.839,1,0.0633,0.558,0.444,0.684,0.921,92.002,4
0qkYuCno3SoU8vxkCdx0iJ,THUNDER,SEVENTEEN,42,-4,-19,KR,2025-06-11,86,False,164040,SEVENTEEN 5th Album 'HAPPY BURSTDAY',2025-05-26,0.752,0.837,5,-4.996,0,0.0632,0.0332,0.0,0.0643,0.718,129.988,4
3GG5KPuvG7qokLoKReboHI,Paint On Spring - Remastering,Martin Smith,43,1,0,KR,2025-06-11,58,False,232227,SLATE,2018-02-22,0.623,0.759,0,-4.945,1,0.0439,0.136,0.0,0.123,0.576,98.047,4
4XLfRpryO7Qn0SXp1ARIfj,123-78,BOYNEXTDOOR,44,-7,-18,KR,2025-06-11,75,False,160333,No Genre,2025-05-13,0.635,0.85,1,-3.67,1,0.0757,0.282,0.0,0.238,0.752,138.078,4
2sDcIrosoXqiGv1D5OQUvF,Dash,PLAVE,45,1,0,KR,2025-06-11,71,False,174533,Caligo Pt.1,2025-02-03,0.65,0.65,1,-5.663,0,0.0535,0.0219,0.0,0.113,0.369,103.071,4
50zAEIE4B1QqhPjRMK2Xmh,Running Wild,Jin,46,-4,-18,KR,2025-06-11,79,False,151646,Happy - :') (Remixes),2024-11-19,0.487,0.711,8,-4.22,1,0.0322,0.000175,0.0,0.152,0.317,146.921,4
6oNLSQX8bcAdbCElZYju3v,Supersonic,fromis_9,47,0,3,KR,2025-06-11,70,False,174146,Supersonic,2024-08-12,0.672,0.801,6,-3.968,0,0.0413,0.0539,0.0,0.131,0.415,140.025,4
5LrN7yUQAzvthd4QujgPFr,Here With Me,d4vd,48,2,-1,KR,2025-06-11,90,False,242484,Petals to Thorns,2023-05-26,0.575,0.45,4,-9.306,1,0.0259,0.531,6.59e-05,0.124,0.263,132.039,4
1k68vKHNQXU5CHqcM7Yp7N,HAPPY,DAY6,49,1,1,KR,2025-06-11,64,False,189934,Fourever,2024-03-18,0.535,0.963,9,-3.363,1,0.0798,0.000873,0.0,0.137,0.614,80.002,4
0a4MMyCrzT0En247IhqZbD,Hype Boy,NewJeans,50,0,0,KR,2025-06-11,79,False,179026,NewJeans 1st EP 'New Jeans',2022-08-01,0.593,0.935,4,-3.43,0,0.225,0.268,0.0,0.286,0.783,99.976,4
27xkOIER6uDLKALIelHylZ,Don’t Say You Love Me,Jin,1,0,0,JP,2025-06-11,93,False,180716,Echo,2025-05-16,0.729,0.562,8,-5.49,1,0.0304,0.484,0.0,0.105,0.757,111.976,4
3huSUfmhUr4entz2S0G31O,クスシキ,Mrs. GREEN APPLE,2,0,0,JP,2025-06-11,82,False,188348,クスシキ,2025-04-04,0.578,0.786,1,-3.614,0,0.0491,0.00163,0.0,0.293,0.911,137.909,3
7BPgsEG645OAnpetcBbLrZ,breakfast,Mrs. GREEN APPLE,3,1,45,JP,2025-06-11,72,False,228971,breakfast,2025-06-03,0.794,0.827,7,-4.324,1,0.0436,0.0532,0.0,0.553,0.93,121.991,4
78W4mTLIh4qoLu92W4IQhO,ライラック,Mrs. GREEN APPLE,4,-1,-1,JP,2025-06-11,81,False,288200,ライラック,2024-04-11,0.531,0.794,10,-4.363,1,0.0964,0.0176,0.0,0.082,0.775,149.923,4
5JTNhYqB0eG0ivgZcBviJ0,ROSE,HANA,5,0,-1,JP,2025-06-11,79,False,164782,ROSE,2025-04-02,0.754,0.859,0,-4.424,1,0.0619,0.0698,0.0,0.0976,0.367,124.983,4
20mMzqcOAO1J5qmM7Q6sP0,Burning Flower,HANA,6,8,44,JP,2025-06-11,59,False,177898,Burning Flower,2025-06-09,0.712,0.716,7,-4.387,1,0.0402,0.0303,0.0,0.148,0.609,132.004,4
7sMRDjjwsB7wQEBOkdfg0i,Kaiju,sakanaction,7,0,0,JP,2025-06-11,68,False,252722,Kaiju,2025-02-20,0.591,0.818,4,-2.825,1,0.05,0.0998,1.73e-06,0.15,0.634,90.014,4
2eKEFanCoyAlSPc5XPSkrj,天国,Mrs. GREEN APPLE,8,-2,-2,JP,2025-06-11,79,False,323665,天国,2025-05-01,0.457,0.693,11,-5.043,1,0.0697,0.109,0.0,0.137,0.255,119.951,4
5BC6kr6etk2Y9J62AyI4i3,青と夏,Mrs. GREEN APPLE,9,2,0,JP,2025-06-11,77,False,270026,Attitude,2019-10-01,0.31,0.891,4,-1.66,1,0.0469,0.00157,0.0,0.284,0.748,184.886,4
0teqQ0PYqVDyyXJuPOyMhu,ケセラセラ,Mrs. GREEN APPLE,10,-1,-2,JP,2025-06-11,78,False,272226,ANTENNA,2023-07-04,0.756,0.578,6,-4.575,0,0.0327,0.0306,0.0,0.0534,0.677,115.004,4
35MeePbBnryubkVG0v8GbI,ブルーアンバー,back number,11,-1,-1,JP,2025-06-11,78,False,207845,ブルーアンバー,2025-04-28,0.483,0.594,2,-4.491,0,0.0308,0.221,0.0,0.0969,0.421,76.91,4
7tI8dRuH2Yc6RuoTjxo4dU,Who,Jimin,12,-4,-7,JP,2025-06-11,90,False,170887,MUSE,2024-07-19,0.66,0.756,0,-3.743,0,0.032,0.00289,0.0,0.193,0.838,116.034,4
7KNY1e9x1MDvpBAmIAN3tz,夢中,BE:FIRST,13,-1,-2,JP,2025-06-11,80,False,189640,夢中,2025-04-25,0.676,0.598,3,-5.987,1,0.148,0.4,0.0,0.221,0.735,83.936,4
62x4EMPyCFF2Ohv7qDjalp,ダーリン,Mrs. GREEN APPLE,14,-1,-2,JP,2025-06-11,78,False,280666,ダーリン,2025-01-19,0.556,0.645,5,-4.331,1,0.0425,0.115,0.0,0.0888,0.407,134.857,4
3YML5IHoqWbw9c9vJJvrvM,Soranji,Mrs. GREEN APPLE,15,0,-2,JP,2025-06-11,76,False,343253,ANTENNA,2023-07-04,0.48,0.669,5,-5.168,1,0.0431,0.0693,0.0,0.149,0.378,155.89,4
2zxK14g3shGRbgjUmKaj2x,SAD SONG,CHANMINA,16,0,-2,JP,2025-06-11,73,True,217120,Never Grow Up,2019-08-07,0.509,0.847,5,-4.935,1,0.0506,0.00164,0.0,0.186,0.658,171.937,4
6xLSq48LkhwFTwKx442veN,GOD_i,Number_i,17,0,-2,JP,2025-06-11,75,False,215120,GOD_i,2025-01-27,0.662,0.688,2,-5.09,1,0.101,0.0631,0.0,0.175,0.548,87.021,4
3gQ19Wo6CbBpdHYmt2GVt0,Kaiju no Hanauta,Vaundy,18,0,32,JP,2025-06-11,49,False,224804,strobo,2020-05-27,0.335,0.943,2,-3.176,1,0.067,0.00334,0.0,0.324,0.64,75.093,4
6DYV1GqwCTrvfPcjeFwjLt,ビターバカンス,Mrs. GREEN APPLE,19,0,1,JP,2025-06-11,77,False,198196,ビターバカンス,2024-11-28,0.632,0.94,9,-2.431,1,0.0826,0.0203,0.0,0.0827,0.751,132.224,4
5LkmpgQYtwHtuvASgnLBe1,ダンスホール,Mrs. GREEN APPLE,20,30,30,JP,2025-06-11,51,False,203149,Inferno & More Hits,2023-12-01,0.736,0.695,7,-3.87,1,0.0468,0.0209,0.0,0.0517,0.784,109.976,4
4ujiGt8LsQUoZF7wR0BZxW,Drop,HANA,21,7,22,JP,2025-06-11,71,False,149386,ROSE,2025-04-23,0.691,0.829,0,-4.932,0,0.106,0.022,0.0,0.274,0.53,83.447,4
7rPEpMvt6O2Np1i7TFk3Hc,TWILIGHT!!!,King Gnu,22,-2,-6,JP,2025-06-11,78,False,217160,TWILIGHT!!!,2025-04-18,0.718,0.901,9,-5.12,0,0.0498,0.26,0.000155,0.167,0.655,114.992,4
09O5p1IP5i2xldBScLpXX7,PUZZLE,Shota Shimizu,23,-2,-2,JP,2025-06-11,76,False,276800,PUZZLE,2024-10-09,0.602,0.711,11,-4.263,1,0.0319,0.0997,0.0,0.374,0.657,94.979,4
2vOAHp8PBBFYqvQUWSoITY,インフェルノ,Mrs. GREEN APPLE,24,0,3,JP,2025-06-11,76,False,211600,Attitude,2019-10-01,0.533,0.918,4,-2.095,1,0.0616,0.00894,0.0,0.643,0.662,92.504,4
0tnhoHUrHfcLi9hPknUFZ4,僕のこと,Mrs. GREEN APPLE,25,-2,-7,JP,2025-06-11,74,False,321306,Attitude,2019-10-01,0.439,0.708,7,-3.825,1,0.0528,0.0129,0.0,0.147,0.454,160.027,4
1gosofqcJ7t3IUrQpDwGVL,BON,Number_i,26,3,-4,JP,2025-06-11,71,False,203029,No.O -ring-,2024-05-27,0.754,0.764,10,-6.554,0,0.221,0.0101,0.0,0.0653,0.649,88.037,4
4PCQHOJFMV9BWq46UMVf2l,familie,Mrs. GREEN APPLE,27,-2,5,JP,2025-06-11,76,False,222714,familie,2024-08-08,0.67,0.827,9,-4.481,1,0.0797,0.0516,0.0,0.0357,0.761,95.472,4
0voOaunLYYqPHrsgXbFVlW,I wonder,Da-iCE,28,-1,-5,JP,2025-06-11,74,False,158343,MUSi-aM,2024-10-02,0.785,0.618,6,-3.865,1,0.059,0.512,0.0,0.0922,0.866,124.957,4
6QGuDk8tY8Lan39gTWtXWK,恋風,Lilas,29,-3,-3,JP,2025-06-11,76,False,182029,恋風,2025-04-07,0.71,0.663,11,-4.795,1,0.0569,0.477,0.0,0.172,0.69,96.88,4
7Md0Rk4s9khBtVpSD03bWl,点描の唄,"Mrs. GREEN APPLE, Sonoko Inoue",30,20,20,JP,2025-06-11,44,False,307120,Inferno & More Hits,2023-12-01,0.53,0.628,0,-4.641,1,0.0253,0.447,0.0,0.0963,0.297,76.055,4
2jdbZGFp8KVTuk0YxDNL4l,高嶺の花子さん,back number,31,3,-6,JP,2025-06-11,76,False,294813,ラブストーリー,2014-03-26,0.54,0.923,9,-2.838,1,0.0623,0.066,0.0,0.124,0.343,137.977,4
1KLg01cjnRsENoFhJWUTSd,Plazma,Kenshi Yonezu,32,4,1,JP,2025-06-11,77,False,180832,Plazma,2025-01-20,0.603,0.904,7,-5.933,1,0.293,0.0224,0.0,0.238,0.635,173.057,4
5Ak1F5nGzM4KRhE0H1Q3CP,幾億光年,Omoinotake,33,2,1,JP,2025-06-11,72,False,276386,Pieces,2025-01-29,0.565,0.793,6,-4.439,1,0.041,0.0127,1.11e-06,0.255,0.525,95.586,4
0fsVjBFdwAzVViFD5KIIsA,Can't we just be cute? -Kawaii Dakejya Damedesuka?-,CUTIE STREET,34,3,15,JP,2025-06-11,48,False,251173,Can't we just be cute? -Kawaii Dakejya Damedesuka?-,2024-09-09,0.639,0.903,7,-2.96,1,0.0599,0.324,0.00235,0.0357,0.848,172.063,4
170XOP1T4MvY9TLTgPw07D,Magic,Mrs. GREEN APPLE,35,-4,-4,JP,2025-06-11,75,False,263106,ANTENNA,2023-07-04,0.671,0.758,7,-3.793,1,0.0474,0.0604,0.0,0.332,0.537,117.51,4
0JcI7OdALbpSFkyKoufRYs,ロマンチシズム,Mrs. GREEN APPLE,36,-3,-7,JP,2025-06-11,73,False,213613,Attitude,2019-10-01,0.598,0.878,10,-3.144,1,0.0634,0.0038,0.0,0.0468,0.901,125.529,4
7rA2RuTx1dHadrZcoKh8O9,GOAT,Number_i,37,1,-1,JP,2025-06-11,71,False,160794,No.Ⅰ,2024-09-23,0.664,0.911,9,-2.843,1,0.312,0.0307,0.0,0.14,0.741,179.971,4
3QIAwtEEDOrv0g5NKCGrXZ,花束,back number,38,1,-1,JP,2025-06-11,75,False,286053,スーパースター,2011-10-26,0.519,0.713,2,-3.612,1,0.0324,0.0178,0.0,0.353,0.505,159.963,4
1JdUw14vtWg9Vt4aRfHqwl,INZM,Number_i,39,-7,-11,JP,2025-06-11,70,False,214241,No.Ⅰ,2024-09-23,0.71,0.813,0,-5.009,1,0.219,0.0109,0.0,0.177,0.558,113.005,4
7CmWXD3w1xOO53AAO4LRVQ,愛をこめて花束を,Superfly,40,7,10,JP,2025-06-11,72,False,295600,Superfly,2007-04-04,0.37,0.8,7,-3.403,1,0.0436,0.151,3.33e-06,0.089,0.451,161.934,4
075HUD50Nuea3rNaABIsNZ,晩餐歌 - Bansanka,tuki.,41,1,0,JP,2025-06-11,74,False,217760,15,2025-01-08,0.636,0.625,8,-4.383,1,0.0253,0.353,0.0,0.112,0.652,103.008,4
0dzbNEBsrs17os3jJOFLar,IS THIS LOVE,XG,42,-1,-4,JP,2025-06-11,78,False,155080,AWE,2024-11-08,0.758,0.708,8,-5.652,1,0.0721,0.0351,0.0,0.119,0.462,130.038,4
3RvdkNMcSy71m0aT6UF9Uf,水平線,back number,43,-3,-4,JP,2025-06-11,74,False,288013,ユーモア,2023-01-17,0.424,0.761,10,-3.526,1,0.0305,0.0103,0.0,0.145,0.424,145.816,4
4wJ5Qq0jBN4ajy7ouZIV1c,APT.,"ROSÉ, Bruno Mars",44,-1,-4,JP,2025-06-11,89,False,169917,rosie,2024-12-06,0.777,0.783,0,-4.477,0,0.26,0.0283,0.0,0.355,0.939,149.027,4
0NHu2Lo9MWkvhOggEy1bYg,BOW AND ARROW,Kenshi Yonezu,45,1,1,JP,2025-06-11,76,False,175727,BOW AND ARROW,2025-01-27,0.604,0.884,11,-5.457,0,0.171,0.029,2.86e-06,0.364,0.693,179.954,4
3ySFBoxNHK3YgU1D9AyMl3,SAD SONG - From THE FIRST TAKE,"CHANMINA, No No Girls FINALISTS",46,3,4,JP,2025-06-11,63,False,286554,SAD SONG - From THE FIRST TAKE,2025-06-02,0.412,0.625,10,-7.962,1,0.039,0.0922,0.0,0.281,0.259,79.948,4
5NqGfELjcdvRIUuhgZJ34W,Marigold,Aimyon,47,-2,-12,JP,2025-06-11,60,False,306626,Momentary Sixth Sense,2019-02-13,0.545,0.745,2,-3.098,1,0.0286,0.0452,0.0,0.0907,0.413,106.094,4
0qkYuCno3SoU8vxkCdx0iJ,THUNDER,SEVENTEEN,48,-4,-18,JP,2025-06-11,86,False,164040,SEVENTEEN 5th Album 'HAPPY BURSTDAY',2025-05-26,0.752,0.837,5,-4.996,0,0.0632,0.0332,0.0,0.0643,0.718,129.988,4
0fK7ie6XwGxQTIkpFoWkd1,like JENNIE,JENNIE,49,-1,-5,JP,2025-06-11,95,True,123517,Ruby,2025-03-07,0.811,0.743,10,-5.321,0,0.0611,0.281,0.00671,0.0868,0.815,130.019,4
5W7Y92LB4jWvu9NeEQ0GZl,なんでもないよ、,Macaroni Empitsu,50,0,0,JP,2025-06-11,71,False,219252,ハッピーエンドへの期待は,2022-01-12,0.598,0.511,4,-6.015,1,0.0423,0.245,0.0,0.0732,0.652,171.845,4
6iOndD4OFo7GkaDypWQIou,La Plena - W Sound 05,"W Sound, Beéle, Ovy On The Drums",1,0,2,IT,2025-06-11,95,True,150001,La Plena (W Sound 05),2025-02-19,0.894,0.643,5,-3.485,1,0.132,0.543,0.000984,0.101,0.659,99.039,4
5bhYjElbPmm2FyB0PxP8Wd,Nessuna,Luchè,2,0,0,IT,2025-06-11,78,True,223834,Il mio lato peggiore,2025-05-16,0.529,0.731,1,-5.63,1,0.0666,0.0845,0.0,0.0824,0.321,171.97,4
0jkAr7eZsvWDLYiQCfaxak,NEON,"Sfera Ebbasta, Shiva",3,0,1,IT,2025-06-11,82,True,226906,SANTANA MONEY GANG,2025-04-10,0.605,0.676,10,-3.896,0,0.0402,0.0249,0.0,0.175,0.515,155.066,4
1HOkC1UCYVIWfnu6KD9Hca,A me mi piace,"Alfa, Manu Chao",4,46,46,IT,2025-06-11,64,False,140669,A me mi piace,2025-05-09,0.753,0.928,9,-4.339,0,0.148,0.0599,0.0,0.252,0.962,98.019,4
311m4sWQq8MZZROimkSGF7,Ginevra (feat. Geolier),"Luchè, Geolier",5,0,0,IT,2025-06-11,78,True,228000,Il mio lato peggiore,2025-05-16,0.658,0.708,11,-4.197,0,0.0658,0.0625,0.0,0.305,0.196,120.033,4
5wpNF7XLTW4gLyU0NjVOL8,Bottiglie Vuote (feat. Max Pezzali),"Pinguini Tattici Nucleari, Max Pezzali",6,1,4,IT,2025-06-11,68,False,194516,Hello World,2024-12-06,0.569,0.789,1,-4.984,1,0.056,0.0175,0.0,0.0747,0.579,160.015,4
7nl18LJP7p5c6NTQtcdusF,Capo Horn (feat. Tedua),"Bresh, Tedua",7,-1,43,IT,2025-06-11,66,False,158972,Mediterraneo,2025-06-06,0.635,0.66,10,-7.924,1,0.0398,0.0178,0.0,0.297,0.351,92.504,4
7vc09IDmFH0MfyPYHPEWRM,AMOR,Achille Lauro,8,0,-1,IT,2025-06-11,78,False,177348,Comuni Mortali,2025-04-18,0.457,0.557,7,-5.77,0,0.0447,0.523,0.0,0.204,0.354,139.698,4
5pNm9cYzWaAtoihxILG3cw,Balorda nostalgia,"Olly, Juli",9,0,-1,IT,2025-06-11,74,False,197708,TUTTA VITA,2025-02-11,0.541,0.562,1,-7.457,1,0.0496,0.0963,0.0,0.119,0.156,109.902,4
7i0zYckMTyvLyKAFxfOKIS,SOGNO AMERICANO,Artie 5ive,10,0,-1,IT,2025-06-11,78,True,176000,LA BELLAVITA,2025-03-28,0.772,0.774,2,-3.726,1,0.0701,0.0127,0.0,0.316,0.62,137.036,4
574A5K67Hj0ZTEKfGsnUpV,Che Gusto C'è (feat. Tredici Pietro),"Fabri Fibra, Tredici Pietro",11,3,11,IT,2025-06-11,71,False,183520,Che Gusto C'è (feat. Tredici Pietro),2025-05-23,0.947,0.677,10,-5.227,0,0.0588,0.0478,3.06e-05,0.127,0.921,124.019,4
18phYWPlfxvF9jmUVwkb4c,SERENATA,"Serena Brancale, Alessandra Amoroso",12,1,34,IT,2025-06-11,68,False,188373,SERENATA,2025-05-30,0.661,0.825,1,-4.65,0,0.0967,0.22,0.0,0.0803,0.551,119.938,4
2SvLptBWezeSPSpfhL4XC7,SCELTE STUPIDE,"Fedez, CLARA",13,6,0,IT,2025-06-11,74,False,179802,SCELTE STUPIDE,2025-05-02,0.682,0.908,0,-3.703,1,0.254,0.0663,0.0,0.523,0.627,151.981,4
0Pq53cPG2DSuPXABoZrYes,Piangere a 90,BLANCO,14,-2,-8,IT,2025-06-11,79,False,155532,Piangere a 90,2025-05-08,0.555,0.386,0,-4.814,1,0.0401,0.736,0.0,0.0977,0.575,124.469,4
4DnrAI8WyUY6gkOwl8GlPN,capaz (merengueton),"Alleh, Yorghaki",15,3,3,IT,2025-06-11,90,False,173858,LA CIUDAD,2024-12-24,0.872,0.614,3,-5.618,0,0.181,0.0815,0.000207,0.135,0.785,126.957,4
2RkZ5LkEzeHGRsmDqKwmaJ,Ordinary,Alex Warren,16,0,-5,IT,2025-06-11,95,False,186964,"You'll Be Alright, Kid (Chapter 1)",2024-09-26,0.368,0.694,2,-6.141,1,0.06,0.704,6.59e-06,0.055,0.391,168.115,3
0V5wQoMnbw7YvGjIjVVVkS,Umore marea,Bresh,17,-6,33,IT,2025-06-11,60,False,158992,Mediterraneo,2025-06-06,0.709,0.596,7,-7.307,1,0.0551,0.281,9.14e-06,0.386,0.708,79.965,4
2aJW4z2EoahGBpU3asFclE,"Miami Vice (feat. Sfera Ebbasta, Simba La Rue)","Luchè, Sfera Ebbasta, Simba La Rue",18,-3,1,IT,2025-06-11,74,True,245853,Il mio lato peggiore,2025-05-16,0.561,0.665,8,-4.031,1,0.0828,0.0118,0.0,0.11,0.35,119.925,4
0JiJbbKU6RTYJXMBI34UzM,Islanda,Pinguini Tattici Nucleari,19,3,5,IT,2025-06-11,68,True,217213,Hello World,2024-12-06,0.595,0.761,9,-4.619,1,0.0491,0.0634,0.0,0.182,0.337,88.001,4
0GtGhO25XJZIwVVQzfOxVy,Altezza cielo (feat. Kid Yugi),"Bresh, Kid Yugi",20,-3,30,IT,2025-06-11,64,False,161496,Mediterraneo,2025-06-06,0.619,0.586,6,-8.167,1,0.17,0.213,0.0,0.608,0.385,100.221,4
3l4KzIHsh002W3evllH3EF,Incoscienti Giovani,Achille Lauro,21,2,-9,IT,2025-06-11,71,False,204811,Comuni Mortali,2025-04-18,0.502,0.599,10,-5.825,1,0.0465,0.49,0.0,0.117,0.278,146.025,4
3sK8wGT43QFpWrvNQsrQya,DtMF,Bad Bunny,22,-1,-6,IT,2025-06-11,97,True,237117,DeBÍ TiRAR MáS FOToS,2025-01-05,0.625,0.131,7,-27.405,0,0.0717,0.177,0.218,0.0807,0.032,136.02,4
1gIahX2xZu1ir2qLmALtUc,Maschio,Annalisa,23,2,-9,IT,2025-06-11,75,False,204738,Maschio,2025-05-08,0.675,0.941,8,-2.816,1,0.0676,0.00454,0.0,0.145,0.812,133.975,4
7ue5uvozLbamg0rjS65FeT,SEXY RAVE (feat. Baby Gang),"Fred De Palma, Baby Gang",24,2,6,IT,2025-06-11,72,True,140160,SEXY RAVE (feat. Baby Gang),2025-04-11,0.825,0.895,3,-3.582,0,0.0587,0.11,0.0,0.106,0.626,125.011,4
3FrbT8aqk9xHtTfQc9Z3IR,VVS CARTIER,"Sfera Ebbasta, Shiva",25,-1,-8,IT,2025-06-11,77,True,180863,SANTANA MONEY GANG,2025-04-10,0.563,0.771,5,-4.399,0,0.271,0.116,0.0,0.118,0.478,169.956,4
25idOmfSOCGGdgPhw9iCRm,Ora che non ho più te,Cesare Cremonini,26,4,-11,IT,2025-06-11,71,False,303032,ALASKA BABY,2024-11-28,0.738,0.598,5,-7.002,1,0.0359,0.203,0.0,0.0972,0.475,118.028,4
50V5Z5J2bOMQeAA7AEoA48,La tana del granchio,Bresh,27,-7,23,IT,2025-06-11,59,False,208000,Mediterraneo,2025-06-06,0.386,0.741,0,-6.176,1,0.0845,0.21,0.0,0.167,0.186,118.001,4
5TFD2bmFKGhoCRbX61nXY5,NUEVAYoL,Bad Bunny,28,1,-8,IT,2025-06-11,94,False,183685,DeBÍ TiRAR MáS FOToS,2025-01-05,0.142,0.195,6,-20.024,1,0.139,0.265,0.995,0.204,0.12,137.922,4
2DkiFEQ1ihXcYKaIRsfGFp,LEI,Marracash,29,-1,-2,IT,2025-06-11,74,True,223009,È FINITA LA PACE,2024-12-13,0.616,0.695,9,-6.953,1,0.268,0.55,0.0,0.0804,0.0686,130.169,4
6vbU5lktjuswHhG8ToyljZ,Depresso fortunato,"Olly, Juli",30,3,-7,IT,2025-06-11,70,False,212148,Depresso fortunato,2025-05-23,0.354,0.472,4,-7.465,1,0.0457,0.511,0.0,0.211,0.774,88.545,4
5MJc4IVIt17xEt6angtZcq,BUIO DAVANTI,Lazza,31,-4,-10,IT,2025-06-11,75,True,189642,LOCURA,2024-11-26,0.704,0.738,6,-5.813,0,0.0581,0.0373,0.0,0.13,0.341,125.963,4
6egoHbUsVKNxMUmsdOsstx,Nonostante Tutto (feat. Elisa),"Cesare Cremonini, Elisa",32,-1,7,IT,2025-06-11,65,False,267313,ALASKA BABY,2024-11-28,0.587,0.736,10,-5.585,1,0.0323,0.0131,0.0,0.244,0.299,124.958,4
00URgxWgyVoybGLhhmKr7g,Tu Me Quieres - Prod. by Higashi x Roberto Ferrante,"Baby Gang, Omega, Higashi, Roberto Ferrante",33,3,12,IT,2025-06-11,74,False,214285,Tu Me Quieres,2024-09-13,0.774,0.698,11,-9.516,0,0.0594,0.0146,0.0,0.0963,0.929,112.021,4
0xruiSHt6TaFZvQuGdDlJV,NON METTERCI BECCO,"Sfera Ebbasta, Shiva",34,-2,-6,IT,2025-06-11,77,True,182245,SANTANA MONEY GANG,2025-04-10,0.914,0.661,5,-5.578,0,0.112,0.058,0.0,0.0932,0.792,105.009,4
4X4R6qsIicxIQIFbnDcJLO,Scarabocchi,"Olly, Juli",35,0,-9,IT,2025-06-11,75,False,180137,TUTTA VITA,2024-10-25,0.369,0.505,5,-8.783,1,0.129,0.51,0.0,0.154,0.569,179.501,3
21KdF0KGmSXmDBcif3XZd4,Dai che fai,Bresh,36,-2,14,IT,2025-06-11,63,False,200590,Mediterraneo,2025-06-06,0.87,0.468,5,-10.6,1,0.0792,0.235,0.0,0.093,0.405,124.994,4
7dLecVXQzVbesjot2h55Rc,CHIAMO IO CHIAMI TU,Gaia,37,7,5,IT,2025-06-11,66,False,217613,rosa dei venti,2025-03-21,0.799,0.762,5,-4.907,0,0.0577,0.431,0.000112,0.0808,0.386,118.034,4
5tOBPD3zL9kWpeELqkzwJC,LA CURA PER ME,Giorgia,38,1,-6,IT,2025-06-11,76,False,215821,LA CURA PER ME,2025-02-12,0.595,0.567,2,-4.481,1,0.0349,0.504,0.0,0.0967,0.49,142.824,4
5nFyfjGy6AMZqkW0OMUWJJ,Per due come noi,"Olly, Angelina Mango, Juli",39,1,-5,IT,2025-06-11,72,False,212853,TUTTA VITA,2024-10-25,0.584,0.616,10,-6.663,1,0.0764,0.462,0.0,0.0916,0.49,97.035,4
4GkgNC3bpLqXyuxWvlNfKI,Oh Mamma Mia (feat. Rose Villain),"Guè, Rose Villain",40,-2,-15,IT,2025-06-11,75,True,168240,Tropico Del Capricorno,2025-01-10,0.811,0.758,6,-6.08,0,0.249,0.276,0.0,0.0656,0.464,101.94,4
1QcmAp6Ev2HuYxKujUwnw0,il filo rosso,Alfa,41,0,-3,IT,2025-06-11,71,False,187403,Non so chi ha creato il mondo ma so che era innamorato,2024-02-16,0.496,0.65,4,-6.109,1,0.0558,0.0846,0.0,0.424,0.542,169.918,3
2wc754yvXIMU9lOE9zYtLb,Mi Ami Mi Odi,Elodie,42,1,-2,IT,2025-06-11,62,False,211875,MI AMI MI ODI,2025-05-01,0.757,0.87,0,-4.834,1,0.149,0.305,0.000329,0.304,0.378,133.983,4
0MLu1cFYL4ikdRTdasCQT9,M' Manc (con Geolier & Sfera Ebbasta),"Shablo, Geolier, Sfera Ebbasta",43,6,-2,IT,2025-06-11,72,False,180000,M' Manc (con Geolier & Sfera Ebbasta),2020-06-11,0.703,0.704,6,-6.117,0,0.0641,0.048,0.0,0.41,0.725,139.933,4
0yzZJ1wNec8GihbRZ5FGyL,"Anche Se Ti Amo (con Frah Quintale, nayt & prima stanza a destra)","Golden Years, Frah Quintale, nayt, prima stanza a destra",44,-2,-8,IT,2025-06-11,68,False,147587,FUORI MENÙ,2025-05-30,0.632,0.671,7,-5.885,1,0.0459,0.717,1.49e-06,0.355,0.524,120.07,4
6WatFBLVB0x077xWeoVc2k,Si Antes Te Hubiera Conocido,KAROL G,45,0,-1,IT,2025-06-11,94,False,195824,Si Antes Te Hubiera Conocido,2024-06-21,0.924,0.668,11,-6.795,1,0.0469,0.446,0.000594,0.0678,0.787,128.027,4
1lslS1hUsIvAScXvWVTLt2,INTRO (La Bella Vita),Artie 5ive,46,-9,-17,IT,2025-06-11,73,True,211647,LA BELLAVITA,2025-03-28,0.277,0.872,8,-7.001,1,0.402,0.257,0.0,0.347,0.366,172.975,4
1ej2NcW0CHnscPp1RZpr1V,Devastante,"Olly, Juli",47,-1,-14,IT,2025-06-11,72,False,190122,TUTTA VITA,2024-10-25,0.668,0.549,3,-8.024,1,0.12,0.599,0.0,0.149,0.386,115.958,4
5WssaPhjCCUFBMk9PpnHYj,Anche Stasera,"Sfera Ebbasta, Elodie",48,2,2,IT,2025-06-11,71,True,217500,X2VR,2023-11-17,0.735,0.653,0,-6.078,0,0.0434,0.129,0.0,0.175,0.375,139.952,4
0h7djzQOTBHcNaKD8k449b,Amore Disperato,Achille Lauro,49,1,0,IT,2025-06-11,68,False,188918,Comuni Mortali,2025-04-18,0.459,0.548,7,-7.113,0,0.0342,0.15,0.0,0.299,0.389,75.061,4
3tVSJXeiLpAgOJerip8eUN,Agave,Bresh,50,-3,0,IT,2025-06-11,61,False,197909,Mediterraneo,2025-06-06,0.635,0.665,8,-8.7,1,0.0801,0.339,0.0,0.117,0.465,99.944,4
1DhEvN0WRPxgfKVysCfEha,Huganum af þér,"Maron Birnir, Daniil",1,0,49,IS,2025-06-11,44,False,135463,Huganum af þér,2025-06-06,0.681,0.576,9,-7.223,1,0.034,0.0041,2.57e-06,0.134,0.118,110.073,4
7fc5fotKDfgeD8v0NPEG3g,Vopn,"Birnir, Aron Can",2,1,0,IS,2025-06-11,50,False,200106,Dyrnar,2025-05-27,0.549,0.763,7,-6.233,0,0.0676,0.00482,0.0203,0.0895,0.475,120.022,4
47aQ5I2w61UjVrSv27gFdp,Far,Birnir,3,3,-2,IS,2025-06-11,48,False,292133,Dyrnar,2025-05-27,0.679,0.591,7,-7.61,0,0.0391,0.00125,0.0149,0.0826,0.511,147.016,4
68DUVQdRVFQYj0Xr2V5YTm,LXS,Birnir,4,3,-1,IS,2025-06-11,46,False,212520,Dyrnar,2025-05-27,0.685,0.596,1,-6.863,0,0.0257,0.0239,0.0,0.371,0.203,149.026,4
5bLuWXuqefnhxTp0go9wqF,Still a Little Drunk,Capree,5,45,0,IS,2025-06-11,24,False,178147,Still a Little Drunk,2019-06-21,0.774,0.58,4,-7.11,1,0.0391,0.391,8.77e-06,0.224,0.736,106.004,4
4zpNfuWJA3K4d9TS4qnOIB,Espresso Macchiato,Tommy Cash,6,-2,-2,IS,2025-06-11,84,False,173746,Espresso Macchiato,2024-12-07,0.682,0.699,4,-6.168,0,0.045,0.0116,9.82e-06,0.135,0.697,119.889,4
1YnOwWvV1bQevRqJMCbYJz,RÓA,VÆB,7,-2,-1,IS,2025-06-11,80,False,162857,RÓA,2025-01-17,0.593,0.857,8,-6.152,1,0.102,0.0107,0.0,0.0701,0.451,139.96,4
6dqtXAD7TqlhZVroaUigVC,Elli Egils,Herra Hnetusmjör,8,0,1,IS,2025-06-11,53,False,138430,KBE kynnir: Legend í Leiknum,2024-08-16,0.804,0.743,11,-7.645,1,0.0487,0.0102,0.0,0.124,0.51,117.062,4
6eIzQCYExfnNeM7KOlE3lE,Bara Bada Bastu,KAJ,9,0,-2,IS,2025-06-11,75,False,166880,Sauna Collection,2025-05-09,0.757,0.889,9,-4.729,0,0.0788,0.0754,2.32e-05,0.0397,0.754,106.037,4
35SIiZONHSAKFf1iQLfQnI,Sýna mér,"Birnir, GDRN",10,3,-2,IS,2025-06-11,48,False,202373,Dyrnar,2025-05-27,0.701,0.597,5,-8.557,0,0.0377,0.227,5.13e-05,0.0864,0.659,152.26,3
2RkZ5LkEzeHGRsmDqKwmaJ,Ordinary,Alex Warren,11,3,0,IS,2025-06-11,95,False,186964,"You'll Be Alright, Kid (Chapter 1)",2024-09-26,0.368,0.694,2,-6.141,1,0.06,0.704,6.59e-06,0.055,0.391,168.115,3
58SoUVgqESqrH2v9rjha5n,Ljósin Kvikna,"Aron Can, Alaska1867, Þormóður",12,-1,0,IS,2025-06-11,50,False,209558,Ljósin Kvikna,2025-05-09,0.768,0.759,4,-8.497,0,0.0401,0.00399,0.0628,0.0769,0.389,141.045,4
0i4AOhWJqkedl62X2uxq4k,Bleikur Range Rover,"aronkristinn, Birnir",13,2,4,IS,2025-06-11,51,True,187939,Bleikur Range Rover,2025-03-05,0.818,0.525,1,-8.161,0,0.0859,0.0737,0.0,0.103,0.712,100.033,4
3ovhC4v5a73S0afcOHhnu2,Dvel ég í draumahöll,Hafdís Huld,14,-2,1,IS,2025-06-11,52,False,108901,Vögguvísur,2012-06-04,0.729,0.15,11,-13.306,1,0.0361,0.9,8.74e-06,0.102,0.397,120.043,4
0AMoopn68aGAAaJ9qFXPnX,Lighter,Kyle Alessandro,15,-5,-1,IS,2025-06-11,83,False,175853,Lighter,2025-01-24,0.704,0.657,2,-3.79,0,0.0601,0.0115,0.0,0.268,0.561,105.088,4
1uPjJDIpFRnkhr84AQS1on,Win win,Birnir,16,6,-3,IS,2025-06-11,45,False,210813,Dyrnar,2025-05-27,0.689,0.585,5,-7.312,0,0.0359,0.0123,0.0,0.129,0.355,149.088,4
1l2AHO7bb47QGFKJmXhXMz,Litlar stjörnur,Hafdís Huld,17,-1,4,IS,2025-06-11,49,False,152415,Vögguvísur,2012-06-04,0.698,0.118,5,-12.113,1,0.0298,0.912,0.0,0.116,0.552,93.086,4
7KjyoKx0xMO0Dxkn0joqCW,Sé ekki eftir neinu,Birnir,18,10,-8,IS,2025-06-11,47,False,252666,Dyrnar,2025-05-27,0.599,0.903,8,-6.665,1,0.343,0.0426,0.0,0.529,0.574,172.047,4
0Xh9sOCT7ZvmKg8KthRYnH,Sofðu unga ástin mín,Hafdís Huld,19,-2,3,IS,2025-06-11,49,False,133050,Vögguvísur,2012-06-04,0.617,0.11,4,-10.594,0,0.0343,0.928,0.0,0.11,0.385,127.658,3
4NffFOWuIi3WnWcsOIx7Cq,"Come To Me, I´m A Man",IurisEkero,20,30,30,IS,2025-06-11,40,False,183840,"Come To Me, I´m A Man",2025-05-16,0.804,0.605,2,-10.835,0,0.0475,0.00828,0.00594,0.0863,0.6,126.997,4
5myQVDBhZvE7DIvsQICuKn,Óskasteinar,Hafdís Huld,21,-2,2,IS,2025-06-11,49,False,99613,Vögguvísur,2012-06-04,0.697,0.0953,9,-13.16,0,0.0314,0.911,0.0,0.109,0.64,79.866,4
3gbwej4Slibs1NbvP08BEZ,Hvar ertu nú?,"Maron Birnir, Theodór",22,2,19,IS,2025-06-11,47,False,146853,Hvar ertu nú?,2025-03-07,0.758,0.553,6,-8.921,0,0.0542,0.0591,0.00208,0.348,0.353,136.97,1
2oZDf893nA2eQx8QvHT0qN,Hver Er Sá Besti,"FM95BLÖ, DJ Muscleboy, Steindi Jr., Fjallabræður",23,-5,-3,IS,2025-06-11,49,False,163687,Hver Er Sá Besti,2025-02-21,0.639,0.875,7,-4.733,1,0.147,0.00759,0.0,0.301,0.436,159.969,4
6peUs6BJUpBfhpH5NUDdux,Egó,HelgiT,24,2,10,IS,2025-06-11,48,False,155785,Dýnamík,2025-04-11,0.778,0.586,5,-12.604,1,0.0541,0.0179,0.341,0.0957,0.407,139.979,4
3xfboKd1ZwcW1W1FIAXWaF,Hjörtu,"Daniil, Birnir",25,4,6,IS,2025-06-11,46,False,191186,Brat,2025-04-04,0.775,0.669,11,-6.283,0,0.0412,0.00632,0.0002,0.0496,0.431,127.002,4
1MWg9aH6OhteqF1RXR3J5w,Sofa urtubörn,Hafdís Huld,26,-6,1,IS,2025-06-11,48,False,150883,Vögguvísur,2012-06-04,0.715,0.091,9,-13.713,1,0.0375,0.921,0.0,0.101,0.542,119.95,4
42UBPzRMh5yyz0EDPr6fr1,Manchild,Sabrina Carpenter,27,3,23,IS,2025-06-11,89,True,213645,Manchild,2025-06-05,0.731,0.685,7,-5.087,1,0.0572,0.122,0.0,0.317,0.811,123.01,4
0RT86wBrufYQZSdN852Wjn,Ljós,Hafdís Huld,28,-7,0,IS,2025-06-11,47,False,197137,Vögguvísur,2012-06-04,0.742,0.0915,2,-13.086,1,0.0438,0.89,0.0,0.0926,0.813,146.165,3
5pn6OskYybJrrqcdlNpBvk,Bíum bíum bambaló,Hafdís Huld,29,-6,0,IS,2025-06-11,48,False,175403,Vögguvísur,2012-06-04,0.777,0.1,2,-14.009,0,0.0377,0.926,0.0,0.0947,0.641,99.979,4
1ZzSy8HeLFZAeuQi577bhB,Ævintýralönd,Hafdís Huld,30,-5,2,IS,2025-06-11,47,False,191332,Vögguvísur,2012-06-04,0.627,0.123,0,-14.632,1,0.0298,0.918,1.14e-05,0.0997,0.351,73.551,3
1wsHXAu7flPD93VcynB0U4,Stara,"HubbaBubba, Luigi",31,11,19,IS,2025-06-11,47,False,199000,Stara,2025-02-20,0.602,0.993,5,-7.277,0,0.0399,0.00278,0.00258,0.0735,0.528,150.034,4
7nzeIh8kUdieUBLPXch9wi,Góða nótt,Hafdís Huld,32,-5,1,IS,2025-06-11,47,False,132446,Vögguvísur,2012-06-04,0.797,0.175,9,-11.86,1,0.0325,0.954,0.0,0.115,0.635,99.902,3
6BSGXVXtz8EMyyoSMcA1z8,POPPSTIRNI,Aron Can,33,3,17,IS,2025-06-11,47,False,168040,ÞEGAR ÉG SEGI MONNÍ,2024-09-19,0.681,0.64,6,-5.135,1,0.053,0.00641,2.42e-05,0.115,0.431,159.959,4
2q2cdTPrbgWSxLFFXjjaoO,Bí bí og blaka,Hafdís Huld,34,-1,3,IS,2025-06-11,47,False,123576,Vögguvísur,2012-06-04,0.602,0.0242,0,-16.589,1,0.0426,0.952,0.0,0.105,0.29,96.834,4
3V7qeqqJBkzqm0lo8mfVB7,Dyrnar,Birnir,35,5,-17,IS,2025-06-11,46,False,157173,Dyrnar,2025-05-27,0.348,0.73,8,-6.604,1,0.0467,0.00639,0.0,0.07,0.0794,202.408,3
1sgn8wmK2kuJrF9ppsnH2F,Frost er úti fuglinn minn,Hafdís Huld,36,-2,2,IS,2025-06-11,46,False,125852,Vögguvísur,2012-06-04,0.504,0.118,9,-13.917,1,0.0392,0.937,0.0,0.0619,0.6,113.507,3
51J0zLsmKb265vmylOJGMr,Sofðu,Hafdís Huld,37,-2,2,IS,2025-06-11,46,False,193282,Vögguvísur,2012-06-04,0.684,0.117,2,-12.232,0,0.0349,0.935,0.0,0.0762,0.671,125.928,3
27aFRfKSWdO39jUPpqimkE,Grafarþögn,"Birnir, Floni, Drengur",38,6,-22,IS,2025-06-11,46,False,311360,Dyrnar,2025-05-27,0.729,0.548,1,-9.045,1,0.0485,0.11,7.84e-05,0.108,0.145,88.506,4
2FgBwYUtCAojxxB6S4lZNM,Englar,Birnir,39,6,-20,IS,2025-06-11,43,False,242200,Dyrnar,2025-05-27,0.518,0.328,7,-13.264,1,0.0376,0.754,0.000717,0.106,0.134,154.804,4
5TBNZCGMR1NJtJrrg606m0,Nóttin læðist inn,Hafdís Huld,40,-8,2,IS,2025-06-11,47,False,182090,Vögguvísur,2012-06-04,0.716,0.124,0,-12.602,1,0.0394,0.926,0.0,0.103,0.496,120.015,4
6Op0vTc3e1Dh1kkH1qkbHu,Langar Í,"Daniil, Herra Hnetusmjör",41,-10,9,IS,2025-06-11,47,False,130000,Brat,2025-04-04,0.876,0.756,10,-6.001,0,0.0875,0.0393,0.0,0.168,0.464,106.969,4
6xsUlQIjfduRdQt88yekZ5,Þú ert,Hafdís Huld,42,-5,4,IS,2025-06-11,46,False,135325,Vögguvísur,2012-06-04,0.581,0.19,7,-13.84,1,0.031,0.828,2.57e-05,0.151,0.298,78.347,4
2GAR7xyr2OE07Q1cEabUOZ,Hæ - EM 2025,HubbaBubba,43,0,7,IS,2025-06-11,45,False,156428,Hæ (EM 2025),2025-05-10,0.584,0.988,9,-8.175,1,0.0382,0.057,0.00444,0.224,0.683,139.995,4
1sM1EAWbJQBWX4zDCi1g9x,TATE KIETA,"Frozo, Jupit3r",44,6,6,IS,2025-06-11,4,True,144000,TATE KIETA,2025-03-21,0.614,0.683,8,-10.325,1,0.286,0.626,2.18e-06,0.903,0.536,99.876,4
4d521XcdrRCLV33A4YB0RZ,Hugleiðsla,Birnir,45,5,-20,IS,2025-06-11,44,False,182400,Dyrnar,2025-05-27,0.774,0.597,3,-6.674,0,0.0433,0.121,1.97e-06,0.118,0.5,75.483,1
6xUjDJr13mTwal8SEdS7AP,10 fingur,"Birnir, Herra Hnetusmjör",46,4,-16,IS,2025-06-11,44,False,213573,Dyrnar,2025-05-27,0.723,0.617,1,-8.154,1,0.045,0.0118,0.00704,0.221,0.333,163.908,4
08gGODSrgb09P0yyl9Hx7B,Tala minn skít,"Saint Pete, Herra Hnetusmjör",47,3,3,IS,2025-06-11,45,True,323813,Græni Pakkinn,2024-08-11,0.696,0.598,5,-7.463,0,0.347,0.0345,0.0,0.0501,0.807,83.307,4
6dOtVTDdiauQNBQEDOtlAB,BIRDS OF A FEATHER,Billie Eilish,48,2,2,IS,2025-06-11,100,False,210373,HIT ME HARD AND SOFT,2024-05-17,0.747,0.507,2,-10.171,1,0.0358,0.2,0.0608,0.117,0.438,104.978,4
3LP5YM7IMwmffWXPE1VBf1,Sólskin,Hafdís Huld,49,-8,1,IS,2025-06-11,45,False,99752,Vögguvísur,2012-06-04,0.747,0.149,0,-11.752,1,0.0324,0.92,0.0,0.105,0.606,85.049,4
2DsrVTTYwaJcuv10mgKdzR,10 ÞÚSUND,"Emmsjé Gauti, Króli",50,-4,0,IS,2025-06-11,46,True,163750,10 ÞÚSUND,2025-04-10,0.902,0.621,10,-6.456,0,0.355,0.0185,0.0,0.0481,0.898,95.06,4
5ThyDv6aRVU8AH4vXQNldF,Finding Her,"Kushagra, Bharath, Saaheal",1,0,0,IN,2025-06-11,88,False,207000,Finding Her,2025-01-29,0.558,0.378,0,-6.419,1,0.0526,0.894,2.32e-06,0.0799,0.44,170.195,3
5UGrftqh9U3zKQUt3vs7Ob,Supreme,Shubh,2,0,0,IN,2025-06-11,85,True,178244,Supreme,2025-04-18,0.743,0.642,8,-3.758,1,0.0482,0.00445,0.0,0.244,0.156,165.966,4
4Q0qVhFQa7j6jRKzo3HDmP,Sapphire,Ed Sheeran,3,0,47,IN,2025-06-11,81,False,179082,Sapphire,2025-06-05,0.631,0.72,1,-6.152,1,0.0655,0.0163,0.0,0.347,0.394,95.011,4
4vHRQnzGcKEtqsLH70tAms,"Raanjhan (From ""Do Patti"")","Sachet-Parampara, Parampara Tandon, Kausar Munir",4,0,-1,IN,2025-06-11,87,False,240066,"Raanjhan (From ""Do Patti"")",2024-10-04,0.444,0.49,6,-7.328,1,0.0295,0.809,2.96e-05,0.107,0.2,92.107,4
0eCajpR75pDW0r64U6hP2x,Jo Tum Mere Ho,Anuv Jain,5,0,-1,IN,2025-06-11,85,False,251813,Jo Tum Mere Ho,2024-08-02,0.46,0.302,1,-12.934,0,0.0398,0.661,0.0,0.293,0.176,123.871,5
1hlbywc8Jhl1FFqJxAMabE,Ishq,"Faheem Abdullah, Rauhan Malik, Amir Ameer",6,0,0,IN,2025-06-11,81,False,224842,Lost;Found,2024-05-25,0.39,0.558,4,-8.92,0,0.0282,0.499,0.0284,0.173,0.292,94.788,4
2HI1eYwbbiJGqi0XaeByOI,Shaky,"Sanju Rathod, G-SPXRK",7,0,2,IN,2025-06-11,78,False,175138,Shaky,2025-04-22,0.796,0.841,9,-2.524,1,0.144,0.144,0.000773,0.183,0.89,108.913,4
2cPUB8EOT6AfJ8oxhyoNXL,Ye Tune Kya Kiya,"Pritam, Javed Bashir",8,2,5,IN,2025-06-11,82,False,314239,Once Upon Ay Time In Mumbai Dobaara !,2013-07-22,0.578,0.798,7,-6.01,1,0.0699,0.58,0.0,0.111,0.728,91.96,4
1hA697u7e1jX2XM8sWA6Uy,Apna Bana Le,"Sachin-Jigar, Arijit Singh, Amitabh Bhattacharya",9,-1,-2,IN,2025-06-11,80,False,261702,Bhediya (Original Motion Picture Soundtrack),2022-12-06,0.586,0.562,9,-7.399,1,0.0267,0.803,5.52e-06,0.063,0.436,93.982,4
4FeczSomVWVyU4FW7xDeAI,Tere Bina,"A.R. Rahman, Chinmayi, Murtuza Khan, Qadir Khan",10,2,5,IN,2025-06-11,81,False,309640,Guru (Original Motion Picture Soundtrack),2006-09-11,0.744,0.7,2,-7.663,1,0.0375,0.278,0.000155,0.068,0.867,144.033,4
5FDVyL6VahLO3B4T7xRYD9,Qatal,"Guru Randhawa, Sanjoy, Gill Machhrai",11,-2,-6,IN,2025-06-11,83,False,171789,WITHOUT PREJUDICE,2025-03-28,0.73,0.767,3,-4.147,0,0.152,0.109,1.56e-06,0.168,0.477,95.109,4
2oJxsbdvHuzkQ44hoyMsis,"Laal Pari (From ""Housefull 5"")","Yo Yo Honey Singh, Simar Kaur, Alfaaz",12,-1,-2,IN,2025-06-11,80,False,256148,"Laal Pari (From ""Housefull 5"")",2025-05-03,0.81,0.759,7,-4.509,1,0.124,0.414,7.35e-05,0.637,0.45,115.063,4
6nRGPf5tpeJtKpXZO5cgIT,Paro,"Aditya Rikhari, UNPLG'd",13,1,-2,IN,2025-06-11,82,False,70400,Paro,2024-11-12,0.694,0.292,10,-9.85,0,0.139,0.907,0.0,0.143,0.733,150.495,4
3vCzLB6kS2lGcIpm1OOUsy,Ishq Hai,"Anurag Saikia, Raj Shekhar, Romy, Amarabha Banerjee, Varun Jain, Madhubanti Bagchi, Mismatched - Cast",14,-1,-2,IN,2025-06-11,83,False,312857,Mismatched: Season 3 (Soundtrack from the Netflix Series),2024-12-03,0.312,0.592,0,-6.995,1,0.0463,0.561,0.0,0.137,0.639,78.684,4
4ulroyDK6rN73nVkCkWhur,Sahiba,"Jasleen Royal, Stebin Ben, Vijay Deverakonda, Radhikka Madan, Priya Saraiya, Aditya Sharma",15,0,3,IN,2025-06-11,82,False,217148,Sahiba,2024-11-15,0.642,0.372,2,-14.072,1,0.0348,0.58,0.000622,0.328,0.341,128.094,4
7f88cYg6oaAaSJMfF2GANl,Minnalvala,"Jakes Bejoy, Sid Sriram, Sithara Krishnakumar",16,0,-8,IN,2025-06-11,62,False,299055,Narivetta (Original Motion Picture Soundtrack),2025-05-23,0.696,0.59,8,-8.724,0,0.0356,0.545,0.000823,0.0985,0.849,126.92,3
5zCnGtCl5Ac5zlFHXaZmhy,"Sajni (From ""Laapataa Ladies"")","Ram Sampath, Arijit Singh, Prashant Pandey",17,1,0,IN,2025-06-11,82,False,170044,"Sajni (From ""Laapataa Ladies"")",2024-02-12,0.428,0.413,0,-7.783,1,0.0281,0.827,9.35e-06,0.108,0.355,79.646,4
1JioaCninhpfY1filFEIZi,STFU,"AP Dhillon, Shinda Kahlon",18,-1,-4,IN,2025-06-11,79,False,174810,OKAY STFU,2025-05-02,0.879,0.676,4,-6.284,0,0.0438,0.522,0.0,0.134,0.362,105.007,4
45PA9lW7U5LYnlpGrdTyHY,Sang Rahiyo,"Jasleen Royal, Ujjwal Kashyap",19,5,5,IN,2025-06-11,80,False,213288,Sang Rahiyo,2020-09-10,0.634,0.529,10,-11.374,1,0.0248,0.794,0.0002,0.0567,0.409,94.014,4
3yHyiUDJdz02FZ6jfUbsmY,"Satranga (From ""ANIMAL"")","Arijit Singh, Shreyas Puranik, Siddharth - Garima",20,1,1,IN,2025-06-11,81,False,271169,"Satranga (From ""ANIMAL"")",2023-10-27,0.273,0.405,0,-5.81,1,0.0298,0.735,0.0,0.189,0.534,89.48,3
4d2jV5fmX6hbRwaRbY39dt,Wavy,"Karan Aujla, Jay Trak",21,-2,2,IN,2025-06-11,82,False,161000,Wavy,2024-11-15,0.567,0.752,7,-3.863,0,0.0798,0.04,0.0,0.144,0.498,90.027,4
0SAZ4IHYMtjW4Lxrjm7NnG,Aashiq Tera,"Altamash Faridi, Sohail Sen, Mudassar Aziz",22,-2,13,IN,2025-06-11,78,False,294751,Happy Bhag Jayegi (Original Motion Picture Soundtrack),2016-07-28,0.46,0.885,4,-5.061,1,0.063,0.192,0.0,0.0847,0.627,114.936,4
3yV2c3cYhkAwSsxAq6nRiv,Mann Mera,Gajendra Verma,23,5,-3,IN,2025-06-11,79,False,200120,Table No. 21 (Original Motion Picture Soundtrack),2012-12-21,0.535,0.765,1,-7.862,0,0.0444,0.054,0.0,0.0921,0.373,191.827,4
2Fv2injs4qAm8mJBGaxVKU,"Tujhe Kitna Chahne Lage (From ""Kabir Singh"")","Arijit Singh, Mithoon",24,1,1,IN,2025-06-11,82,False,284779,"Tujhe Kitna Chahne Lage (From ""Kabir Singh"")",2019-05-31,0.427,0.396,11,-7.556,1,0.0366,0.736,0.0,0.11,0.306,70.368,4
2PvaburAUlhNHxVhw5lvOq,"Humdard (From ""Ek Villain"")",Arijit Singh,25,5,-6,IN,2025-06-11,79,False,260590,Ultimate Love Songs - Arijit Singh,2020-05-19,0.575,0.541,5,-6.45,1,0.0237,0.759,0.0,0.111,0.27,87.022,4
76ec1a1bkFfOqoVf6e7nae,"Zamaana Lage (From ""Metro ... In Dino"")","Pritam, Arijit Singh, Shashwat Singh, Qaisar-Ul-Jafri, Sandeep Srivastava",26,0,24,IN,2025-06-11,76,False,196138,"Zamaana Lage (From ""Metro ... In Dino"")",2025-05-28,0.525,0.621,9,-7.503,1,0.0393,0.633,3.61e-06,0.127,0.477,121.907,4
4eBvRhTJ2AcxCsbfTUjoRp,Cheques,Shubh,27,10,2,IN,2025-06-11,80,False,183756,Still Rollin,2023-05-19,0.742,0.627,4,-8.939,0,0.0533,0.262,1.23e-05,0.269,0.356,89.998,4
5wqMM6wOwXmX4rc1C3lUkd,Courtside,"Karan Aujla, Signature By SB",28,-5,-12,IN,2025-06-11,81,False,168125,Courtside,2025-05-13,0.664,0.695,6,-4.304,0,0.221,0.0823,0.0,0.214,0.556,86.885,4
4Qm7r3ImER8S2Ori1gLMAf,Afsos,"Anuv Jain, AP Dhillon",29,-2,-3,IN,2025-06-11,82,False,191752,Afsos,2025-01-31,0.702,0.341,0,-10.612,0,0.0349,0.502,0.0,0.143,0.582,96.94,4
6H7fLdt0AeWpuxUKXuXWrx,Shree Hanuman Chalisa,Hariharan,30,20,-8,IN,2025-06-11,75,False,586075,Shree Hanuman Chalisa (Hanuman Ashtak),1992-01-01,0.589,0.885,4,-3.4,1,0.035,0.545,0.0,0.132,0.831,91.01,4
7so0lgd0zP2Sbgs2d7a1SZ,Die With A Smile,"Lady Gaga, Bruno Mars",31,0,7,IN,2025-06-11,91,False,251667,MAYHEM,2025-03-07,0.519,0.601,6,-7.727,0,0.0317,0.289,0.0,0.126,0.498,157.964,3
6kYoY0PhBelP64UMnhsEZx,"Agar Tum Saath Ho (From ""Tamasha"")","Alka Yagnik, Arijit Singh",32,-3,2,IN,2025-06-11,70,False,341054,Love Wali Feeling: Valentine Special,2017-02-10,0.562,0.519,3,-8.744,1,0.0326,0.557,0.000268,0.172,0.415,122.925,4
5fBghXeYCGIEVuExKytoJ9,Fell For You,Shubh,33,-11,-1,IN,2025-06-11,80,False,153466,Sicario,2025-01-17,0.728,0.596,4,-6.803,0,0.0454,0.0985,0.00348,0.0533,0.224,95.006,4
5npFBWhVs3VVlc0nY5xQMA,"Tainu Khabar Nahi - From ""Munjya""","Sachin-Jigar, Arijit Singh",34,0,-4,IN,2025-06-11,80,False,188166,"Tainu Khabar Nahi (From ""Munjya"")",2024-05-31,0.588,0.595,9,-7.493,1,0.0488,0.777,0.0,0.153,0.594,90.013,4
2ceeTJAzKy295Fm0VsaXtE,"Tum Se (From ""Teri Baaton Mein Aisa Uljha Jiya"")","Sachin-Jigar, Raghav Chaitanya, Varun Jain, Indraneel",35,-3,-2,IN,2025-06-11,81,False,264089,"Tum Se (From ""Teri Baaton Mein Aisa Uljha Jiya"")",2024-02-02,0.612,0.595,10,-6.356,1,0.0331,0.68,1.11e-06,0.104,0.435,99.991,4
2IoZMG3RqiTmsy7Li3zGFg,"Mere Sohneya (From ""Kabir Singh"")","Sachet Tandon, Parampara Tandon, Sachet-Parampara",36,-1,-9,IN,2025-06-11,79,False,193355,"Mere Sohneya (From ""Kabir Singh"")",2019-06-06,0.376,0.643,9,-5.713,1,0.0411,0.558,0.0,0.217,0.646,136.224,5
56zZ48jdyY2oDXHVnwg5Di,Tum Hi Ho,"Mithoon, Arijit Singh",37,4,3,IN,2025-06-11,81,False,261974,Aashiqui 2,2013-04-06,0.529,0.451,5,-6.25,0,0.025,0.788,0.0,0.122,0.309,94.054,4
22ZIAjVRJTjYj5EwD0MjEJ,2 Khatole (Lofi Mix),Masoom Sharma,38,0,3,IN,2025-06-11,79,False,148027,2 Khatole (Lofi Mix),2025-01-15,0.822,0.887,3,-3.992,0,0.0418,0.17,0.0,0.0617,0.804,106.988,4
0YQJoDL6f46J0n1rOVkpxJ,Softly,"Karan Aujla, Ikky",39,5,11,IN,2025-06-11,80,False,155161,Making Memories,2023-08-18,0.735,0.564,8,-7.786,1,0.204,0.191,0.0,0.0791,0.902,92.986,4
3PWfXDaGLxwN9UJDHMEyKi,Teri Ramjhol Bole Gi (feat. Kay D & Aarohi Raghav),"Masoom Sharma, Sheenam Katholic, Kay D, Aarohi Raghav",40,-4,6,IN,2025-06-11,79,False,147169,Teri Ramjhol Bole Gi (feat. Kay D & Aarohi Raghav),2024-12-10,0.795,0.838,4,-2.498,0,0.0335,0.0458,0.0,0.384,0.806,106.033,4
1fkjRQA8wXPPyxqYLbxuqy,Ishq Bulaava,"Vishal-Shekhar, Sanam Puri, Shipra Goyal",41,-8,-13,IN,2025-06-11,77,False,303640,Hasee Toh Phasee (Original Motion Picture Soundtrack),2014-01-05,0.578,0.713,7,-7.335,1,0.0318,0.618,3.18e-05,0.118,0.625,159.915,3
72zHuDxFQTjbL51qJQSA7j,"Ranjha (From ""Shershaah"")","Jasleen Royal, B Praak, Romy",42,8,-11,IN,2025-06-11,79,False,228855,"Ranjha (From ""Shershaah"")",2021-08-05,0.603,0.573,1,-5.843,1,0.0502,0.478,0.0,0.0971,0.236,82.941,4
5J9L7IbadCt0ivs9xmNrr0,Ranjheya Ve,Zain Zohaib,43,-4,7,IN,2025-06-11,78,False,278474,Ranjheya Ve,2022-10-13,0.51,0.479,3,-9.007,1,0.0868,0.249,0.0,0.0936,0.4,186.299,4
5ZLkihi6DVsHwDL3B8ym1t,One Love,Shubh,44,6,-1,IN,2025-06-11,80,False,159222,One Love,2023-08-18,0.848,0.512,7,-7.757,1,0.118,0.284,0.00645,0.101,0.881,144.926,4
2GXXZFUxYg2LvG8SR0byOE,Jeena Jeena,"Sachin-Jigar, Atif Aslam, Priya Saraiya",45,-5,4,IN,2025-06-11,80,False,228969,Badlapur (Original Motion Picture Soundtrack),2014-12-09,0.682,0.344,5,-8.567,1,0.0281,0.789,0.0,0.121,0.548,104.984,4
0FBQ4NrrHUbR9kus7rzrOj,Dil Diyan Gallan,Atif Aslam,46,3,-4,IN,2025-06-11,78,False,260536,YRF Top 10 - Falling in Love,2021-02-13,0.717,0.64,2,-8.726,1,0.025,0.565,0.00139,0.127,0.485,105.021,4
5AnWrUzsrFgBvhn6dUElnr,"Aaj Ki Raat (From ""Stree 2"")","Sachin-Jigar, Madhubanti Bagchi, Divya Kumar, Amitabh Bhattacharya",47,3,3,IN,2025-06-11,80,False,228620,"Aaj Ki Raat (From ""Stree 2"")",2024-07-24,0.702,0.853,0,-5.164,1,0.0546,0.345,4.19e-06,0.126,0.643,116.027,4
3t3wsY5IdLVzB9WidegJSU,Jeene Laga Hoon,"Atif Aslam, Shreya Ghoshal, Sachin-Jigar",48,2,2,IN,2025-06-11,79,False,236933,Ramaiya Vastavaiya (Original Motion Picture Soundtrack),2013-07-19,0.533,0.732,7,-7.901,0,0.0424,0.166,0.000189,0.138,0.554,90.315,4
3FqtduiaqnFYvBgKuc6QWQ,Winning Speech,"Karan Aujla, Seshnolan",49,-6,-10,IN,2025-06-11,79,False,227441,Winning Speech,2024-05-16,0.461,0.78,11,-5.004,0,0.363,0.128,0.0,0.181,0.448,171.285,4
0TL0LFcwIBF5eX7arDIKxY,Husn,Anuv Jain,50,-4,-5,IN,2025-06-11,80,False,217894,Husn,2023-12-01,0.527,0.376,5,-9.974,1,0.0298,0.682,0.0,0.142,0.24,151.928,4
6FVNMp4r4cQOcckK5NFB6j,אם את כבר הולכת,נדב חנציס,1,0,0,IL,2025-06-11,67,False,205000,אם את כבר הולכת,2025-05-19,0.652,0.371,2,-8.066,0,0.0255,0.78,0.0,0.15,0.564,99.983,4
3U1voPJN8NBSR96Ry0WJiF,מלכת הדור,Omer Adam,2,48,48,IL,2025-06-11,0,False,183031,תסמינים של פרידה,2025-06-10,0.57,0.535,0,-7.338,0,0.052,0.223,0.0,0.36,0.309,92.445,4
5Sn3aXG5AWFmd1ij2PTisj,השיר שאת אהבת,Omer Adam,3,47,47,IL,2025-06-11,0,False,218100,תסמינים של פרידה,2025-06-10,0.42,0.555,0,-6.851,0,0.0593,0.33,0.0,0.135,0.172,167.819,3
5omHkj4qY0A8f6mE4T3fAH,היה טוב,Omer Adam,4,46,46,IL,2025-06-11,0,False,213879,תסמינים של פרידה,2025-06-10,0.553,0.535,11,-9.634,0,0.054,0.307,1.17e-05,0.293,0.323,98.738,4
7kFo0ivGlvuzIWmODfmrjF,אחת ממיליון,רון חיון,5,-3,-3,IL,2025-06-11,66,False,201142,אחת ממיליון,2025-02-09,0.746,0.558,8,-9.355,0,0.1,0.784,6.48e-06,0.112,0.578,105.009,4
2PZ8BlakFfw8T8InWlkVLg,איפה שתגידי,Omer Adam,6,44,44,IL,2025-06-11,0,False,175961,תסמינים של פרידה,2025-06-10,0.628,0.418,0,-8.074,1,0.0333,0.687,0.0,0.14,0.323,123.934,4
3Nkgj2fda76qTOJFXP9h48,קווקז,Omer Adam,7,43,43,IL,2025-06-11,0,False,184918,תסמינים של פרידה,2025-06-10,0.76,0.722,0,-8.125,1,0.101,0.38,0.0,0.215,0.71,121.942,4
6RCxgLA7IVZjO5aPHEWNRC,אמן אמן אמן,Tuna,8,-5,1,IL,2025-06-11,59,True,300373,ראפ מטורף,2025-05-30,0.529,0.661,1,-8.675,0,0.0911,0.141,0.000105,0.112,0.0887,101.735,3
5qOxJdYpngdcI4shMGYo8S,רובים ותלתלים,Tuna,9,-5,-2,IL,2025-06-11,59,False,133833,רובים ותלתלים,2025-05-30,0.659,0.824,10,-6.277,0,0.0388,0.0276,0.0495,0.336,0.839,99.986,4
5X7EZzrGDp4YgzdFW3ZdZU,יצאת לטיול,Omer Adam,10,40,40,IL,2025-06-11,0,False,199587,תסמינים של פרידה,2025-06-10,0.361,0.526,0,-6.586,0,0.0307,0.0922,1.43e-06,0.345,0.382,183.658,3
7pojjbZAyaEs28gCbV55xT,שושו,"Omer Adam, אודיה",11,39,39,IL,2025-06-11,0,False,176000,תסמינים של פרידה,2025-06-10,0.861,0.657,6,-6.804,0,0.0416,0.209,0.000502,0.109,0.408,120.006,4
2H84mdRphvQn5QniG3v07a,נחלת בנימין,Itay Levi,12,-7,-9,IL,2025-06-11,63,False,178950,11,2025-03-16,0.783,0.626,11,-4.232,0,0.0369,0.148,3.12e-06,0.246,0.461,100.021,4
3XSSUNQJHy7GTWtSHHITq5,השם ירחם,Tuna,13,-7,0,IL,2025-06-11,57,True,233232,רובים ותלתלים,2025-05-30,0.603,0.457,4,-9.528,0,0.0282,0.241,2.9e-06,0.101,0.689,80.013,4
6gGbQIKS0dyNQrJfUatt46,רוזה,Omer Adam,14,36,36,IL,2025-06-11,0,False,170054,תסמינים של פרידה,2025-06-10,0.453,0.433,0,-8.434,0,0.044,0.644,7.08e-05,0.15,0.336,82.271,4
6hQh8TDewz3fGZgSHAnb6J,תגידי לי,Omer Adam,15,35,35,IL,2025-06-11,0,False,160000,תסמינים של פרידה,2025-06-10,0.349,0.491,11,-8.365,0,0.045,0.12,0.0,0.19,0.505,173.844,4
3d1AKnEKf2LBXn7wQUH21B,עקבים וג'ינס,Omer Adam,16,34,34,IL,2025-06-11,0,False,224369,תסמינים של פרידה,2025-06-10,0.755,0.557,8,-6.683,0,0.0579,0.196,0.0,0.0786,0.594,127.901,4
0P8jIXqWvT6iNCeAzyinxt,אל תעשי לו צרות,Osher Cohen,17,-10,-7,IL,2025-06-11,59,False,171304,אל תעשי לו צרות,2025-05-22,0.755,0.538,4,-8.301,1,0.036,0.0463,1.93e-05,0.0958,0.581,128.006,4
6WDVPVfGdcL1d574NP7BVP,לא להמציא,דודא,18,-9,-13,IL,2025-06-11,63,False,227205,שקוף,2025-01-12,0.797,0.472,6,-7.842,0,0.112,0.726,4.24e-06,0.104,0.779,135.995,4
7LA51LhQTW9tulMfS3IhiL,מטורפת,"רואי אדם, Zion Baruch",19,-11,-15,IL,2025-06-11,64,False,142314,מטורפת,2025-03-13,0.606,0.762,4,-5.925,0,0.182,0.215,0.0,0.395,0.474,121.207,4
2RkZ5LkEzeHGRsmDqKwmaJ,Ordinary,Alex Warren,20,-10,-14,IL,2025-06-11,95,False,186964,"You'll Be Alright, Kid (Chapter 1)",2024-09-26,0.368,0.694,2,-6.141,1,0.06,0.704,6.59e-06,0.055,0.391,168.115,3
0h8eZd7eqwZISaz9bkj1zV,מערב ראשון,Itay Levi,21,1,-2,IL,2025-06-11,60,False,204078,מערב ראשון,2024-05-26,0.854,0.554,9,-6.412,0,0.0577,0.601,0.0,0.108,0.38,113.959,4
4dELL8S6XVMibwBkjJACF1,לילות וקללות,Omer Adam,22,22,27,IL,2025-06-11,61,False,204446,חמישה לילות,2024-03-21,0.372,0.35,11,-8.325,1,0.0361,0.605,0.0,0.238,0.251,171.473,3
7n6elf6gl4POlFO2LlyIMy,בסיבוב הבא,Eden Ben Zaken,23,-6,18,IL,2025-06-11,57,False,203060,בסיבוב הבא,2025-04-01,0.61,0.425,7,-7.363,0,0.0317,0.595,1.9e-06,0.103,0.315,139.502,4
5AjrNeUIzRkWzMz5hgujD2,רשימת קניות,"סטילה, Ness, אודיה",24,-11,-16,IL,2025-06-11,65,False,154687,רשימת קניות,2025-03-25,0.889,0.77,7,-6.515,1,0.262,0.149,0.00722,0.175,0.504,128.089,4
1hPyp13B8rWWxAduMcPsdM,אהבת אותי,"Tuna, Ravid Plotnik",25,-13,-13,IL,2025-06-11,57,False,164813,רובים ותלתלים,2025-05-30,0.555,0.814,11,-6.136,0,0.298,0.0212,0.0,0.501,0.455,170.011,4
3N48942rc1DKId7vmDDcy0,חולמת,אודיה,26,-11,-10,IL,2025-06-11,63,False,191129,חולמת,2025-03-04,0.787,0.805,11,-8.628,1,0.0516,0.0378,0.052,0.207,0.205,126.013,4
7Jh8Ar4buQNTT3s3iHJjkj,היה מדבר,Tuna,27,-16,-9,IL,2025-06-11,56,True,264430,רובים ותלתלים,2025-05-30,0.523,0.771,9,-6.35,1,0.0393,0.00405,0.0,0.224,0.648,78.214,4
0OIq7kRsGg7UkLKtO7Srqd,בחיבק,תמר ריילי,28,-10,-17,IL,2025-06-11,63,False,147296,בחיבק,2025-01-05,0.661,0.475,2,-9.054,0,0.128,0.686,0.0,0.0942,0.498,81.049,4
1k91FYQpWr3WNuRfT3hI9N,קשה בכדור הארץ,Tuna,29,-15,-12,IL,2025-06-11,56,True,196458,רובים ותלתלים,2025-05-30,0.58,0.323,2,-9.742,1,0.0284,0.546,0.000203,0.0983,0.472,130.023,4
7BcRDWY4VTCvRRHoobFWWo,סהרה - Live,"Tuna, Jasmin Moallem",30,20,20,IL,2025-06-11,56,False,272773,סהרה (Live),2022-06-17,0.33,0.768,3,-6.433,0,0.129,0.75,0.0,0.963,0.361,156.52,4
3pTsE064ZTJ1n8bP3VAm2c,תהום,Omer Adam,31,-6,13,IL,2025-06-11,61,False,185625,לחנים שבורים,2024-11-10,0.5,0.684,1,-6.876,0,0.0992,0.302,0.0,0.0665,0.266,169.757,4
2fewVF6oOGKux69rHGbPMq,צוחקת ובוכה,Eden Hason,32,-9,0,IL,2025-06-11,58,False,236190,צוחקת ובוכה,2024-01-30,0.661,0.429,4,-5.633,0,0.0324,0.83,0.0,0.15,0.278,125.92,4
4zXfQYhcSboWEOAwIQST9N,רק שלך,Omer Adam,33,10,17,IL,2025-06-11,60,False,234844,חמישה לילות,2024-03-21,0.614,0.47,7,-10.401,0,0.044,0.49,0.0,0.0856,0.291,124.13,4
7uwbkdstWT7e5Tl70aPOnG,ראפ מטורף,"Tuna, Ravid Plotnik",34,-18,-20,IL,2025-06-11,56,False,189446,ראפ מטורף,2025-05-30,0.702,0.743,10,-7.519,0,0.158,0.0342,2.28e-06,0.0722,0.67,170.097,4
5ppuL7dOIhd7td0YCJJuwf,טקילה,Omer Adam,35,5,15,IL,2025-06-11,61,False,160642,לחנים שבורים,2024-11-10,0.519,0.395,2,-9.589,1,0.0382,0.66,0.0,0.2,0.375,84.87,1
2QkVXq7dLpefWAiETsvIOs,אהובתי כבר לא רואה אותי,Omer Adam,36,-16,-15,IL,2025-06-11,63,False,190500,לחנים שבורים,2024-11-10,0.574,0.336,0,-9.31,0,0.0271,0.593,0.0,0.189,0.272,131.563,4
0ckd54NpB6QU3NIBdbkddf,גשם,Osher Cohen,37,-18,-22,IL,2025-06-11,61,False,184188,אושר כהן,2025-04-09,0.553,0.311,6,-10.706,1,0.0332,0.298,0.0,0.457,0.52,148.127,4
6kbhnbcZeYz8RvsFlLkhNH,החדר מסתובב,Eyal Golan,38,-9,9,IL,2025-06-11,56,False,198605,אהבה מנצחת הכל,2025-04-06,0.353,0.471,4,-8.025,0,0.042,0.344,0.0,0.119,0.171,96.775,4
5xlMI2eRQgUsDAl8vRmhJC,קשר בתקצורת,"Tuna, Haim Moshe",39,-13,-14,IL,2025-06-11,55,False,209890,רובים ותלתלים,2025-05-30,0.726,0.913,10,-5.898,0,0.0324,0.0278,0.0169,0.0357,0.973,115.987,4
5e1XuRHOjrgVhy6zrZWOCu,אם זה זה – זה זה,Agam Buhbut,40,-19,-17,IL,2025-06-11,61,False,173967,אם זה זה – זה זה,2025-04-03,0.539,0.781,8,-4.109,1,0.0486,0.14,3.61e-06,0.203,0.554,183.965,3
3CZdlwKHGTvfveatbfKD3q,תמיד אוהב אותי,ששון איפרם שאולוב,41,0,-11,IL,2025-06-11,64,False,172694,תמיד אוהב אותי,2024-09-17,0.713,0.761,0,-6.654,0,0.0531,0.508,0.0,0.189,0.517,137.979,4
0igXa4xOZowEJUNPhUbPwr,ממי את יודעת איך,"Tuna, Sima Noon",42,-18,-20,IL,2025-06-11,54,True,165089,רובים ותלתלים,2025-05-30,0.361,0.672,2,-5.713,1,0.047,0.0149,0.0,0.335,0.151,79.546,4
2RNGK9C5zMQhKMTiPL5Q0T,מאחל לך טוב,Osher Cohen,43,-15,-23,IL,2025-06-11,62,False,178339,גיטרה ולנשום,2025-02-06,0.833,0.55,1,-7.323,1,0.0528,0.0818,3.54e-06,0.106,0.56,107.939,4
354YT2zYO1GpAmf10xXiZf,בואי נדבר,ששון איפרם שאולוב,44,6,6,IL,2025-06-11,57,False,172757,גן עדן של משוגעים,2024-08-11,0.383,0.551,3,-7.724,0,0.117,0.359,0.0,0.135,0.397,149.738,4
2OhunYlfKcvrwQBStJD5u8,פרפרים,אודיה,45,-18,-19,IL,2025-06-11,61,False,175471,פרפרים,2025-03-04,0.633,0.896,7,-5.27,1,0.0528,0.0329,0.36,0.113,0.112,119.933,4
5ITV0zqzjOYfFWpW0xBmRa,Show Me Love,"WizTheMc, bees & honey",46,-16,-9,IL,2025-06-11,94,False,176965,Show Me Love,2025-02-07,0.714,0.691,1,-7.333,1,0.0434,0.0212,0.000292,0.111,0.155,107.15,4
0sMyBmtyp4riKYNpDVNSH4,את לא יודעת כמה שאני אוהב אותך,אודיה,47,-15,-12,IL,2025-06-11,61,False,202133,את לא יודעת כמה שאני אוהב אותך,2024-11-14,0.61,0.625,7,-8.316,1,0.0427,0.283,1.05e-05,0.0912,0.328,149.888,4
4DKH1iLhp007TVLURYtmeC,מה יהיה מחר,פאר טסי,48,-14,-19,IL,2025-06-11,60,False,188000,רדיו שטח 2,2024-05-26,0.706,0.63,9,-8.13,0,0.0291,0.0583,0.0,0.0777,0.763,123.99,4
1H5GUNNCrurtyoOKbS2tT8,New Day Will Rise,"יובל רפאל, כאן - תאגיד השידור הישראלי",49,-16,-25,IL,2025-06-11,76,False,179624,New Day Will Rise,2025-03-09,0.377,0.425,7,-5.647,0,0.039,0.731,0.0,0.218,0.382,157.537,3
2eq2T5nu5NBvHYKzDatmt3,ככה זה (לאהוב אותך),Berry Sakharof,50,0,0,IL,2025-06-11,54,False,253840,נגיעות,1998-12-03,0.473,0.885,2,-8.0,1,0.0772,0.0177,0.00169,0.128,0.437,160.043,4
42UBPzRMh5yyz0EDPr6fr1,Manchild,Sabrina Carpenter,1,0,49,IE,2025-06-11,89,True,213645,Manchild,2025-06-05,0.731,0.685,7,-5.087,1,0.0572,0.122,0.0,0.317,0.811,123.01,4
5Zx1iBItF4TWFQt4C9P5hZ,Killeagh,Kingfishr,2,0,1,IE,2025-06-11,72,False,150000,Bet On Beauty,2024-12-06,0.493,0.455,2,-9.106,1,0.0684,0.768,0.0,0.276,0.68,161.379,3
2RkZ5LkEzeHGRsmDqKwmaJ,Ordinary,Alex Warren,3,0,-2,IE,2025-06-11,95,False,186964,"You'll Be Alright, Kid (Chapter 1)",2024-09-26,0.368,0.694,2,-6.141,1,0.06,0.704,6.59e-06,0.055,0.391,168.115,3
4AajxCEwGEsmHmT4H1TwjY,undressed,sombr,4,0,-2,IE,2025-06-11,96,False,182088,undressed,2025-03-21,0.642,0.887,0,-3.883,1,0.0406,0.137,0.0,0.0829,0.888,115.999,4
6393yGahSJ9slVdOwSxOVR,Pink Pony Club,Chappell Roan,5,2,1,IE,2025-06-11,88,False,258034,The Rise and Fall of a Midwest Princess,2023-09-21,0.61,0.65,6,-6.199,1,0.0474,0.399,0.0,0.11,0.507,106.719,4
4WFgvKVfEhb3IUAFGrutTR,Love Me Not,Ravyn Lenae,6,-1,-1,IE,2025-06-11,91,False,213466,Bird's Eye,2024-08-09,0.779,0.731,0,-6.176,1,0.0306,0.296,0.0,0.128,0.814,114.001,4
0FTmksd2dxiE5e3rWyJXs6,back to friends,sombr,7,-1,-3,IE,2025-06-11,98,False,199032,back to friends,2024-12-27,0.436,0.723,1,-2.291,1,0.0301,9.37e-05,8.82e-05,0.0929,0.235,92.855,4
2yWlGEgEfPot0lv3OAjuG3,Just Keep Watching (From F1® The Movie),"Tate McRae, F1 The Album",8,0,-1,IE,2025-06-11,91,False,142550,Just Keep Watching (From F1® The Movie),2025-05-30,0.656,0.796,9,-5.856,0,0.113,0.0767,0.0,0.509,0.425,129.956,4
0WbMK4wrZ1wFSty9F7FCgu,"Good Luck, Babe!",Chappell Roan,9,1,0,IE,2025-06-11,94,False,218423,"Good Luck, Babe!",2024-04-05,0.7,0.582,11,-5.96,0,0.0356,0.0502,0.0,0.0881,0.785,116.712,4
6dOtVTDdiauQNBQEDOtlAB,BIRDS OF A FEATHER,Billie Eilish,10,-1,-2,IE,2025-06-11,100,False,210373,HIT ME HARD AND SOFT,2024-05-17,0.747,0.507,2,-10.171,1,0.0358,0.2,0.0608,0.117,0.438,104.978,4
4KULAymBBJcPRpk1yO4dOG,I Remember Everything (feat. Kacey Musgraves),"Zach Bryan, Kacey Musgraves",11,0,4,IE,2025-06-11,88,False,227195,Zach Bryan,2023-08-25,0.429,0.453,0,-7.746,1,0.0459,0.554,2e-06,0.102,0.155,77.639,4
5dQ1oSOiGzfPPbPpzWTT7Y,Diamonds & Roses,Kingfishr,12,0,9,IE,2025-06-11,65,False,165000,Diamonds & Roses,2025-05-22,0.464,0.759,0,-5.153,1,0.0337,0.279,1.19e-05,0.0906,0.359,122.065,4
4ZJ4vzLQekI0WntDbanNC7,Pink Skies,Zach Bryan,13,2,7,IE,2025-06-11,88,False,194920,Pink Skies,2024-05-24,0.525,0.488,0,-6.909,1,0.038,0.191,5.14e-05,0.135,0.253,84.999,4
7ne4VBA60CxGM75vw0EYad,That’s So True,Gracie Abrams,14,3,-1,IE,2025-06-11,96,True,166300,The Secret of Us (Deluxe),2024-10-18,0.554,0.808,1,-4.169,1,0.0368,0.214,0.0,0.159,0.372,108.548,4
3WMj8moIAXJhHsyLaqIIHI,Something in the Orange,Zach Bryan,15,1,12,IE,2025-06-11,87,False,228013,Something in the Orange,2022-04-22,0.369,0.192,4,-12.151,0,0.04,0.555,8.35e-06,0.0954,0.148,175.212,3
2RdEC8Ff83WkX7kDVCHseE,party 4 u,Charli xcx,16,-3,-2,IE,2025-06-11,93,False,296653,how i'm feeling now,2020-05-15,0.579,0.522,1,-8.393,1,0.0993,0.761,1.41e-05,0.655,0.245,79.453,4
221eHga9f9Ne4f8D7WVgPT,Mystical Magical,Benson Boone,17,-3,-7,IE,2025-06-11,92,False,165746,Mystical Magical,2025-04-24,0.671,0.697,11,-3.851,1,0.116,0.19,0.0,0.393,0.848,119.867,4
0qmhTHMVxnXRmT5N92wTD9,Bloodline (with Jelly Roll),"Alex Warren, Jelly Roll",18,0,-7,IE,2025-06-11,90,False,182008,Bloodline (with Jelly Roll),2025-05-22,0.621,0.779,4,-6.346,0,0.056,0.255,0.0,0.0683,0.513,127.925,4
3xkHsmpQCBMytMJNiDf3Ii,Beautiful Things,Benson Boone,19,0,-1,IE,2025-06-11,93,False,180304,Fireworks & Rollerblades,2024-04-05,0.472,0.471,10,-5.692,1,0.0603,0.151,0.0,0.14,0.219,105.029,3
76JKIsdKrAfWUMjaA0u7v5,Too Sweet,Hozier,20,3,30,IE,2025-06-11,84,False,251424,Unreal Unearth: Unaired,2024-08-19,0.741,0.62,10,-5.505,1,0.0412,0.0295,0.000809,0.0398,0.934,117.038,4
78nx0HDJIFD5xDq2L5420Z,Blessings,"Calvin Harris, Clementine Douglas",21,0,-9,IE,2025-06-11,89,False,219650,Blessings,2025-05-09,0.721,0.875,11,-4.125,0,0.0557,0.0022,0.0285,0.0888,0.642,129.913,4
35ISBknsCeZQtq66xABI9g,Messy,Lola Young,22,-2,1,IE,2025-06-11,89,True,284066,This Wasn't Meant For You Anyway,2024-06-21,0.798,0.562,9,-5.913,1,0.0375,0.11,0.00606,0.122,0.647,110.991,4
5UJbgR4XF4y1DvbkxEqe8S,Sports car,Tate McRae,23,2,-6,IE,2025-06-11,89,False,165045,So Close To What,2025-02-20,0.861,0.815,11,-3.672,0,0.0349,0.0505,0.00139,0.1,0.886,106.978,4
21IYMdzTrzSe191Cy5eMap,Sailor Song,Gigi Perez,24,0,-5,IE,2025-06-11,89,False,211978,"At The Beach, In Every Life",2025-04-25,0.499,0.392,11,-10.441,1,0.0262,0.627,7.1e-05,0.192,0.272,95.076,4
5IEDBUuXMagCcYQZARFvrJ,Schoolyard Days,Amble,25,2,-9,IE,2025-06-11,59,False,189527,Reverie,2025-05-23,0.528,0.607,2,-7.261,1,0.0352,0.421,0.439,0.068,0.376,180.574,4
10pfamFYvg5ftwq6rGJrWx,Can't Decide,"Max Dean, Luke Dean, Locky",26,5,3,IE,2025-06-11,76,False,175384,Can't Decide,2025-05-23,0.797,0.722,1,-8.761,1,0.0599,0.0678,0.198,0.0869,0.55,129.941,4
7gKxCvTDWwV9wBhdeBbr3l,Nice To Each Other,Olivia Dean,27,2,23,IE,2025-06-11,79,False,209000,Nice To Each Other,2025-05-30,0.761,0.737,0,-6.869,1,0.049,0.406,0.00166,0.364,0.738,131.998,4
0ofHAoxe9vBkTCp2UQIavz,Dreams - 2004 Remaster,Fleetwood Mac,28,0,-2,IE,2025-06-11,91,False,257800,Rumours (Super Deluxe),1977-02-04,0.828,0.492,0,-9.744,1,0.0276,0.0644,0.00428,0.128,0.789,120.151,4
7B3BwNecBhKvNwSMOOl7Gk,Fame is a Gun,Addison Rae,29,-7,21,IE,2025-06-11,76,False,183237,Addison,2025-06-06,0.692,0.399,3,-7.325,0,0.035,0.165,0.00109,0.1,0.411,137.976,4
6KFQdIB3njXBQNcg1xUh9U,One Thing,Lola Young,30,0,12,IE,2025-06-11,86,True,208829,One Thing,2025-05-16,0.751,0.663,5,-6.456,0,0.0443,0.0875,0.0143,0.091,0.921,98.029,4
2SCOF4MRhfSyAX5l7qniqo,Lonely Island,Amble,31,-5,-6,IE,2025-06-11,59,False,238613,Reverie,2025-05-23,0.49,0.363,4,-7.72,1,0.0368,0.761,0.00692,0.11,0.34,118.057,4
0mflMxspEfB0VbI1kyLiAv,Stick Season,Noah Kahan,32,3,1,IE,2025-06-11,88,False,182346,Stick Season,2022-10-14,0.664,0.5,9,-6.935,1,0.0651,0.799,0.0,0.0966,0.801,117.896,4
3cZajhyr8LmtPfHZ9296tj,No Broke Boys,"Disco Lines, Tinashe",33,12,17,IE,2025-06-11,71,True,163994,No Broke Boys,2025-06-06,0.767,0.834,1,-7.415,0,0.0315,0.34,0.111,0.0901,0.962,130.999,4
3xOi0YhDREKRURFHoNaAOQ,Nine Ball,Zach Bryan,34,-1,14,IE,2025-06-11,83,False,169940,Boys Of Faith,2023-09-22,0.597,0.658,7,-4.38,1,0.044,0.11,0.0,0.131,0.38,134.545,4
3kPNkracUxYvwpzkdpHMQQ,Dior (feat. Chrystal),"MK, Chrystal",35,-1,15,IE,2025-06-11,51,False,169159,Dior (feat. Chrystal),2025-06-06,0.753,0.833,0,-5.256,1,0.0442,0.00189,0.000255,0.341,0.481,128.028,4
1wOp7yTVyH176bW1z9WAiv,Carry You Home,Alex Warren,36,2,-4,IE,2025-06-11,88,False,166880,"You'll Be Alright, Kid (Chapter 1)",2024-09-26,0.525,0.66,10,-7.094,1,0.111,0.468,3.3e-06,0.128,0.458,123.787,4
27w0RH5IDt6xU3B2j7QOuy,Favourite,Fontaines D.C.,37,-1,-7,IE,2025-06-11,73,False,256066,Romance,2024-08-23,0.353,0.875,1,-5.14,0,0.0343,0.000114,1.13e-06,0.361,0.424,76.003,4
5G2f63n7IPVPPjfNIGih7Q,Taste,Sabrina Carpenter,38,5,1,IE,2025-06-11,92,False,157279,Short n' Sweet,2024-08-23,0.674,0.907,3,-4.086,1,0.064,0.101,0.0,0.297,0.721,112.964,4
1CS7Sd1u5tWkstBhpssyjP,Take Me to Church,Hozier,39,8,11,IE,2025-06-11,84,False,241693,Hozier (Expanded Edition),2014-09-19,0.566,0.664,4,-5.303,0,0.0464,0.634,0.0,0.116,0.437,128.945,4
541sN2qNfIlllGn9nGOQoC,Revolving door,Tate McRae,40,-8,-18,IE,2025-06-11,91,True,180032,So Close To What,2025-02-21,0.452,0.737,6,-6.22,1,0.27,0.354,0.0,0.105,0.179,147.822,4
4wJ5Qq0jBN4ajy7ouZIV1c,APT.,"ROSÉ, Bruno Mars",41,-1,-3,IE,2025-06-11,89,False,169917,rosie,2024-12-06,0.777,0.783,0,-4.477,0,0.26,0.0283,0.0,0.355,0.939,149.027,4
2Dct3GykKZ58hpWRFfe2Qd,Heading South,Zach Bryan,42,-1,8,IE,2025-06-11,85,True,171692,Heading South,2019-09-30,0.68,0.246,4,-14.112,1,0.058,0.783,0.0,0.106,0.388,110.23,4
6Qyc6fS4DsZjB2mRW9DsQs,Iris,The Goo Goo Dolls,43,-6,-15,IE,2025-06-11,94,False,289533,Dizzy up the Girl,1998-01-01,0.315,0.715,11,-8.072,0,0.0362,0.00125,7.97e-06,0.0942,0.497,155.925,3
0GRc3eGTg8HBdWLRGYgqIc,Azizam,Ed Sheeran,44,0,-10,IE,2025-06-11,92,False,162029,Azizam,2025-04-04,0.663,0.899,6,-5.103,1,0.0473,0.00255,0.0,0.065,0.876,127.998,4
2HRqTpkrJO5ggZyyK6NPWz,Espresso,Sabrina Carpenter,45,4,1,IE,2025-06-11,91,True,175459,Short n' Sweet,2024-08-23,0.699,0.776,0,-5.282,1,0.0293,0.131,5.36e-06,0.205,0.708,103.963,4
5ITV0zqzjOYfFWpW0xBmRa,Show Me Love,"WizTheMc, bees & honey",46,0,-11,IE,2025-06-11,94,False,176965,Show Me Love,2025-02-07,0.714,0.691,1,-7.333,1,0.0434,0.0212,0.000292,0.111,0.155,107.15,4
3U5JVgI2x4rDyHGObzJfNf,Unwritten,Natasha Bedingfield,47,-8,-16,IE,2025-06-11,90,False,259333,Unwritten,2004-08-30,0.706,0.8,5,-6.333,1,0.0399,0.00584,0.0,0.0822,0.629,100.011,4
0gQpTmVvkNauZzh5YSIrHY,Take A Sexy Picture Of Me,CMAT,48,2,2,IE,2025-06-11,72,False,229933,Take A Sexy Picture Of Me,2025-05-07,0.627,0.819,8,-4.469,1,0.0404,0.203,0.0,0.0645,0.837,103.923,4
2FAZskT9yRjp2Oow9szJD8,The Days - NOTION Remix,"Chrystal, NOTION",49,1,-9,IE,2025-06-11,92,False,233229,The Days (NOTION Remix),2024-11-08,0.62,0.843,6,-5.321,0,0.0844,0.0062,4.63e-06,0.55,0.237,137.812,4
3x3K1RP3Zfi2qeMR8kyrNO,Sorry I'm Here For Someone Else,Benson Boone,50,-2,-3,IE,2025-06-11,91,False,156582,Sorry I'm Here For Someone Else,2025-02-27,0.533,0.758,2,-4.613,1,0.034,0.0437,0.0,0.16,0.515,149.719,4
4e6TmHCC4PRUj75knNplNP,Mangu,"Fourtwnty, Charita Utami",1,0,0,ID,2025-06-11,87,False,261048,Nalar,2023-04-18,0.534,0.295,7,-8.733,1,0.0238,0.647,2.96e-06,0.0794,0.197,94.048,4
2OxvanM5m1Na9OVlXyXmUp,Lesung Pipi,Raim Laode,2,0,0,ID,2025-06-11,88,False,225153,Lesung Pipi,2023-08-31,0.6,0.375,0,-10.668,1,0.0316,0.465,0.0,0.542,0.401,135.816,4
1UPB5rYJ0bzn6mNSoAHrZC,You'll Be in My Heart,NIKI,3,0,0,ID,2025-06-11,93,False,241776,You'll Be In My Heart,2022-09-14,0.486,0.613,9,-8.748,1,0.0394,0.0569,0.00139,0.126,0.633,187.531,4
0daEJMXc3b4ZMTnvtHpuTt,Nina,.Feast,4,1,0,ID,2025-06-11,82,False,277944,Membangun & Menghancurkan,2024-08-30,0.457,0.63,2,-5.826,1,0.0268,0.183,0.438,0.0879,0.332,90.009,4
0PtJbtW50jcvvswNPn3QGd,Serana,For Revenge,5,1,0,ID,2025-06-11,84,False,250000,Perayaan Patah Hati - Babak 1,2022-09-06,0.439,0.652,2,-5.403,1,0.0293,0.0624,0.372,0.126,0.247,130.029,4
1RaJdXCj61oSRUUciGKoWe,bergema sampai selamanya,Nadhif Basalamah,6,-2,2,ID,2025-06-11,85,False,198567,bergema sampai selamanya,2025-01-31,0.263,0.506,8,-5.843,1,0.0341,0.761,0.0274,0.0626,0.209,159.852,4
654ZF6YNWjQS2NhwR3QnX7,Komang,Raim Laode,7,0,-1,ID,2025-06-11,85,False,222706,Komang,2022-08-16,0.696,0.413,7,-8.548,1,0.027,0.396,5.92e-05,0.0998,0.344,133.905,4
2wAiFWjRupWmnDkQcu91MF,Rumah Ke Rumah,Hindia,8,3,1,ID,2025-06-11,84,False,277457,Menari Dengan Bayangan,2019-11-29,0.72,0.786,11,-7.396,1,0.0319,0.456,0.616,0.186,0.488,116.032,4
1zu5ZpnrSArdoaT6Qq3yo9,Monolog,Pamungkas,9,6,3,ID,2025-06-11,82,False,207216,Walk the Talk,2018-07-20,0.476,0.578,4,-9.252,1,0.0312,0.108,0.558,0.131,0.298,96.98,4
4XHijJfABTtUCW3Bp6KFvr,Tarot,.Feast,10,-1,17,ID,2025-06-11,80,False,288981,Membangun & Menghancurkan,2024-08-30,0.577,0.745,9,-4.772,1,0.0367,0.0154,0.0233,0.108,0.469,115.025,4
5rhwXZP0luMucnEPnYJpbI,Kasih Aba Aba,"Naykilla, Tenxi, Jemsii",11,3,4,ID,2025-06-11,80,False,176608,Kasih Aba Aba,2025-04-28,0.964,0.539,1,-6.095,0,0.0557,0.299,0.0,0.102,0.692,115.019,4
1ylY6UrF7cmOZ9GDOxrfk8,Bila Kau Tak Disampingku,Sheila On 7,12,0,-1,ID,2025-06-11,84,False,256173,Kisah Klasik Untuk Masa Depan,2000-10-04,0.71,0.669,1,-8.961,1,0.0302,0.00619,0.000104,0.124,0.826,119.993,4
2ECbN3xQ7M6B7AI9BhhCy7,Stecu Stecu,Faris Adam,13,-3,-3,ID,2025-06-11,84,False,223750,Stecu Stecu,2025-03-05,0.832,0.825,8,-4.951,1,0.0601,0.119,0.0,0.133,0.915,103.011,4
7J0isBrUxhIYZVdrBOOlIh,Cincin,Hindia,14,3,9,ID,2025-06-11,83,False,266330,Lagipula Hidup Akan Berakhir,2023-07-07,0.531,0.882,4,-4.205,0,0.0559,0.00445,0.0,0.621,0.476,155.024,4
3y8RcMPYG22fRnrOi4oFJ1,Nanti Kita Seperti Ini,Batas Senja,15,4,-1,ID,2025-06-11,82,False,209647,Nanti Kita Seperti Ini,2022-09-27,0.532,0.428,0,-7.256,1,0.0249,0.299,0.000333,0.0964,0.399,84.943,4
6Hii26x3qDErVitnGW8QtO,Runtuh,"Feby Putri, Fiersa Besari",16,0,-3,ID,2025-06-11,83,False,223973,Runtuh,2021-10-01,0.593,0.287,3,-13.164,1,0.0289,0.876,0.000136,0.119,0.191,127.783,4
6AyBbSvcR2ZwTeR30I4jb9,Jakarta Hari Ini,"For Revenge, Stereo Wall",17,3,2,ID,2025-06-11,80,False,221000,Perayaan Patah Hati - Babak 1,2022-09-06,0.529,0.804,5,-5.126,1,0.0386,0.28,0.0,0.101,0.176,113.996,4
6xeqCawPZngDVqw2W2aGaR,Kembali Pulang,"Suara Kayu, Feby Putri",18,-5,0,ID,2025-06-11,82,False,207898,Kembali Pulang,2022-10-28,0.559,0.236,1,-10.619,1,0.0282,0.95,0.00673,0.105,0.33,141.977,3
1wfbqUSPWbnPjkiBA9UmoF,Kita Usahakan Lagi,Batas Senja,19,-11,-12,ID,2025-06-11,82,False,233916,Kita Usahakan Lagi,2025-04-11,0.516,0.551,4,-7.119,1,0.0254,0.219,0.0341,0.156,0.449,144.812,4
26KhLgFuPymkm1uiZkc6Rv,Bunga Maaf,The Lantis,20,1,-4,ID,2025-06-11,84,False,252349,Bunga Maaf,2024-11-15,0.468,0.525,9,-7.399,1,0.0283,0.789,0.0244,0.0861,0.296,158.15,4
0O6g2QFUhuLqRzGqhyzrIu,Hitam Putih,Fourtwnty,21,1,-4,ID,2025-06-11,82,False,251000,Lelaku,2015-04-20,0.517,0.329,2,-10.699,1,0.033,0.785,1.91e-05,0.0823,0.148,119.863,4
630DpnzdfjdVqv2yLfPbAX,Bertaut,Nadin Amizah,22,1,0,ID,2025-06-11,82,False,315960,Selamat Ulang Tahun,2020-05-28,0.471,0.131,6,-13.29,1,0.0362,0.933,0.00245,0.109,0.115,118.846,3
2dIBMHByUGcNPzmYBJ6OAj,Evaluasi,Hindia,23,1,8,ID,2025-06-11,81,False,194469,Menari Dengan Bayangan,2019-11-29,0.609,0.966,7,-4.469,1,0.0571,0.00194,2.83e-06,0.304,0.505,102.014,4
7lulQZKlbZzBKsK4rfP8h5,PICA PICA,Juan Reza,24,-6,1,ID,2025-06-11,82,False,204238,PICA PICA,2025-03-17,0.864,0.921,9,-7.17,1,0.0311,0.0487,0.0,0.193,0.969,105.004,4
3be9ACTxtcL6Zm4vJRUiPG,blue,yung kai,25,2,9,ID,2025-06-11,92,False,214357,blue,2024-08-02,0.746,0.317,4,-11.982,1,0.0342,0.933,0.0186,0.121,0.585,97.49,3
6dOtVTDdiauQNBQEDOtlAB,BIRDS OF A FEATHER,Billie Eilish,26,3,10,ID,2025-06-11,100,False,210373,HIT ME HARD AND SOFT,2024-05-17,0.747,0.507,2,-10.171,1,0.0358,0.2,0.0608,0.117,0.438,104.978,4
5WOSNVChcadlsCRiqXE45K,everything u are,Hindia,27,1,23,ID,2025-06-11,81,False,236489,"Doves, '25 on Blank Canvas",2025-02-24,0.49,0.878,2,-4.47,1,0.0477,0.0293,0.0,0.281,0.552,156.004,4
0FTmksd2dxiE5e3rWyJXs6,back to friends,sombr,28,2,22,ID,2025-06-11,98,False,199032,back to friends,2024-12-27,0.436,0.723,1,-2.291,1,0.0301,9.37e-05,8.82e-05,0.0929,0.235,92.855,4
5NmjnghJGJRFg34KGGx8O0,Seandainya,Vierra,29,11,-8,ID,2025-06-11,82,False,263407,My First Love,2011-06-01,0.252,0.827,2,-4.971,1,0.0321,0.0836,0.000287,0.219,0.477,93.968,3
4bf1MapeofdB3XKUqDMUOm,Kau Masih Kekasihku,NaFF,30,-5,20,ID,2025-06-11,80,False,285173,Isyarat Hati,2006-03-27,0.501,0.522,7,-6.867,1,0.0332,0.299,0.0,0.302,0.243,145.969,4
63VnhcHMnTPCcd24oVajL6,semua lagu cinta terdengar sama,Hindia,31,4,17,ID,2025-06-11,81,False,238514,"Doves, '25 on Blank Canvas",2025-02-24,0.431,0.713,7,-5.887,1,0.0427,0.627,0.000788,0.0849,0.202,160.042,4
6i9Ci0IN1q1GcnhdbKU7kZ,penjaga hati,Nadhif Basalamah,32,12,11,ID,2025-06-11,76,False,260346,Nadhif,2024-06-21,0.509,0.359,2,-8.993,1,0.0279,0.879,0.0289,0.19,0.329,155.799,4
5MIpcd16T59wFeqAChSYwC,Duka,Last Child,33,0,-4,ID,2025-06-11,83,False,325147,Duka,2016-09-25,0.566,0.885,0,-4.664,1,0.0355,0.122,3.75e-06,0.049,0.31,135.015,4
6wj06az0WX7fClA2w319dO,Kata Mereka Ini Berlebihan,Bernadya,34,4,8,ID,2025-06-11,79,False,191141,"Sialnya, Hidup Harus Tetap Berjalan",2024-06-23,0.397,0.444,9,-9.794,1,0.0371,0.877,0.0263,0.115,0.215,78.335,4
21IYMdzTrzSe191Cy5eMap,Sailor Song,Gigi Perez,35,2,5,ID,2025-06-11,89,False,211978,"At The Beach, In Every Life",2025-04-25,0.499,0.392,11,-10.441,1,0.0262,0.627,7.1e-05,0.192,0.272,95.076,4
12clal6pCQGwrFWQ5TccDN,Tak Ada Ujungnya,Rony Parulian,36,3,10,ID,2025-06-11,73,False,202721,Rahasia Pertama,2025-05-01,0.388,0.66,9,-5.166,1,0.0312,0.432,0.0298,0.126,0.38,163.841,4
1ZPVEo8RfmrEz8YAD5n6rW,Lantas,Juicy Luicy,37,8,1,ID,2025-06-11,82,False,234204,Sentimental,2020-11-06,0.588,0.311,8,-8.143,1,0.025,0.791,0.0,0.352,0.545,86.022,4
3GdN5n6p34yFMd12WKq8jL,Penyangkalan,For Revenge,38,-12,-12,ID,2025-06-11,82,False,240607,Penyangkalan,2024-07-16,0.443,0.81,11,-4.541,0,0.0327,0.00192,0.0,0.325,0.517,77.001,4
1MdjZzEInrmDBXf8zs0nKS,Dan...,Sheila On 7,39,-7,-15,ID,2025-06-11,82,False,288706,Sheila On 7,1999-07-14,0.659,0.54,8,-12.051,1,0.026,0.156,0.0108,0.106,0.536,125.04,4
3QaPy1KgI7nu9FJEQUgn6h,WILDFLOWER,Billie Eilish,40,3,9,ID,2025-06-11,96,False,261466,HIT ME HARD AND SOFT,2024-05-17,0.467,0.247,6,-12.002,0,0.0431,0.612,0.000271,0.17,0.126,148.101,4
1hlHeIZ36Idpr57xPI8OCD,Garam & Madu (Sakit Dadaku),"Tenxi, Jemsii, Naykilla",41,1,-8,ID,2025-06-11,84,False,184320,Garam & Madu (Sakit Dadaku),2025-01-03,0.915,0.776,3,-5.119,0,0.05,0.354,0.000597,0.206,0.46,124.969,4
1mruWrUwAVe2XkksUQiaHK,Selamat (Selamat Tinggal),"Virgoun, Audy",42,-6,-10,ID,2025-06-11,81,False,313670,Selamat (Selamat Tinggal),2019-06-17,0.361,0.581,0,-8.502,1,0.0302,0.523,5.42e-06,0.118,0.372,79.59,4
2UgCs0i0rNHUH2jKE5NZHE,Sempurna,Andra & The Backbone,43,4,-4,ID,2025-06-11,81,False,268422,Andra & The Backbone,2006-12-28,0.358,0.32,4,-9.946,1,0.0308,0.726,0.0,0.105,0.384,115.499,3
1fDFHXcykq4iw8Gg7s5hG9,About You,The 1975,44,4,6,ID,2025-06-11,87,False,326490,Being Funny In A Foreign Language,2022-10-14,0.416,0.762,2,-7.385,1,0.0279,0.312,0.804,0.0559,0.461,95.967,4
2WXXgjU6foIi4FBIPDMf9t,"o,Tuan",.Feast,45,-14,5,ID,2025-06-11,79,False,305868,Membangun & Menghancurkan,2024-08-30,0.53,0.628,2,-7.608,0,0.0287,0.0553,0.122,0.0737,0.224,131.037,4
26cvTWJq2E1QqN4jyH2OTU,Tak Segampang Itu,Anggi Marito,46,3,-18,ID,2025-06-11,82,False,231100,Tak Segampang Itu,2022-12-02,0.506,0.438,5,-7.069,1,0.0268,0.759,8.64e-06,0.109,0.178,129.538,4
0qjuyXWrksQxIRntqz9ZJV,Tanpa Cinta,Yovie & Nuno,47,-13,-2,ID,2025-06-11,80,False,256385,Still The One,2014-04-14,0.443,0.507,7,-5.807,1,0.0268,0.596,0.00152,0.126,0.258,136.126,4
6zrnrcry6OHVFo3EDt6PYa,Rahasia Hati,Nidji,48,-7,-4,ID,2025-06-11,76,False,250682,King of Soundtrack,2014-03-03,0.571,0.643,8,-7.358,1,0.0338,0.461,0.0144,0.14,0.351,123.976,4
6gjkHuMOR0CrN7Vb2NoEdg,Anugerah Terindah,Andmesh,49,-3,-19,ID,2025-06-11,78,False,282200,Cinta & Doa,2023-09-22,0.586,0.339,0,-7.895,1,0.027,0.754,0.0,0.0955,0.211,109.916,4
3FwQ3RYYEekzjEeL3jdpUZ,Pesan Terakhir,Lyodra,50,0,-15,ID,2025-06-11,82,False,261299,Lyodra,2021-07-16,0.522,0.357,2,-8.579,1,0.0299,0.432,3.31e-06,0.094,0.14,120.049,4
3yLlQXH3AucZNk0SEB80Kc,Vinnipu,DESH,1,0,1,HU,2025-06-11,64,True,108746,Vinnipu,2025-05-14,0.703,0.777,1,-3.922,1,0.0603,0.0205,1.5e-05,0.032,0.768,168.102,4
7ovp4mzdzQJHTrRiTyaaAY,BE VAGYOK ZÁRVA,Beton.Hofi,2,0,-1,HU,2025-06-11,67,False,131779,BE VAGYOK ZÁRVA,2025-05-05,0.722,0.756,8,-4.51,1,0.185,0.052,0.0,0.214,0.274,92.728,4
7ol1qsH3u5MpgoEwuAh8ES,Talpra cigányok,DESH,3,1,0,HU,2025-06-11,67,True,146808,Talpra cigányok,2025-04-25,0.732,0.528,11,-5.54,0,0.429,0.0464,0.0,0.134,0.874,187.925,4
68SnGU5Oa3SEV7y8w1L9bk,SÖTÉT,Dzsúdló,4,1,0,HU,2025-06-11,65,False,144203,SÖTÉT,2025-05-16,0.832,0.746,5,-4.538,0,0.0373,0.225,0.0,0.286,0.692,130.034,4
5v1qS9RS2g42zeXHevEdYn,PANNONIA,"DESH, Young Fly, Azahriah",5,-2,0,HU,2025-06-11,65,False,147120,BAKPAKK,2024-07-26,0.923,0.762,10,-4.36,0,0.13,0.12,0.0,0.121,0.785,124.959,4
6jIOiFrWhqvDGzwONFKl3j,SUV,"DESH, Young Fly",6,0,0,HU,2025-06-11,65,False,109455,BAKPAKK,2024-07-26,0.913,0.573,11,-3.479,1,0.0875,0.145,0.0,0.0777,0.7,101.037,4
52kBWybNy033009vfeYu5n,díva,"Dzsúdló, DESH",7,0,0,HU,2025-06-11,64,True,135818,rabiga,2024-08-10,0.712,0.451,1,-10.698,1,0.134,0.00482,0.894,0.111,0.475,160.059,4
7lIfQpi27wkoNeNJ6qtt3p,POKOL,Beton.Hofi,8,1,0,HU,2025-06-11,59,True,185783,POKOL,2025-05-26,0.619,0.763,1,-5.537,1,0.254,0.0202,1.44e-05,0.119,0.291,83.046,4
6dd2fGbktU3zOHHWK58nto,BAKPAKK,"DESH, Young Fly, Azahriah",9,-1,1,HU,2025-06-11,62,True,167687,BAKPAKK,2024-07-08,0.899,0.738,6,-5.318,1,0.0743,0.0762,0.0,0.101,0.922,105.008,4
2fbc4RDPWdcZC5NVHYGWOA,PLEKNI,"KKevin, VINI",10,2,40,HU,2025-06-11,50,True,173653,PLEKNI,2025-06-05,0.806,0.701,1,-4.023,1,0.228,0.0591,0.0,0.454,0.843,103.981,4
2RkZ5LkEzeHGRsmDqKwmaJ,Ordinary,Alex Warren,11,0,0,HU,2025-06-11,95,False,186964,"You'll Be Alright, Kid (Chapter 1)",2024-09-26,0.368,0.694,2,-6.141,1,0.06,0.704,6.59e-06,0.055,0.391,168.115,3
0Ro1NBqAymTPeQuHVNOekw,MEGGYFÁN,"Beton.Hofi, ANUBII$",12,4,2,HU,2025-06-11,61,True,146400,0,2024-03-08,0.796,0.693,4,-8.047,0,0.259,0.0169,0.00135,0.193,0.584,87.943,4
1E2flGJxXQNeBLRqQXiAsK,Rampapapam,"DESH, Young Fly, Azahriah, Lord Panamo",13,-3,2,HU,2025-06-11,61,True,189354,CARPE DIEM,2023-07-21,0.835,0.856,4,-5.102,0,0.0891,0.084,0.0114,0.0544,0.614,93.008,4
3u582Ft7ws5CvUxCsBHxwT,MOKKA,"DESH, Young Fly",14,1,2,HU,2025-06-11,61,False,163375,MOKKA,2024-07-26,0.806,0.866,8,-4.404,0,0.0864,0.134,0.0,0.11,0.733,119.966,4
2yWlGEgEfPot0lv3OAjuG3,Just Keep Watching (From F1® The Movie),"Tate McRae, F1 The Album",15,3,-3,HU,2025-06-11,91,False,142550,Just Keep Watching (From F1® The Movie),2025-05-30,0.656,0.796,9,-5.856,0,0.113,0.0767,0.0,0.509,0.425,129.956,4
0PAoh7yFiKicaNCqw1mLRu,Egy éjszaka,DESH,16,3,-7,HU,2025-06-11,60,True,126534,Egy éjszaka,2025-05-06,0.859,0.717,5,-5.38,0,0.0591,0.252,7.08e-06,0.0463,0.925,100.971,4
6DmpM21b070AdtXm7Lc370,Strawberry,DESH,17,-4,-4,HU,2025-06-11,61,True,162333,Strawberry,2024-05-02,0.803,0.844,10,-5.375,0,0.318,0.176,0.0,0.154,0.632,90.17,4
40CivnFDKYVbvhIpcXAcNB,Nosztalgia,Manuel,18,5,6,HU,2025-06-11,60,False,189320,Orgonabokor,2025-02-14,0.558,0.788,5,-5.005,0,0.0315,0.082,2.1e-06,0.256,0.854,206.094,4
7A65mp4YCD2HyrYZ7DGIW9,BANDANA,"KKevin, DESH, Young Fly",19,-5,4,HU,2025-06-11,60,True,186808,BANDANA,2024-07-31,0.709,0.364,8,-7.783,1,0.0888,0.145,0.0,0.196,0.53,94.077,4
4HCxfqE1kajYIor6uYHrVP,Rajosan 3,"Mario, Essemm, Beat",20,5,-2,HU,2025-06-11,59,True,176969,III,2025-04-17,0.531,0.83,11,-4.563,0,0.387,0.505,0.0,0.302,0.544,197.847,4
3Mls3f2j9xGRqRRsoKA0Ef,Felednéd,"Azahriah, DESH",21,-1,1,HU,2025-06-11,60,False,181530,A ló túloldalán,2022-05-20,0.734,0.69,4,-5.662,1,0.0639,0.187,0.000155,0.0884,0.566,98.008,4
5ITV0zqzjOYfFWpW0xBmRa,Show Me Love,"WizTheMc, bees & honey",22,0,-5,HU,2025-06-11,94,False,176965,Show Me Love,2025-02-07,0.714,0.691,1,-7.333,1,0.0434,0.0212,0.000292,0.111,0.155,107.15,4
0FTmksd2dxiE5e3rWyJXs6,back to friends,sombr,23,3,7,HU,2025-06-11,98,False,199032,back to friends,2024-12-27,0.436,0.723,1,-2.291,1,0.0301,9.37e-05,8.82e-05,0.0929,0.235,92.855,4
18DVypBkvcJtVFzQr5Ly7J,BAGIRA,"Beton.Hofi, Hundred Sins",24,3,-3,HU,2025-06-11,57,False,124273,PLAYBÁNIA,2022-09-01,0.678,0.825,11,-5.422,0,0.299,0.194,0.0,0.694,0.51,86.11,4
42UBPzRMh5yyz0EDPr6fr1,Manchild,Sabrina Carpenter,25,5,25,HU,2025-06-11,89,True,213645,Manchild,2025-06-05,0.731,0.685,7,-5.087,1,0.0572,0.122,0.0,0.317,0.811,123.01,4
2lQkm39mnvJWhEABSRduHx,Lidokain,"BSW, ByeAlex és a Slepp",26,-5,-1,HU,2025-06-11,59,False,177600,Lidokain,2024-08-13,0.891,0.698,2,-6.507,1,0.12,0.21,6.68e-05,0.0749,0.271,100.026,4
4WFgvKVfEhb3IUAFGrutTR,Love Me Not,Ravyn Lenae,27,2,4,HU,2025-06-11,91,False,213466,Bird's Eye,2024-08-09,0.779,0.731,0,-6.176,1,0.0306,0.296,0.0,0.128,0.814,114.001,4
2V5x33qFjc72hmrrtG6ujv,CHOCO MOMMY,"DESH, Young Fly",28,7,9,HU,2025-06-11,58,True,113046,BAKPAKK,2024-07-26,0.778,0.875,5,-4.381,0,0.0535,0.378,0.0012,0.105,0.806,116.036,4
17WGfCmpgardtW5rRbaE7T,"Csurran, cseppen",Majka,29,-12,-9,HU,2025-06-11,61,True,250000,"Csurran, cseppen",2025-01-17,0.739,0.85,0,-2.745,0,0.226,0.125,0.0,0.0904,0.391,102.933,4
4MEOjiTkrNxNs160x45p2p,Túl szép,Hien,30,-6,-11,HU,2025-06-11,59,False,200543,Játék Az Egész,2009-10-11,0.879,0.849,1,-8.2,0,0.041,0.0949,0.0,0.104,0.805,120.011,4
1BXp9PwKtW5AKD0QDdaPSw,Osztriga,DESH,31,-3,-4,HU,2025-06-11,58,False,126930,A bús barista balladái,2023-11-16,0.773,0.669,4,-5.514,0,0.122,0.0964,0.0,0.209,0.736,101.06,4
4AajxCEwGEsmHmT4H1TwjY,undressed,sombr,32,0,-3,HU,2025-06-11,96,False,182088,undressed,2025-03-21,0.642,0.887,0,-3.883,1,0.0406,0.137,0.0,0.0829,0.888,115.999,4
2zIijzos3rNY6DkvX2ZYDX,Úgy Hiszem,Pogány Induló,33,7,-5,HU,2025-06-11,59,True,199183,Vagy Mindent Vagy Semmit,2024-02-02,0.812,0.598,5,-10.769,0,0.196,0.177,7.58e-05,0.135,0.534,146.995,4
2KViM7OZzQU9mLWxJxHJWG,Afro Beat,"Pogány Induló, ANUBII$",34,-1,2,HU,2025-06-11,57,True,192000,Megáll Az Idő,2023-02-25,0.858,0.436,8,-12.827,0,0.108,0.0481,0.353,0.0646,0.0988,125.002,4
7lemjnVRAqQtqqLdSqCKqM,Mind1,"Azahriah, DESH",35,-4,6,HU,2025-06-11,57,False,191538,A ló túloldalán,2022-05-20,0.741,0.658,2,-8.631,1,0.0718,0.548,0.0,0.119,0.467,103.94,4
1LuXPfE3lgAzS8w5IcHAbL,SOFIA COPPOLA,"Beton.Hofi, ANUBII$",36,9,6,HU,2025-06-11,57,False,213600,0,2024-03-08,0.783,0.727,4,-7.246,0,0.169,0.201,0.000107,0.113,0.313,123.011,4
6eaaIxWaso3ooRdPDS5PuN,Rollin',"DESH, Young Fly, KKevin",37,0,13,HU,2025-06-11,55,True,199719,Rollin',2023-07-07,0.753,0.584,1,-6.877,0,0.112,0.377,0.000587,0.0892,0.892,89.022,4
5kYCuv93MHR0w7Gs3CG5F6,KETTŐ/KETTŐ,Pogány Induló,38,-2,-3,HU,2025-06-11,59,True,177791,KETTŐ/KETTŐ,2025-03-21,0.597,0.621,1,-8.704,1,0.355,0.322,2.93e-06,0.103,0.317,134.171,4
0QCIpQV3twfqo9kh0t8Zza,Shake It To The Max (FLY) - Remix,"MOLIY, Silent Addy, Skillibeng, Shenseea",39,-1,-6,HU,2025-06-11,93,True,178775,Shake It To The Max (FLY) (Remix),2025-02-21,0.856,0.548,0,-6.609,0,0.123,0.561,0.0,0.155,0.562,97.997,4
1wYyJvMvmVUpCi7MA41HB8,LEVÉL,DESH,40,3,0,HU,2025-06-11,58,False,157688,LEVÉL,2024-12-12,0.72,0.732,9,-4.649,1,0.0462,0.409,0.0,0.166,0.498,95.073,4
3ObcOmEWDsBKLeqxoyxVzu,GIN TONIC,"L.L. Junior, Azahriah",41,-7,-15,HU,2025-06-11,58,False,208275,GIN TONIC,2025-05-02,0.447,0.597,7,-5.121,0,0.284,0.349,0.0,0.157,0.479,172.956,3
5nPbKG04fhLkIAjcPFaZq7,I Adore You (feat. Daecolm),"HUGEL, Topic, Arash, Daecolm",42,2,-4,HU,2025-06-11,89,False,214000,I Adore You (feat. Daecolm),2024-07-19,0.704,0.787,11,-6.751,0,0.0462,0.00926,0.00538,0.159,0.31,119.996,4
7ETIZFr7163zFcz3RxKk5O,The First Time,Damiano David,43,7,-11,HU,2025-06-11,83,False,218266,FUNNY little FEARS,2025-05-16,0.545,0.899,9,-3.818,1,0.121,0.00194,0.0,0.279,0.656,128.779,4
61lwlMPrt7VfUsVDjTWJF2,KINT VAGYOK A SORON,"Beton.Hofi, ANUBII$, Pogány Induló, VZS",44,6,0,HU,2025-06-11,56,True,184100,0,2024-03-08,0.94,0.612,1,-10.111,1,0.315,0.082,0.000812,0.0838,0.828,102.979,4
5pYNDOTIoZZ5ab77vb8EO3,Rét,"Azahriah, DESH",45,-3,-6,HU,2025-06-11,58,False,179234,Rét,2021-01-01,0.474,0.711,0,-6.94,1,0.0862,0.438,0.0,0.107,0.722,81.993,4
28VVWdNsM6l05eOiJfth5X,SANDELA,HENN,46,4,4,HU,2025-06-11,56,True,177526,SANDELA,2023-12-31,0.648,0.609,6,-10.664,0,0.18,0.19,0.0,0.141,0.711,98.583,4
1tI1LGUz4fZg8es7toVK6K,Passport,BSW,47,1,-2,HU,2025-06-11,58,False,137614,Lidokain,2024-12-08,0.871,0.87,5,-4.091,1,0.148,0.233,2.19e-05,0.225,0.821,109.042,4
0XUClHXrjQYhATEItePqfT,HOLNAP MEGÁLLNAK AZ ÓRÁK,"Beton.Hofi, Hundred Sins, laurie., Dom Beats",48,-7,-5,HU,2025-06-11,56,False,221538,0,2024-03-08,0.431,0.892,0,-4.987,0,0.429,0.0673,7.5e-05,0.419,0.64,181.961,4
7CMqBgZAFANJNyQueevWvR,Frida Kahlo,"Carson Coma, Beton.Hofi",49,1,1,HU,2025-06-11,55,True,163107,Frida Kahlo,2024-03-01,0.449,0.903,2,-5.362,1,0.149,0.0119,0.0,0.352,0.636,184.116,4
2WQ09wqQBIOor7Q0VpIDBK,Rock That Body,Black Eyed Peas,50,0,0,HU,2025-06-11,81,False,268840,THE E.N.D. (THE ENERGY NEVER DIES) [Deluxe Version],2009-01-01,0.715,0.907,7,-6.025,0,0.0993,0.0172,8.39e-05,0.426,0.841,124.991,4
27xkOIER6uDLKALIelHylZ,Don’t Say You Love Me,Jin,1,0,0,HN,2025-06-11,93,False,180716,Echo,2025-05-16,0.729,0.562,8,-5.49,1,0.0304,0.484,0.0,0.105,0.757,111.976,4
6iOndD4OFo7GkaDypWQIou,La Plena - W Sound 05,"W Sound, Beéle, Ovy On The Drums",2,0,0,HN,2025-06-11,95,True,150001,La Plena (W Sound 05),2025-02-19,0.894,0.643,5,-3.485,1,0.132,0.543,0.000984,0.101,0.659,99.039,4
1HEwEN64NjgTaHmo7LfkX8,no tiene sentido,Beéle,3,1,5,HN,2025-06-11,89,False,158036,BORONDO,2025-05-15,0.671,0.596,2,-7.565,0,0.0556,0.0871,1.97e-05,0.119,0.497,121.976,4
6eLQXa6uk2EW8drsiKbABZ,TU SANCHO,Fuerza Regida,4,-1,-1,HN,2025-06-11,90,True,177994,111XPANTIA,2025-05-02,0.689,0.84,8,-6.423,1,0.0457,0.576,0.0,0.126,0.631,120.012,3
4oB8Xd7gMlUEtWoD8bmCXW,Morena,"Neton Vega, Peso Pluma",5,0,1,HN,2025-06-11,92,False,193728,Mi Vida Mi Muerte,2025-02-14,0.697,0.776,4,-7.409,0,0.0308,0.379,0.00148,0.341,0.189,118.007,3
3hpm0fTeSqlhJbnqAgaLZs,Marlboro Rojo,Fuerza Regida,6,0,-1,HN,2025-06-11,91,True,184173,111XPANTIA,2025-05-02,0.773,0.645,4,-6.376,0,0.0349,0.342,3.38e-06,0.32,0.923,114.996,1
6J5kc12BW5HuP3d7C3vvx8,EoO,Bad Bunny,7,0,0,HN,2025-06-11,94,True,204768,DeBÍ TiRAR MáS FOToS,2025-01-05,0.36,0.464,10,-29.598,0,0.0702,0.749,0.859,0.0825,0.184,63.662,4
1PREzVLuDT6PSE9sej4wnV,COQUETA,"Fuerza Regida, Grupo Frontera",8,0,-4,HN,2025-06-11,90,False,241648,MALA MÍA,2024-12-19,0.74,0.819,1,-4.853,0,0.0866,0.244,0.0,0.107,0.884,78.975,4
7d6yK8v8J484SWH5prIQiE,VeLDÁ,"Bad Bunny, Omar Courtz, Dei V",9,0,1,HN,2025-06-11,92,True,235336,DeBÍ TiRAR MáS FOToS,2025-01-05,0.613,0.981,1,-18.638,1,0.149,0.29,0.0023,0.437,0.0337,101.852,3
4zhk2RS2EZODmBW6il55Qj,mi refe,"Beéle, Ovy On The Drums",10,1,2,HN,2025-06-11,85,False,159404,BORONDO,2025-05-15,0.637,0.648,7,-5.306,0,0.271,0.403,5.41e-05,0.119,0.441,123.108,4
2lTm559tuIvatlT1u0JYG2,BAILE INoLVIDABLE,Bad Bunny,11,-1,-2,HN,2025-06-11,96,True,367725,DeBÍ TiRAR MáS FOToS,2025-01-05,0.168,0.00332,10,-46.113,1,0.0615,0.192,0.79,0.112,0.219,119.387,3
0L5gbpFGU06vqSHacOxgka,TU TU TU,"Clave Especial, Edgardo Nuñez",12,0,-1,HN,2025-06-11,86,True,151570,MIJA NO TE ASUSTES,2025-02-20,0.768,0.816,5,-5.264,0,0.0755,0.169,5.1e-05,0.477,0.828,142.163,3
4MUrUT38U98olfnyzMBCzm,KLOuFRENS,Bad Bunny,13,1,5,HN,2025-06-11,90,True,199114,DeBÍ TiRAR MáS FOToS,2025-01-05,0.326,0.125,1,-32.45,1,0.148,0.703,0.706,0.18,0.306,106.974,4
4N1dogCaVWnGyFdPjdqNWF,COMO CAPO,"Clave Especial, Fuerza Regida",14,2,1,HN,2025-06-11,87,True,165482,MIJA NO TE ASUSTES,2025-02-20,0.767,0.768,5,-4.529,0,0.0474,0.147,0.0,0.068,0.802,133.082,3
77pDO4WZPIdkwFve0iHWnb,Por Esos Ojos,Fuerza Regida,15,0,-2,HN,2025-06-11,85,True,188064,111XPANTIA,2025-05-02,0.696,0.678,5,-7.002,0,0.0695,0.31,0.0,0.191,0.522,102.48,3
50zAEIE4B1QqhPjRMK2Xmh,Running Wild,Jin,16,-3,4,HN,2025-06-11,79,False,151646,Happy - :') (Remixes),2024-11-19,0.487,0.711,8,-4.22,1,0.0322,0.000175,0.0,0.152,0.317,146.921,4
3KgHiAVuP88QoQs9CO4z1P,TATTOO,Tito Double P,17,1,-1,HN,2025-06-11,90,True,167955,TATTOO,2025-02-27,0.755,0.747,10,-4.278,0,0.0656,0.482,5.48e-06,0.0853,0.463,109.897,3
3sK8wGT43QFpWrvNQsrQya,DtMF,Bad Bunny,18,2,1,HN,2025-06-11,97,True,237117,DeBÍ TiRAR MáS FOToS,2025-01-05,0.625,0.131,7,-27.405,0,0.0717,0.177,0.218,0.0807,0.032,136.02,4
0fea68AdmYNygeTGI4RC18,LA CANCIÓN,"J Balvin, Bad Bunny",19,13,11,HN,2025-06-11,90,False,242573,OASIS,2019-06-28,0.756,0.646,7,-5.795,1,0.319,0.152,1.81e-05,0.108,0.429,176.088,4
3D24ErT1MMmUfXWotSj2A2,ME JALO,"Fuerza Regida, Grupo Frontera",20,-3,-6,HN,2025-06-11,92,True,212002,MALA MÍA,2024-12-19,0.47,0.75,2,-5.887,0,0.112,0.216,0.0,0.169,0.62,79.814,4
2QP041AcWg8PwPIWP95RKN,top diesel,Beéle,21,-2,20,HN,2025-06-11,82,False,189456,BORONDO,2025-05-15,0.825,0.73,5,-4.007,1,0.11,0.144,0.000884,0.0435,0.77,99.995,4
6C1RD7YQVvt3YQj0CmuTeu,Diles,"Bad Bunny, Ozuna, Farruko, Arcángel, Ñengo Flow, DJ Luian, Mambo Kingz",22,7,28,HN,2025-06-11,84,True,286040,Diles,2016-08-26,0.813,0.56,2,-5.904,0,0.0618,0.108,0.0,0.268,0.287,118.033,4
0DMJz677XfXiiruhIELu2e,VITAMINA,"Jombriel, DFZM, Jøtta",23,1,0,HN,2025-06-11,92,False,208743,VITAMINA,2025-02-27,0.815,0.746,10,-4.855,0,0.0528,0.015,2.26e-06,0.056,0.768,92.007,4
3jS9G4KmuOwuawj3k4Smpc,Vita Fer,"Los Dareyes De La Sierra, Tito Double P",24,1,-7,HN,2025-06-11,83,True,184743,Redención,2025-05-08,0.769,0.81,3,-3.567,0,0.0623,0.351,0.0,0.111,0.753,125.02,3
5lKFO0PrOC9jmOlPEdjHsL,DOS DÍAS,"Tito Double P, Peso Pluma",25,6,1,HN,2025-06-11,88,True,153928,INCÓMODO,2024-08-22,0.745,0.513,1,-9.116,1,0.087,0.783,0.0,0.216,0.929,109.935,3
2JPctdUgvkQSpnUdfROxvY,Te Quería Ver,"Alemán, Neton Vega",26,-4,-5,HN,2025-06-11,84,False,176129,De Vuelta a las Andadas,2025-05-09,0.807,0.763,4,-5.172,0,0.0624,0.186,1.69e-05,0.0917,0.448,100.033,4
59D4DOkspUbWyMmbAPQkxZ,VOY A LLeVARTE PA PR,Bad Bunny,27,-4,-2,HN,2025-06-11,93,True,156364,DeBÍ TiRAR MáS FOToS,2025-01-05,0.148,0.604,7,-35.032,1,0.0588,0.921,0.453,0.405,1e-05,106.295,3
1a7onn7lPqqRWul5ogyMyX,ANSIEDAD,Fuerza Regida,28,2,-6,HN,2025-06-11,87,True,151836,111XPANTIA,2025-05-02,0.659,0.684,10,-7.631,0,0.0336,0.421,0.0,0.0814,0.737,107.057,3
7bywjHOc0wSjGGbj04XbVi,LUNA,"Feid, ATL Jacob",29,11,15,HN,2025-06-11,89,False,196800,FERXXOCALIPSIS,2023-12-01,0.774,0.86,7,-2.888,0,0.13,0.131,0.0,0.116,0.446,100.019,4
2SkB7jADnfiWH8qAE9H8cO,En Privado,"Xavi, Manuel Turizo",30,-2,-2,HN,2025-06-11,89,False,199399,En Privado,2025-02-06,0.833,0.863,7,-3.822,1,0.0377,0.111,4.75e-06,0.135,0.91,126.973,4
6ifUES3keWjwXgae8pXI3o,Me Rehúso,Danny Ocean,31,17,19,HN,2025-06-11,86,False,205714,54+1,2019-03-22,0.744,0.804,1,-6.327,1,0.0677,0.0231,0.0,0.0494,0.426,104.823,4
3t72JCbFJ3syOhFC7x9Pa4,M&M,Neton Vega,32,-6,-8,HN,2025-06-11,89,False,166801,Mi Vida Mi Muerte,2025-02-14,0.596,0.839,5,-6.022,1,0.038,0.334,0.00713,0.0952,0.537,178.837,3
07bruo5RoHasGqnun1Z31S,Chiquita,"Neton Vega, Tito Double P",33,-12,6,HN,2025-06-11,88,False,132051,Mi Vida Mi Muerte,2025-02-14,0.745,0.862,1,-6.345,0,0.058,0.519,2.29e-05,0.12,0.815,138.065,3
5GTBdEjZe7zEDp1N0eCZE4,HOLLYWOOD,"Peso Pluma, Estevan Plazola",34,-1,-2,HN,2025-06-11,85,True,284864,ÉXODO,2024-06-20,0.707,0.683,3,-7.598,0,0.191,0.7,5.88e-06,0.134,0.545,94.979,3
3fmw8iIyQDS2L7nE6Wd0xG,sobelove,Beéle,35,-1,-8,HN,2025-06-11,81,False,131827,BORONDO,2025-05-15,0.756,0.721,8,-4.046,0,0.191,0.36,9.88e-06,0.0794,0.715,111.994,4
0l0vcZMU7AOeQmUIREoI2U,Qué Pasaría...,"Rauw Alejandro, Bad Bunny",36,-1,-3,HN,2025-06-11,91,True,191018,Cosa Nuestra,2024-11-15,0.833,0.563,4,-5.593,0,0.204,0.528,1.27e-05,0.139,0.343,105.008,4
1YYfyJ2yCvGFCxwjsIqEK9,Khé?,"Rauw Alejandro, Romeo Santos",37,1,5,HN,2025-06-11,88,False,206066,Cosa Nuestra,2024-11-15,0.687,0.627,7,-4.975,1,0.181,0.326,0.0,0.0893,0.47,155.865,4
3Btqti3QpzZZr6uz5mlNzz,Es un Secreto,Plan B,38,7,12,HN,2025-06-11,74,False,190560,House Of Pleasure,2010-07-20,0.843,0.786,6,-4.938,0,0.0434,0.103,2.41e-06,0.0535,0.502,95.0,4
5mp6OBKCAjN4UYRvhOuUze,Tu Boda,"Oscar Maydon, Fuerza Regida",39,-12,11,HN,2025-06-11,68,True,225880,"Rico o Muerto, Vol. 1",2025-06-06,0.694,0.651,6,-6.968,1,0.0785,0.496,1.36e-05,0.0787,0.472,112.648,3
0Qe2g06yzLBuuSvVmFiweP,Hasta Aquí Llegué,"Nanpa Básico, Beéle",40,3,7,HN,2025-06-11,84,False,188887,Duelo,2024-11-07,0.641,0.657,11,-8.338,0,0.218,0.538,0.0,0.106,0.411,100.016,4
4DnrAI8WyUY6gkOwl8GlPN,capaz (merengueton),"Alleh, Yorghaki",41,3,5,HN,2025-06-11,90,False,173858,LA CIUDAD,2024-12-24,0.872,0.614,3,-5.618,0,0.181,0.0815,0.000207,0.135,0.785,126.957,4
5TFD2bmFKGhoCRbX61nXY5,NUEVAYoL,Bad Bunny,42,-3,-6,HN,2025-06-11,94,False,183685,DeBÍ TiRAR MáS FOToS,2025-01-05,0.142,0.195,6,-20.024,1,0.139,0.265,0.995,0.204,0.12,137.922,4
4eLDmhsJW3JoZTXCAozHor,Loco,Neton Vega,43,-1,-3,HN,2025-06-11,86,False,186521,Mi Vida Mi Muerte,2025-02-14,0.849,0.708,1,-5.502,1,0.0686,0.0741,0.00768,0.139,0.636,91.981,4
0mfemgLsr0ucLSOBOc4xJ0,CHAMPAGNE,Tito Double P,44,-7,-15,HN,2025-06-11,88,True,195194,CHAMPAGNE,2025-05-15,0.759,0.795,10,-5.199,1,0.0608,0.59,1.9e-06,0.119,0.738,110.052,3
2BvPMS2XWfnCpHHvWeOyeC,DETRÁS DE TU ALMA,Mora,45,4,5,HN,2025-06-11,83,True,237000,LO MISMO DE SIEMPRE,2025-05-18,0.433,0.733,4,-5.54,0,0.128,0.503,0.0,0.244,0.263,89.405,4
0LTwdL5yZ6YOTEGUQPFuSN,ROSONES,Tito Double P,46,-10,-11,HN,2025-06-11,88,True,177590,ROSONES,2024-12-05,0.802,0.726,1,-5.939,1,0.0318,0.704,9.7e-06,0.117,0.604,120.129,3
4zbEItKoaRId1vRZkoO0Uh,Imagínate,"Danny Ocean, Kapo",47,-1,3,HN,2025-06-11,88,False,170365,Imagínate,2024-11-07,0.779,0.737,11,-4.667,1,0.109,0.134,0.0,0.0974,0.445,101.923,4
0HDHY6RSHHG2ZTE0cMT4GJ,Los Infieles,Aventura,48,2,2,HN,2025-06-11,83,False,257186,K.O.B. Live,2006-12-19,0.745,0.716,9,-8.221,0,0.0411,0.202,0.0,0.059,0.817,132.932,4
5LHPcY9yd0hWVFIW4yfOCJ,Pika Pika,"Chuyin, Fuerza Regida, Jorsshh, Calle 24",49,-8,-11,HN,2025-06-11,88,True,147981,Pika Pika,2024-11-29,0.716,0.808,1,-6.383,1,0.0332,0.207,4.61e-06,0.14,0.788,127.023,3
61C7zXd4t2Zuhz6DRwgsLM,Volver,"Piso 21, Marc Anthony, Beéle",50,-3,0,HN,2025-06-11,85,False,232149,Volver,2025-02-06,0.478,0.793,11,-4.449,1,0.387,0.235,0.0,0.146,0.604,92.294,4
27xkOIER6uDLKALIelHylZ,Don’t Say You Love Me,Jin,1,0,0,HK,2025-06-11,93,False,180716,Echo,2025-05-16,0.729,0.562,8,-5.49,1,0.0304,0.484,0.0,0.105,0.757,111.976,4
3ufV4RrrwubU5qKQqWb977,你都有今日,Anson Lo 盧瀚霆,2,0,0,HK,2025-06-11,69,False,265909,你都有今日,2025-05-26,0.39,0.814,10,-4.357,1,0.063,0.186,0.0,0.387,0.398,176.044,4
1ecwz9dDB8YkpMip6h6Dxp,On a SunnyDay,Keung To,3,0,0,HK,2025-06-11,77,False,200454,On a SunnyDay,2025-04-30,0.807,0.772,1,-5.036,1,0.0376,0.0875,0.0,0.301,0.729,131.979,4
3RSo9nydGrGTIRz4WKhE66,白果,Keung To,4,0,0,HK,2025-06-11,75,False,183673,白果,2025-01-03,0.816,0.776,0,-6.491,1,0.194,0.193,9.41e-05,0.0931,0.467,98.105,4
4oIwqUDqcKyF8M5bmFY8Ax,Heartbreaker,Anson Lo 盧瀚霆,5,0,0,HK,2025-06-11,72,False,199915,Heartbreaker,2025-03-05,0.614,0.913,11,-3.063,0,0.176,0.0405,0.0,0.451,0.732,149.864,4
31DFL3AiVPjGUAnSlEHTyK,I Need You In My Li(f)e (ViuTV劇集 「無用的謊言」主題曲),Keung To,6,0,0,HK,2025-06-11,71,False,182322,I Need You In My Li(f)e (ViuTV劇集 「無用的謊言」主題曲),2024-12-19,0.635,0.764,9,-3.938,1,0.049,0.232,0.0,0.0968,0.559,89.988,4
1jQp4mCBDmXr8NMqsMpH8E,用背脊唱情歌,Gareth.T,7,4,43,HK,2025-06-11,47,False,210026,用背脊唱情歌,2025-06-09,0.615,0.279,1,-8.977,1,0.0285,0.561,9.79e-05,0.0948,0.355,76.019,4
1jQE96DjtfpWGjSqK6Gfnr,好得太過份,Keung To,8,-1,-1,HK,2025-06-11,68,False,179076,好得太過份,2024-04-30,0.659,0.451,0,-7.87,1,0.0411,0.79,0.0,0.126,0.461,129.598,4
1Y6JqAA9wRlgVMLpDnASah,Every Single Time,Keung To,9,-1,-1,HK,2025-06-11,66,False,186647,Every Single Time,2024-08-07,0.607,0.825,9,-5.836,1,0.0748,0.255,0.0,0.179,0.763,150.054,4
4pJWCkQnPeXfDyqouuBJ77,Hey Hey OK!,Anson Lo 盧瀚霆,10,0,0,HK,2025-06-11,66,False,197347,Hey Hey OK!,2024-07-17,0.691,0.968,6,-2.728,1,0.184,0.109,0.0,0.0533,0.968,157.975,4
7G7mSV4BebkoHWwKTDvXu9,Winter Ahead (with PARK HYO SHIN),"V, Park Hyo Shin",11,-2,-2,HK,2025-06-11,84,False,234895,Winter Ahead (with PARK HYO SHIN),2024-11-29,0.36,0.316,3,-9.954,1,0.0284,0.858,0.000212,0.23,0.229,76.844,3
0FgvyfBRIWBwYaoAKaotHO,致我,Anson Lo 盧瀚霆,12,1,1,HK,2025-06-11,65,False,232940,致我,2024-10-23,0.502,0.461,5,-9.377,1,0.0317,0.729,0.0,0.122,0.38,143.93,4
60DcGRqdHMk9H3sat9bcHW,黑月,Keung To,13,-1,-1,HK,2025-06-11,62,False,205826,黑月,2024-01-12,0.641,0.704,1,-5.499,1,0.0665,0.0263,0.0,0.344,0.624,123.983,4
7kp3oZUfOx34IdZPZ5v83l,懷疑人生,MC 張天賦,14,0,0,HK,2025-06-11,63,False,269118,懷疑人生,2025-04-01,0.511,0.656,1,-5.451,1,0.0336,0.204,0.0,0.207,0.598,145.907,4
0fK7ie6XwGxQTIkpFoWkd1,like JENNIE,JENNIE,15,2,0,HK,2025-06-11,95,True,123517,Ruby,2025-03-07,0.811,0.743,10,-5.321,0,0.0611,0.281,0.00671,0.0868,0.815,130.019,4
42UBPzRMh5yyz0EDPr6fr1,Manchild,Sabrina Carpenter,16,0,34,HK,2025-06-11,89,True,213645,Manchild,2025-06-05,0.731,0.685,7,-5.087,1,0.0572,0.122,0.0,0.317,0.811,123.01,4
1XZE0InCx3SdCnLpVsPpZl,Jumping Machine (跳楼机),LBI利比,17,1,0,HK,2025-06-11,82,False,201642,Jumping Machine (跳楼机),2025-01-23,0.605,0.53,6,-7.981,1,0.029,0.659,0.0,0.172,0.351,127.939,4
1R116HqW5ECo5VRjeewhM9,說謊者,MC 張天賦,18,3,0,HK,2025-06-11,63,False,249136,說謊者,2025-01-01,0.539,0.505,0,-6.914,1,0.0419,0.636,0.0,0.084,0.324,129.641,4
0OKWgqGKyCsJqvOWWMtKcc,樹會流眼淚,陳卓賢 Ian,19,1,31,HK,2025-06-11,56,False,197350,樹會流眼淚,2025-06-05,0.614,0.36,11,-10.144,1,0.0579,0.87,0.0,0.119,0.283,134.129,4
0qkYuCno3SoU8vxkCdx0iJ,THUNDER,SEVENTEEN,20,-1,-9,HK,2025-06-11,86,False,164040,SEVENTEEN 5th Album 'HAPPY BURSTDAY',2025-05-26,0.752,0.837,5,-4.996,0,0.0632,0.0332,0.0,0.0643,0.718,129.988,4
5GNtunR5AJb8bVoovm8vnz,MY LIFE,Anson Lo 盧瀚霆,21,2,-1,HK,2025-06-11,62,False,208854,MY LIFE,2024-01-10,0.563,0.811,2,-5.017,1,0.22,0.141,0.0,0.0793,0.326,154.034,4
7so0lgd0zP2Sbgs2d7a1SZ,Die With A Smile,"Lady Gaga, Bruno Mars",22,2,-3,HK,2025-06-11,91,False,251667,MAYHEM,2025-03-07,0.519,0.601,6,-7.727,0,0.0317,0.289,0.0,0.126,0.498,157.964,3
1Fj6ahpJNC7sJyG8SRxuaf,求救的勇氣,Panther Chan,23,2,7,HK,2025-06-11,56,False,276000,求救的勇氣,2025-05-27,0.393,0.384,1,-7.905,1,0.0371,0.589,0.0,0.106,0.439,141.049,4
50zAEIE4B1QqhPjRMK2Xmh,Running Wild,Jin,24,-9,-8,HK,2025-06-11,79,False,151646,Happy - :') (Remixes),2024-11-19,0.487,0.711,8,-4.22,1,0.0322,0.000175,0.0,0.152,0.317,146.921,4
4wJ5Qq0jBN4ajy7ouZIV1c,APT.,"ROSÉ, Bruno Mars",25,1,-4,HK,2025-06-11,89,False,169917,rosie,2024-12-06,0.777,0.783,0,-4.477,0,0.26,0.0283,0.0,0.355,0.939,149.027,4
6dOtVTDdiauQNBQEDOtlAB,BIRDS OF A FEATHER,Billie Eilish,26,1,-3,HK,2025-06-11,100,False,210373,HIT ME HARD AND SOFT,2024-05-17,0.747,0.507,2,-10.171,1,0.0358,0.2,0.0608,0.117,0.438,104.978,4
4kIuEUKjGdEcNXf7RxsByr,哀傷和愛上算不算同音字,Kiri T,27,-5,-5,HK,2025-06-11,60,False,202666,哀傷和愛上算不算同音字,2025-04-22,0.443,0.446,6,-7.188,1,0.0488,0.706,0.0,0.172,0.135,76.798,4
6apc6NX2mDQ59mortxddQQ,深閨,Anson Lo 盧瀚霆,28,0,-3,HK,2025-06-11,60,False,262105,深閨,2024-04-17,0.61,0.433,11,-8.718,1,0.033,0.613,0.0,0.18,0.602,133.003,4
3be9ACTxtcL6Zm4vJRUiPG,blue,yung kai,29,1,-3,HK,2025-06-11,92,False,214357,blue,2024-08-02,0.746,0.317,4,-11.982,1,0.0342,0.933,0.0186,0.121,0.585,97.49,3
1ZrnCyms7CBYsCvkkVIkt8,記憶棉,MC 張天賦,30,-1,-6,HK,2025-06-11,61,False,273390,記憶棉,2021-10-22,0.491,0.533,9,-7.594,1,0.0473,0.393,0.0,0.0944,0.214,149.856,4
7bbk6utQUtWWbbZaATBbf7,悲觀主義,陳卓賢 Ian,31,1,-4,HK,2025-06-11,65,False,228168,悲觀主義,2025-03-21,0.533,0.457,0,-6.969,1,0.0344,0.66,0.0,0.113,0.43,167.96,3
2HRgqmZQC0MC7GeNuDIXHN,Seven (feat. Latto) (Explicit Ver.),"Jung Kook, Latto",32,2,4,HK,2025-06-11,85,True,183550,GOLDEN,2023-11-03,0.79,0.831,11,-4.185,1,0.044,0.312,0.0,0.0797,0.872,124.987,4
4ja627NyIBCz7wO2dYr83g,岩巉,Keung To,33,-2,-2,HK,2025-06-11,59,False,224513,岩巉,2023-11-27,0.52,0.306,7,-9.94,1,0.0302,0.922,9.29e-05,0.212,0.369,141.313,4
2CGNAOSuO1MEFCbBRgUzjd,luther (with sza),"Kendrick Lamar, SZA",34,-1,-2,HK,2025-06-11,92,False,177598,GNX,2024-11-21,0.707,0.575,2,-7.546,1,0.125,0.251,0.0,0.248,0.576,138.008,4
3coRPMnFg2dJcPu5RMloa9,Whiplash,aespa,35,15,4,HK,2025-06-11,78,False,183226,Whiplash - The 5th Mini Album,2024-10-21,0.863,0.9,10,-2.974,0,0.0448,0.0953,0.0212,0.0786,0.748,126.023,4
3MqGva6ELfd235l8WtkTIa,四月物語,Terence Lam,36,1,-8,HK,2025-06-11,61,False,213000,四月物語,2025-04-15,0.483,0.457,3,-7.37,1,0.0299,0.588,0.0,0.145,0.55,147.795,4
44FUMcOGhsXw79mwOTS6vr,夜闌人靜,moon tang,37,7,-3,HK,2025-06-11,60,False,193333,25,2025-03-11,0.604,0.294,7,-12.358,0,0.0579,0.882,0.0,0.108,0.404,116.723,4
3IxGmKdOkv7tgMCzyKF2Xm,世一,MC 張天賦,38,-3,0,HK,2025-06-11,55,False,263133,This is MC,2023-01-20,0.55,0.557,2,-7.033,1,0.0382,0.748,0.0,0.111,0.369,141.791,4
2oOemghuOplk25PORF4s39,至少做一件離譜的事,Kiri T,39,3,3,HK,2025-06-11,59,False,232839,至少做一件離譜的事,2024-03-19,0.427,0.333,4,-9.218,1,0.0311,0.879,6.58e-06,0.0994,0.174,142.364,4
5doooVlMVRZztQbySqARMI,HOME SWEET HOME (feat. TAEYANG & DAESUNG),"G-DRAGON, TAEYANG, DAESUNG",40,0,10,HK,2025-06-11,71,False,211330,Übermensch,2025-02-25,0.633,0.752,10,-4.5,0,0.0726,0.00275,1.45e-06,0.0966,0.408,149.947,4
0FTmksd2dxiE5e3rWyJXs6,back to friends,sombr,41,-2,8,HK,2025-06-11,98,False,199032,back to friends,2024-12-27,0.436,0.723,1,-2.291,1,0.0301,9.37e-05,8.82e-05,0.0929,0.235,92.855,4
1sb71AvysPMJlsx4qYtTpG,緊急聯絡人,Gareth.T,42,-1,6,HK,2025-06-11,60,False,222668,緊急聯絡人,2023-11-30,0.513,0.373,5,-10.54,1,0.0418,0.596,0.0,0.121,0.338,134.269,4
2gQoBhLuUmJqelyTrZfkKD,以孤獨命名,陳卓賢 Ian,43,6,-10,HK,2025-06-11,59,False,228860,以孤獨命名,2024-07-02,0.704,0.419,7,-7.994,1,0.0434,0.767,0.0,0.113,0.27,133.015,4
65TyCkIJtF8hDF599vCXwe,黑玻璃,Kaho Hung,44,1,2,HK,2025-06-11,53,False,219385,Inner l Child,2024-03-28,0.654,0.714,6,-5.3,1,0.0702,0.265,0.0,0.117,0.51,135.901,4
2nopDUxom21JoMzFXj9wS0,HANDS UP,MEOVV,45,5,-10,HK,2025-06-11,82,False,192467,HANDS UP,2025-04-28,0.844,0.689,9,-5.472,0,0.0522,0.0052,0.000119,0.305,0.441,140.0,4
33bb4ipPqbeTdZLOAix27Z,Megahit,Anson Lo 盧瀚霆,46,-3,1,HK,2025-06-11,56,False,204994,Megahit,2021-09-22,0.611,0.702,11,-3.554,0,0.0568,0.106,0.0,0.127,0.487,122.802,4
6pITZXwdr65RCKU9t9KNZP,By my side,"Tyson Yoshi, Hins Cheung",47,-1,-18,HK,2025-06-11,62,True,191689,By my side,2025-05-16,0.42,0.747,8,-5.541,1,0.116,0.203,0.0,0.224,0.446,163.993,4
1j15Ar0qGDzIR0v3CQv3JL,Gnarly,KATSEYE,48,-1,-5,HK,2025-06-11,91,True,137316,Gnarly,2025-04-30,0.775,0.828,0,-5.191,0,0.373,0.153,0.0,0.13,0.663,135.021,4
6Wobsw9uZ0D0xkfOjxXSq9,Messy (From F1® The Movie),"ROSÉ, F1 The Album",49,-1,-12,HK,2025-06-11,86,False,179055,Messy (From F1® The Movie),2025-05-08,0.562,0.643,5,-5.739,1,0.0422,0.0442,0.0,0.0965,0.277,96.92,4
198zDKzyktXRG1PGpidY9h,DRIP,BABYMONSTER,50,0,-5,HK,2025-06-11,82,False,180845,DRIP,2024-11-01,0.862,0.687,6,-5.215,1,0.0702,0.065,0.0,0.0862,0.704,119.972,4
4oB8Xd7gMlUEtWoD8bmCXW,Morena,"Neton Vega, Peso Pluma",1,0,1,GT,2025-06-11,92,False,193728,Mi Vida Mi Muerte,2025-02-14,0.697,0.776,4,-7.409,0,0.0308,0.379,0.00148,0.341,0.189,118.007,3
6eLQXa6uk2EW8drsiKbABZ,TU SANCHO,Fuerza Regida,2,0,-1,GT,2025-06-11,90,True,177994,111XPANTIA,2025-05-02,0.689,0.84,8,-6.423,1,0.0457,0.576,0.0,0.126,0.631,120.012,3
3hpm0fTeSqlhJbnqAgaLZs,Marlboro Rojo,Fuerza Regida,3,0,0,GT,2025-06-11,91,True,184173,111XPANTIA,2025-05-02,0.773,0.645,4,-6.376,0,0.0349,0.342,3.38e-06,0.32,0.923,114.996,1
3KgHiAVuP88QoQs9CO4z1P,TATTOO,Tito Double P,4,0,0,GT,2025-06-11,90,True,167955,TATTOO,2025-02-27,0.755,0.747,10,-4.278,0,0.0656,0.482,5.48e-06,0.0853,0.463,109.897,3
6iOndD4OFo7GkaDypWQIou,La Plena - W Sound 05,"W Sound, Beéle, Ovy On The Drums",5,2,6,GT,2025-06-11,95,True,150001,La Plena (W Sound 05),2025-02-19,0.894,0.643,5,-3.485,1,0.132,0.543,0.000984,0.101,0.659,99.039,4
6ifUES3keWjwXgae8pXI3o,Me Rehúso,Danny Ocean,6,11,13,GT,2025-06-11,86,False,205714,54+1,2019-03-22,0.744,0.804,1,-6.327,1,0.0677,0.0231,0.0,0.0494,0.426,104.823,4
1PREzVLuDT6PSE9sej4wnV,COQUETA,"Fuerza Regida, Grupo Frontera",7,-2,-1,GT,2025-06-11,90,False,241648,MALA MÍA,2024-12-19,0.74,0.819,1,-4.853,0,0.0866,0.244,0.0,0.107,0.884,78.975,4
3jS9G4KmuOwuawj3k4Smpc,Vita Fer,"Los Dareyes De La Sierra, Tito Double P",8,0,-3,GT,2025-06-11,83,True,184743,Redención,2025-05-08,0.769,0.81,3,-3.567,0,0.0623,0.351,0.0,0.111,0.753,125.02,3
0L5gbpFGU06vqSHacOxgka,TU TU TU,"Clave Especial, Edgardo Nuñez",9,0,0,GT,2025-06-11,86,True,151570,MIJA NO TE ASUSTES,2025-02-20,0.768,0.816,5,-5.264,0,0.0755,0.169,5.1e-05,0.477,0.828,142.163,3
1HEwEN64NjgTaHmo7LfkX8,no tiene sentido,Beéle,10,5,15,GT,2025-06-11,89,False,158036,BORONDO,2025-05-15,0.671,0.596,2,-7.565,0,0.0556,0.0871,1.97e-05,0.119,0.497,121.976,4
27xkOIER6uDLKALIelHylZ,Don’t Say You Love Me,Jin,11,2,-1,GT,2025-06-11,93,False,180716,Echo,2025-05-16,0.729,0.562,8,-5.49,1,0.0304,0.484,0.0,0.105,0.757,111.976,4
07bruo5RoHasGqnun1Z31S,Chiquita,"Neton Vega, Tito Double P",12,-6,10,GT,2025-06-11,88,False,132051,Mi Vida Mi Muerte,2025-02-14,0.745,0.862,1,-6.345,0,0.058,0.519,2.29e-05,0.12,0.815,138.065,3
0mfemgLsr0ucLSOBOc4xJ0,CHAMPAGNE,Tito Double P,13,-2,-6,GT,2025-06-11,88,True,195194,CHAMPAGNE,2025-05-15,0.759,0.795,10,-5.199,1,0.0608,0.59,1.9e-06,0.119,0.738,110.052,3
2SkB7jADnfiWH8qAE9H8cO,En Privado,"Xavi, Manuel Turizo",14,-2,-1,GT,2025-06-11,89,False,199399,En Privado,2025-02-06,0.833,0.863,7,-3.822,1,0.0377,0.111,4.75e-06,0.135,0.91,126.973,4
3t72JCbFJ3syOhFC7x9Pa4,M&M,Neton Vega,15,-5,-7,GT,2025-06-11,89,False,166801,Mi Vida Mi Muerte,2025-02-14,0.596,0.839,5,-6.022,1,0.038,0.334,0.00713,0.0952,0.537,178.837,3
5lKFO0PrOC9jmOlPEdjHsL,DOS DÍAS,"Tito Double P, Peso Pluma",16,4,8,GT,2025-06-11,88,True,153928,INCÓMODO,2024-08-22,0.745,0.513,1,-9.116,1,0.087,0.783,0.0,0.216,0.929,109.935,3
4N1dogCaVWnGyFdPjdqNWF,COMO CAPO,"Clave Especial, Fuerza Regida",17,-1,-2,GT,2025-06-11,87,True,165482,MIJA NO TE ASUSTES,2025-02-20,0.767,0.768,5,-4.529,0,0.0474,0.147,0.0,0.068,0.802,133.082,3
2JPctdUgvkQSpnUdfROxvY,Te Quería Ver,"Alemán, Neton Vega",18,-4,-4,GT,2025-06-11,84,False,176129,De Vuelta a las Andadas,2025-05-09,0.807,0.763,4,-5.172,0,0.0624,0.186,1.69e-05,0.0917,0.448,100.033,4
5MBAaEt7s8El3WWhYinLzv,Amigos? No.,"Oscar Maydon, Neton Vega",19,2,31,GT,2025-06-11,68,True,226816,"Rico o Muerto, Vol. 1",2025-06-06,0.682,0.561,10,-8.435,1,0.0318,0.0782,1.47e-05,0.303,0.669,122.074,3
3D24ErT1MMmUfXWotSj2A2,ME JALO,"Fuerza Regida, Grupo Frontera",20,-2,-2,GT,2025-06-11,92,True,212002,MALA MÍA,2024-12-19,0.47,0.75,2,-5.887,0,0.112,0.216,0.0,0.169,0.62,79.814,4
1a7onn7lPqqRWul5ogyMyX,ANSIEDAD,Fuerza Regida,21,1,-4,GT,2025-06-11,87,True,151836,111XPANTIA,2025-05-02,0.659,0.684,10,-7.631,0,0.0336,0.421,0.0,0.0814,0.737,107.057,3
6uroNiDEDd0xFLiri0aQNk,Triple Lavada,Esau Ortiz,22,3,-6,GT,2025-06-11,91,True,165790,Triple Lavada,2025-03-28,0.909,0.583,10,-5.735,0,0.0847,0.417,0.0,0.137,0.557,100.012,4
6J5kc12BW5HuP3d7C3vvx8,EoO,Bad Bunny,23,1,-2,GT,2025-06-11,94,True,204768,DeBÍ TiRAR MáS FOToS,2025-01-05,0.36,0.464,10,-29.598,0,0.0702,0.749,0.859,0.0825,0.184,63.662,4
77pDO4WZPIdkwFve0iHWnb,Por Esos Ojos,Fuerza Regida,24,-1,-4,GT,2025-06-11,85,True,188064,111XPANTIA,2025-05-02,0.696,0.678,5,-7.002,0,0.0695,0.31,0.0,0.191,0.522,102.48,3
7sd6zMrgGpEa7NkQm9TRrg,NADIE,Tito Double P,25,5,1,GT,2025-06-11,87,True,197031,NADIE,2024-11-21,0.702,0.843,7,-4.71,1,0.114,0.465,0.0,0.12,0.526,92.604,4
5mp6OBKCAjN4UYRvhOuUze,Tu Boda,"Oscar Maydon, Fuerza Regida",26,-7,24,GT,2025-06-11,68,True,225880,"Rico o Muerto, Vol. 1",2025-06-06,0.694,0.651,6,-6.968,1,0.0785,0.496,1.36e-05,0.0787,0.472,112.648,3
4eLDmhsJW3JoZTXCAozHor,Loco,Neton Vega,27,0,3,GT,2025-06-11,86,False,186521,Mi Vida Mi Muerte,2025-02-14,0.849,0.708,1,-5.502,1,0.0686,0.0741,0.00768,0.139,0.636,91.981,4
7585wxMp2e3IhBq3tJAXgw,SUIZA,Calle 24,28,3,6,GT,2025-06-11,86,True,114913,ONDEADO$,2024-12-12,0.69,0.66,1,-8.256,0,0.0775,0.634,0.000793,0.206,0.588,115.987,4
2lTm559tuIvatlT1u0JYG2,BAILE INoLVIDABLE,Bad Bunny,29,-1,-1,GT,2025-06-11,96,True,367725,DeBÍ TiRAR MáS FOToS,2025-01-05,0.168,0.00332,10,-46.113,1,0.0615,0.192,0.79,0.112,0.219,119.387,3
6X3h549Z7LJk881NPI5kTa,7 DÍAS,"Gabito Ballesteros, Tito Double P",30,-1,-7,GT,2025-06-11,77,True,180688,Ya No Se Llevan Serenatas,2025-05-23,0.838,0.746,11,-3.749,1,0.0614,0.386,0.0,0.0839,0.577,111.913,3
5GTBdEjZe7zEDp1N0eCZE4,HOLLYWOOD,"Peso Pluma, Estevan Plazola",31,1,0,GT,2025-06-11,85,True,284864,ÉXODO,2024-06-20,0.707,0.683,3,-7.598,0,0.191,0.7,5.88e-06,0.134,0.545,94.979,3
0LTwdL5yZ6YOTEGUQPFuSN,ROSONES,Tito Double P,32,-6,-3,GT,2025-06-11,88,True,177590,ROSONES,2024-12-05,0.802,0.726,1,-5.939,1,0.0318,0.704,9.7e-06,0.117,0.604,120.129,3
3sK8wGT43QFpWrvNQsrQya,DtMF,Bad Bunny,33,1,0,GT,2025-06-11,97,True,237117,DeBÍ TiRAR MáS FOToS,2025-01-05,0.625,0.131,7,-27.405,0,0.0717,0.177,0.218,0.0807,0.032,136.02,4
0fea68AdmYNygeTGI4RC18,LA CANCIÓN,"J Balvin, Bad Bunny",34,9,6,GT,2025-06-11,90,False,242573,OASIS,2019-06-28,0.756,0.646,7,-5.795,1,0.319,0.152,1.81e-05,0.108,0.429,176.088,4
2JJdNXpiCQoAeLQvVMpIEh,Yo Vengo De La Nada,"Juan Freer, miguel cornejo",35,13,14,GT,2025-06-11,82,False,156807,Yo Vengo De La Nada,2024-12-20,0.758,0.834,4,-6.089,0,0.0391,0.351,0.0,0.111,0.781,129.88,3
5LHPcY9yd0hWVFIW4yfOCJ,Pika Pika,"Chuyin, Fuerza Regida, Jorsshh, Calle 24",36,-1,-4,GT,2025-06-11,88,True,147981,Pika Pika,2024-11-29,0.716,0.808,1,-6.383,1,0.0332,0.207,4.61e-06,0.14,0.788,127.023,3
51qYdMBxt9mFbtZBzq1Yfi,Regalo De Dios,Julión Álvarez y su Norteño Banda,37,0,6,GT,2025-06-11,85,False,185933,PRESENTE,2023-11-17,0.792,0.516,4,-6.097,0,0.027,0.197,0.0,0.0855,0.916,108.939,4
7DkOpEOBOwHg6VBj4blikS,Triple Lavada (feat. Victor Mendivil) - Remix,"Esau Ortiz, Luis R Conriquez, Oscar Maydon, Alemán, Victor Mendivil",38,0,12,GT,2025-06-11,79,True,287679,Triple Lavada (feat. Victor Mendivil) [Remix],2025-05-28,0.928,0.614,10,-6.85,0,0.105,0.252,1.81e-05,0.117,0.698,100.03,4
4zhk2RS2EZODmBW6il55Qj,mi refe,"Beéle, Ovy On The Drums",39,0,0,GT,2025-06-11,85,False,159404,BORONDO,2025-05-15,0.637,0.648,7,-5.306,0,0.271,0.403,5.41e-05,0.119,0.441,123.108,4
6X6m4xmdFcz31p1h7Qg68c,EL LOKERON,Tito Double P,40,1,-4,GT,2025-06-11,86,True,145473,INCÓMODO,2024-08-22,0.724,0.689,7,-7.174,0,0.0524,0.573,6.77e-06,0.0922,0.936,120.208,3
6WatFBLVB0x077xWeoVc2k,Si Antes Te Hubiera Conocido,KAROL G,41,6,-3,GT,2025-06-11,94,False,195824,Si Antes Te Hubiera Conocido,2024-06-21,0.924,0.668,11,-6.795,1,0.0469,0.446,0.000594,0.0678,0.787,128.027,4
0DMJz677XfXiiruhIELu2e,VITAMINA,"Jombriel, DFZM, Jøtta",42,2,-7,GT,2025-06-11,92,False,208743,VITAMINA,2025-02-27,0.815,0.746,10,-4.855,0,0.0528,0.015,2.26e-06,0.056,0.768,92.007,4
6RcAHyC5sAUIbPTkhOQwd8,Y LLORO,Junior H,43,-1,7,GT,2025-06-11,85,True,179013,$AD BOYZ 4 LIFE II,2023-10-05,0.728,0.589,7,-7.115,1,0.0376,0.424,7.78e-06,0.166,0.767,77.475,4
4VWKUO1My9MfRecR5ftRkr,Rey Sin Reina,Julión Álvarez y su Norteño Banda,44,-4,1,GT,2025-06-11,79,False,150523,42 18,2025-02-19,0.529,0.356,3,-6.612,1,0.0569,0.29,0.0,0.136,0.659,169.653,3
4zbEItKoaRId1vRZkoO0Uh,Imagínate,"Danny Ocean, Kapo",45,0,1,GT,2025-06-11,88,False,170365,Imagínate,2024-11-07,0.779,0.737,11,-4.667,1,0.109,0.134,0.0,0.0974,0.445,101.923,4
3IEvQ1CzszUJtTRLmmMJ2X,5-7,"Tito Double P, Junior H",46,0,-5,GT,2025-06-11,86,False,174500,INCÓMODO,2024-08-22,0.827,0.596,10,-8.36,1,0.039,0.379,0.0,0.138,0.964,111.997,3
6C1RD7YQVvt3YQj0CmuTeu,Diles,"Bad Bunny, Ozuna, Farruko, Arcángel, Ñengo Flow, DJ Luian, Mambo Kingz",47,3,3,GT,2025-06-11,84,True,286040,Diles,2016-08-26,0.813,0.56,2,-5.904,0,0.0618,0.108,0.0,0.268,0.287,118.033,4
4e76Ss3ji7HQZ4qwcPNkNA,MIENTRAS DUERMES,Junior H,48,-12,2,GT,2025-06-11,86,True,226035,$AD BOYZ 4 LIFE II,2023-10-05,0.752,0.645,11,-6.656,1,0.037,0.246,0.0,0.0972,0.923,125.132,3
4JLZyyWuvvse6xKiZqRdau,Todo a Su Tiempo,Neton Vega,49,-16,-5,GT,2025-06-11,85,False,238240,Todo a Su Tiempo,2024-09-27,0.801,0.884,4,-6.039,0,0.0828,0.751,0.00219,0.0558,0.87,137.944,3
7bywjHOc0wSjGGbj04XbVi,LUNA,"Feid, ATL Jacob",50,0,0,GT,2025-06-11,89,False,196800,FERXXOCALIPSIS,2023-12-01,0.774,0.86,7,-2.888,0,0.13,0.131,0.0,0.116,0.446,100.019,4
3lS1r65AbkPdljhDrRQEyV,Aeroplana,"Bloody Hawk, TOQUEL",1,0,0,GR,2025-06-11,72,True,210000,Fthina Tricks 3,2025-05-29,0.847,0.737,5,-5.795,0,0.189,0.335,0.0,0.166,0.647,119.964,4
0BhZFH8Ub1Kvwu1EBMGzl8,D%SCO,"RACK, Sin Laurent",2,0,48,GR,2025-06-11,63,True,147130,D%SCO,2025-06-05,0.769,0.88,11,-6.204,1,0.227,0.0815,0.0,0.0923,0.746,114.958,4
0SwDKWxXKHKGSKXrLtA0xH,Provlimata,APON,3,0,0,GR,2025-06-11,73,False,144705,Oneiropolos,2025-05-09,0.713,0.731,0,-4.137,0,0.0691,0.27,0.000428,0.0735,0.668,102.364,4
5xYRYWS2y2NCxs12ZVEvNv,Kaigomai,APON,4,0,0,GR,2025-06-11,69,False,124827,Oneiropolos,2025-05-09,0.646,0.553,4,-5.149,1,0.252,0.514,0.000391,0.0918,0.655,173.763,4
5XoBIF0Y6zaHjMnf2aZsMh,Antigonidon,"Bloody Hawk, LEX",5,0,-3,GR,2025-06-11,69,True,274666,Fthina Tricks 3,2025-05-29,0.726,0.629,8,-7.506,0,0.383,0.491,2.78e-06,0.122,0.543,94.069,4
1JGntUi9e8Oe2N5lBdXYGU,5 AM,Saske,6,0,2,GR,2025-06-11,71,True,195345,5 AM,2025-05-06,0.654,0.424,2,-17.656,1,0.0797,0.0386,0.000533,0.214,0.318,132.004,4
28kpCoILnxmKUc6AMO6NEu,KAKO,"TOQUEL, ObieDaz",7,0,0,GR,2025-06-11,72,True,186947,KAKO,2025-05-15,0.824,0.7,5,-7.187,0,0.0603,0.233,0.0305,0.18,0.536,95.004,4
6lM8wgaCtzod83yWP1BmnK,Fanaria,Bloody Hawk,8,0,-2,GR,2025-06-11,67,True,189333,Fthina Tricks 3,2025-05-29,0.58,0.342,9,-11.141,0,0.101,0.817,0.0,0.159,0.717,80.88,4
1j8aRXVJFYkDWEUpZeGrdc,SOSA,SNIK,9,0,5,GR,2025-06-11,71,True,168428,SOSA,2025-05-02,0.803,0.89,9,-2.581,0,0.0784,0.253,4.2e-06,0.317,0.783,139.97,4
7uBuKv7JXBT6p2eM4JvSLi,Esena,"Kidd, Kest",10,2,10,GR,2025-06-11,65,True,168000,Esena,2025-05-28,0.659,0.734,7,-5.326,0,0.0637,0.484,0.0,0.108,0.414,99.984,4
2S4GtshD15cdkk8I1ATdvr,BARS ARE BACK,"Mente Fuerte, SNIK",11,-1,-6,GR,2025-06-11,66,True,180000,BARS ARE BACK,2025-05-22,0.706,0.887,10,-3.626,0,0.224,0.0596,0.0,0.319,0.603,109.507,5
49Nl81fFdiJEVLhhhaDLqC,FWTIA,"Sicario, Beyond",12,1,5,GR,2025-06-11,71,False,186122,FWTIA,2025-01-13,0.745,0.638,2,-6.407,0,0.12,0.228,0.0,0.0869,0.539,97.855,4
2AQtKCJgmykkIC2bODzcfN,Kapos Allios,"Negros Tou Moria, Bloody Hawk, ODYDOZE",13,1,-1,GR,2025-06-11,70,True,187133,MAVRI ELLADA,2025-04-03,0.818,0.843,9,-5.606,1,0.326,0.201,0.0,0.108,0.818,95.099,4
0kcQD5QcAG7jzY1gkHbEDY,EMMONI IDEA,"Ivan Greko, Sicario, Oge",14,-3,-3,GR,2025-06-11,72,True,187500,EMMONI IDEA,2025-03-18,0.704,0.597,10,-3.406,0,0.254,0.374,4.58e-05,0.123,0.559,192.049,4
50zuHqsc1lnNTu5txaci1T,Nisia,Trannos,15,0,35,GR,2025-06-11,59,True,206557,Nisia,2025-06-06,0.967,0.737,2,-7.35,1,0.0763,0.185,7.43e-05,0.17,0.638,122.023,4
5kLCvzA9lxsqDPAPfrm45N,Geitonia,"Bloody Hawk, Mateos Nps",16,1,-6,GR,2025-06-11,66,True,209333,Fthina Tricks 3,2025-05-29,0.755,0.763,1,-6.49,1,0.252,0.0703,0.0,0.211,0.406,102.217,4
3JOrWNAH6RQ2d0spmPAGiy,Oloi Mou Ti Span,"Bloody Hawk, Dani Gambino, Wang",17,3,-8,GR,2025-06-11,66,True,228861,Fthina Tricks 3,2025-05-29,0.755,0.748,1,-5.918,1,0.26,0.0984,0.0,0.205,0.384,95.031,4
0EwKlAawFATYjR7Od5ps6k,AUTOS,Sicario,18,-2,4,GR,2025-06-11,68,False,191643,AUTOS,2024-10-21,0.716,0.658,11,-6.556,0,0.136,0.104,0.0,0.131,0.391,102.024,4
6y7AoMd7LhqI8pi2GyJMRJ,ERWTES,"Marzi, GMBeaTz",19,-1,22,GR,2025-06-11,61,True,164281,ERWTES,2025-05-29,0.584,0.824,11,-5.721,0,0.17,0.116,0.0,0.107,0.547,192.108,4
2Adj9pHvgjwCnuGX1RmtVC,Tha Perasei,Bloody Hawk,20,7,-4,GR,2025-06-11,64,True,251914,Fthina Tricks 3,2025-05-29,0.724,0.509,10,-9.829,1,0.214,0.367,1.26e-06,0.103,0.365,141.051,4
0Lj1eCgs0sg9vYRo2tFgZy,De Fovame,"Bloody Hawk, Marina Satti",21,5,-6,GR,2025-06-11,65,True,213333,Fthina Tricks 3,2025-05-29,0.732,0.749,1,-6.473,0,0.276,0.379,1.61e-06,0.476,0.489,100.089,4
0OrGmYDi04CEeIgPk6NwsV,XANA,"ZiZZi, Arab, BeTaf Beats",22,0,3,GR,2025-06-11,68,True,162461,ZIZEL,2025-04-10,0.799,0.934,0,-2.945,1,0.0383,0.102,0.0,0.228,0.879,129.96,4
4vpn2IGV4Eb3249OJ5X3dH,NARCOTRAFICANTE,"Yanek, Arab, M3NTRA",23,1,5,GR,2025-06-11,63,True,151200,NARCOTRAFICANTE,2025-05-19,0.757,0.64,1,-7.196,1,0.147,0.165,8.14e-05,0.501,0.457,96.053,4
049yfS33wXFjQtwTnx0iM6,VARKARIS,"DAIMA, Stanley",24,-3,5,GR,2025-06-11,67,False,135636,VARKARIS,2025-04-04,0.835,0.936,0,-5.386,1,0.431,0.129,0.0,0.822,0.794,164.892,4
3F3wNVxVkOsWiWCMKOzDUk,Gia Tin Omada Kai Mono,Bloody Hawk,25,4,-7,GR,2025-06-11,64,True,312000,Fthina Tricks 3,2025-05-29,0.668,0.607,1,-8.211,1,0.329,0.426,0.0,0.0923,0.422,72.416,4
6sdfSqn9Jz0hr2CYtOicQX,Kati Xereis,Ria Ellinidou,26,-7,-3,GR,2025-06-11,67,False,164181,Kati Xereis,2025-03-17,0.877,0.793,1,-4.931,1,0.0394,0.303,0.0,0.0847,0.936,110.026,4
2IM8ZA2irx9ygwyoh4Q1lK,SPORT,YungKapa,27,-4,-1,GR,2025-06-11,67,True,164022,SPORT,2025-03-28,0.744,0.79,5,-6.189,0,0.0692,0.226,0.0,0.108,0.31,100.996,4
1f8q0UF64hUKlEezIzIc4N,GRISELDA,"RACK, Sin Laurent",28,-3,3,GR,2025-06-11,67,True,130485,GRISELDA,2025-02-13,0.775,0.866,9,-6.813,1,0.0739,0.0411,0.184,0.459,0.737,102.994,4
4pwQCmJehkonB6Guy9iv6J,Hronia Mou Polla,Bloody Hawk,29,3,-16,GR,2025-06-11,64,True,175166,Fthina Tricks 3,2025-05-29,0.763,0.531,0,-8.293,1,0.485,0.542,0.0,0.366,0.414,100.263,4
6KURM9fEiDWxHsepuicdx1,ATHINA,"DAIMA, Stanley",30,1,8,GR,2025-06-11,64,False,123900,SE5EIMAIEKEI,2025-05-16,0.951,0.685,0,-5.531,1,0.267,0.343,1.33e-06,0.297,0.875,100.016,4
2z0Ke8aGrzhjMlCdRFeU4S,I POLI MAS,"RICTA, LEX",31,10,13,GR,2025-06-11,64,True,230600,CITY CENTER II (DELUXE),2025-05-15,0.518,0.883,6,-6.717,0,0.323,0.29,0.0,0.0529,0.542,118.805,5
6D5QFkJLHYuv5f7hvslZxz,MA BELLA,"RACK, TOQUEL, Beyond",32,-4,18,GR,2025-06-11,65,True,172500,EGO THERAPY,2024-06-13,0.748,0.738,7,-6.472,0,0.123,0.0869,0.0011,0.1,0.201,102.004,4
4cevw8iIIMDXzI0XIEnCpv,Alitiki Agapi,"LEX, Dof Twogee",33,4,0,GR,2025-06-11,65,True,217110,G.T.K.,2024-11-22,0.488,0.649,5,-8.345,0,0.304,0.823,1.45e-05,0.0955,0.346,100.046,4
5RquJn4F0DjTTzroC5pQRY,Xeiroteri Genia,"LEX, Dof Twogee",34,14,16,GR,2025-06-11,65,False,218647,G.T.K.,2024-11-22,0.744,0.867,11,-5.116,0,0.219,0.656,0.282,0.101,0.439,99.998,4
3CdFVH8SOVnvT0sJLT198p,ISOS,Sicario,35,-5,12,GR,2025-06-11,66,False,206500,H MASKA,2023-12-07,0.591,0.594,9,-9.017,0,0.0508,0.0957,0.0,0.132,0.302,99.865,4
3FP3DPRN3lw2APlsamN6yk,Feggari,APON,36,-1,6,GR,2025-06-11,64,False,137821,SEXERO,2024-02-21,0.732,0.703,6,-7.875,0,0.0426,0.277,6.02e-05,0.0716,0.313,101.012,4
6vAZ49VeVb8fQuSenKUBH2,Pano,"Bloody Hawk, TOQUEL",37,2,-10,GR,2025-06-11,64,True,210000,Fthina Tricks 2,2024-05-30,0.836,0.636,6,-7.589,0,0.325,0.394,0.0,0.0883,0.445,104.166,4
7EeEMoAJVKzhO5uqNH7Oqm,XOROS,Sicario,38,-4,12,GR,2025-06-11,65,False,165600,H MASKA,2023-12-07,0.691,0.763,11,-8.285,0,0.234,0.0641,0.0,0.126,0.133,100.143,4
2n73aqgd0BcatAFnVcMWan,Tour Skit,"Bloody Hawk, Trouf",39,-1,-18,GR,2025-06-11,63,True,161333,Fthina Tricks 3,2025-05-29,0.76,0.859,8,-7.582,0,0.265,0.0474,3.18e-06,0.0335,0.748,98.014,4
6R2utRyFhiEBnyz6afQ9Pe,ILEGAL,"TOQUEL, FLY LO, Beyond",40,-4,-3,GR,2025-06-11,66,True,168888,ILEGAL,2024-11-28,0.775,0.737,0,-6.426,0,0.0833,0.317,6.52e-05,0.135,0.421,134.988,4
7rgTr97Ob29FuuKCHqB7a4,Nyxterides,"LEX, Dof Twogee",41,9,8,GR,2025-06-11,64,True,207225,G.T.K.,2024-11-22,0.749,0.806,4,-6.069,0,0.176,0.358,0.0865,0.232,0.431,101.962,4
1wpFDhpTDMfkPRijmIajnM,CONCERTO,"Light, RACK",42,8,8,GR,2025-06-11,65,True,187766,CAPO DEI CAPI,2025-05-01,0.42,0.639,9,-4.901,0,0.1,0.167,0.0,0.168,0.36,86.002,4
2zR6FzBG3hAfZoWz7MsqT1,Xiliometra,APON,43,-10,-9,GR,2025-06-11,62,False,157578,Oneiropolos,2025-05-09,0.391,0.458,9,-9.436,0,0.059,0.879,0.000158,0.0791,0.291,128.985,5
7ss3C9Yp2FVngkwkGx8OqT,Kolpo,Bloody Hawk,44,-4,-25,GR,2025-06-11,63,True,505333,Fthina Tricks 3,2025-05-29,0.79,0.574,8,-5.662,0,0.271,0.273,2.92e-05,0.116,0.711,95.101,4
3Q3e0KMeCinQONCLJyO69X,MOU ZITAS,"TOQUEL, FLY LO, Beyond",45,0,5,GR,2025-06-11,65,True,177600,ILEGAL,2024-11-28,0.713,0.595,10,-7.914,1,0.0733,0.342,0.00332,0.0978,0.2,100.032,4
7eVEcqGwyn59jK1hBaFhgP,BLOUZAKI,Marina Satti,46,1,-14,GR,2025-06-11,66,False,156862,POP TOO,2025-04-24,0.748,0.781,0,-4.035,1,0.0941,0.309,0.0,0.452,0.881,152.97,4
5DfPEPrd3BoWL0NnwPlpTw,Gia Sena,"Saske, Grandbois, Th Mark",47,-3,3,GR,2025-06-11,66,True,177567,Gia Sena,2024-12-26,0.654,0.486,6,-7.504,0,0.0361,0.0463,0.0459,0.577,0.142,111.005,4
5nPbKG04fhLkIAjcPFaZq7,I Adore You (feat. Daecolm),"HUGEL, Topic, Arash, Daecolm",48,-6,2,GR,2025-06-11,89,False,214000,I Adore You (feat. Daecolm),2024-07-19,0.704,0.787,11,-6.751,0,0.0462,0.00926,0.00538,0.159,0.31,119.996,4
1BJJbSX6muJVF2AK7uH1x4,Move,"Adam Port, Stryv, Keinemusik, Orso, Malachiii",49,-6,1,GR,2025-06-11,89,False,177598,Move,2024-06-07,0.727,0.782,8,-8.529,0,0.042,0.0563,0.336,0.225,0.655,119.992,4
77Wm22dAxuoUaanH6Rx7aT,MCMG,"TOQUEL, FLY LO",50,-1,-15,GR,2025-06-11,67,True,177230,MCMG,2025-03-27,0.805,0.484,8,-8.964,0,0.264,0.192,8.75e-06,0.0858,0.336,130.045,4
6ctcVdXaJKn5LVFDjMBqzc,Paris,Nono La Grinta,1,0,1,FR,2025-06-11,82,True,172259,Paris,2025-04-02,0.831,0.854,5,-5.52,0,0.0967,0.12,0.0,0.147,0.358,124.003,4
2t5LPLptBemV0W8IGLBLju,KYKY2BONDY,Hamza,2,0,-1,FR,2025-06-11,87,True,137173,KYKY2BONDY,2025-05-02,0.906,0.402,0,-8.708,0,0.474,0.075,0.0,0.118,0.746,140.103,4
6nkFbmDY84a9rejFSbIMdj,Impardonnable,Damso,3,0,0,FR,2025-06-11,80,True,190373,BĒYĀH,2025-05-30,0.643,0.648,5,-7.307,0,0.125,0.205,1.51e-06,0.126,0.64,187.577,3
3SBBYSbzkLvx96bKzneYsF,Melrose Place,"KeBlack, Guy2Bezbar",4,0,0,FR,2025-06-11,78,True,156676,Focus Mentalité,2025-04-04,0.603,0.782,6,-5.86,0,0.165,0.0319,0.0,0.0452,0.497,121.029,4
58rVY9wmIYBOzdLXygVs6i,Mood,KeBlack,5,0,1,FR,2025-06-11,76,True,171537,Focus,2024-11-22,0.752,0.694,11,-7.437,0,0.117,0.151,0.0713,0.132,0.696,127.045,4
2uBKQbVcw8G9m34lGYM6VA,NINAO,GIMS,6,0,6,FR,2025-06-11,80,False,167813,LE NORD SE SOUVIENT : L'ODYSSÉE,2025-02-20,0.805,0.57,7,-9.007,0,0.101,0.175,3.38e-06,0.115,0.867,122.984,4
7heoPFrtuH6JU6AcfzjWHp,Pa Pa Paw,"Damso, SARAH SEY",7,1,-2,FR,2025-06-11,77,True,215813,BĒYĀH,2025-05-30,0.804,0.608,8,-6.753,0,0.209,0.212,0.000132,0.144,0.359,127.023,4
4GB4R2CJe5kLrjWTusDR8p,Los Angeles,Siaka,8,-1,0,FR,2025-06-11,79,False,185693,Los Angeles,2021-11-29,0.79,0.575,3,-9.229,0,0.283,0.767,2.82e-06,0.109,0.444,137.108,4
6CRb7rnmx8Mqrb8cpixcVi,Mia,"SEYSEY, BOLEMVN",9,1,2,FR,2025-06-11,76,True,179757,Mia,2023-06-23,0.655,0.821,7,-5.372,0,0.0445,0.765,0.00891,0.0924,0.666,105.059,3
3iqcqAwtnurPNJAcvwVIyt,Mimi,Jul,10,-1,-1,FR,2025-06-11,82,True,219293,D&P à vie,2025-04-25,0.718,0.894,8,-4.347,0,0.0551,0.0218,0.000185,0.0903,0.725,109.67,4
6xOiC7SgWCFsipcM69jIDO,Piano,"Werenoi, GIMS",11,0,2,FR,2025-06-11,81,False,173538,Piano,2025-05-02,0.8,0.729,4,-5.69,0,0.112,0.0921,0.0,0.128,0.708,129.926,4
15vGti1ooNZFlDUdlLukX6,Dolce Camara,"Booba, SDM",12,2,-2,FR,2025-06-11,74,True,178401,AD VITAM ÆTERNAM,2024-02-08,0.785,0.692,1,-5.756,0,0.339,0.406,0.0,0.0559,0.649,112.035,4
7sGKXFxcDp0SD1hDk6rWH4,Love is blind,Damso,13,6,-6,FR,2025-06-11,76,True,200706,BĒYĀH,2025-05-30,0.774,0.503,8,-7.733,0,0.0504,0.371,3.4e-05,0.237,0.331,123.032,4
78Y0EwVQ9kdQFTIOzr7lUd,Phénoménal,Jul,14,-2,2,FR,2025-06-11,77,True,204973,D&P à vie,2025-04-25,0.862,0.795,7,-5.634,0,0.162,0.289,4.72e-06,0.187,0.574,132.965,4
4liOLSxxEllQ61qaR4pFJL,Pélican,L2B,15,-2,3,FR,2025-06-11,75,True,165653,Nés Pour Briller : Book I,2025-02-20,0.825,0.554,5,-9.631,0,0.395,0.239,0.0,0.0459,0.763,93.021,3
2RkZ5LkEzeHGRsmDqKwmaJ,Ordinary,Alex Warren,16,-1,1,FR,2025-06-11,95,False,186964,"You'll Be Alright, Kid (Chapter 1)",2024-09-26,0.368,0.694,2,-6.141,1,0.06,0.704,6.59e-06,0.055,0.391,168.115,3
4oVMLxxYpQLYx8gx4JjuuY,SPIDER,"GIMS, DYSTINCT",17,0,8,FR,2025-06-11,80,False,188818,LE NORD SE SOUVIENT,2024-09-13,0.823,0.691,9,-7.322,0,0.197,0.0774,1.73e-06,0.1,0.707,119.96,4
0WouBx1UMK02ZO4br1fgWh,Chambre 04,"DJ Kawest, Attachingboy",18,0,3,FR,2025-06-11,74,False,129056,Hybride,2024-12-06,0.877,0.49,1,-7.178,1,0.29,0.554,9.37e-06,0.0886,0.434,99.974,4
7C13bFjFdELL8ioTMtVbZ5,Balade,"1D1R, Vacra",19,2,8,FR,2025-06-11,71,False,193401,Meraki,2025-03-21,0.796,0.666,0,-8.2,0,0.14,0.627,0.0498,0.0989,0.577,119.952,4
1RiCNSkK4AfT1j8ZM4JnVs,CIEL,GIMS,20,-4,4,FR,2025-06-11,78,False,186461,LE NORD SE SOUVIENT,2024-09-13,0.797,0.605,4,-9.587,0,0.0769,0.129,0.0,0.13,0.874,129.933,4
2D2JZ8FHmkyGxcGrDpWGe4,Tout Pour L'équipe,L2B,21,1,-2,FR,2025-06-11,73,True,180973,Nés Pour Briller : Book II,2025-04-17,0.742,0.587,1,-8.698,1,0.114,0.0333,0.0,0.139,0.625,115.994,4
1sccu8ze6ETRiNbNH9pj5N,SOIS PAS TIMIDE,GIMS,22,2,10,FR,2025-06-11,78,False,165978,LE NORD SE SOUVIENT,2024-09-13,0.917,0.658,1,-7.253,1,0.0933,0.0896,9.78e-06,0.0733,0.795,127.936,4
1LmeIVvg4CVTu6kicEVoAr,ZOU BISOU,"Theodora, Jul",23,5,12,FR,2025-06-11,70,True,162041,MEGA BBL,2025-05-29,0.811,0.864,8,-4.35,0,0.0759,0.366,8.2e-05,0.109,0.841,150.054,4
6PcVlezWXunO2Bh78iEq0W,Feel Good,Charlotte Cardin,24,-4,4,FR,2025-06-11,76,False,163472,Feel Good,2023-09-15,0.727,0.644,6,-5.514,0,0.0545,0.1,0.0,0.0896,0.688,111.078,4
26AJYfDkqXUTOXLW7fYOZO,Magic (feat. I.A.),"Damso, I.A.",25,9,-10,FR,2025-06-11,75,True,180360,BĒYĀH,2025-05-30,0.65,0.625,3,-6.439,0,0.0613,0.195,0.000368,0.101,0.606,190.001,4
4De1ry2yC79qVUR2So9to8,Bwo,Jul,26,-3,4,FR,2025-06-11,78,True,232706,Inspi d'ailleurs,2018-06-29,0.934,0.646,8,-6.686,0,0.0972,0.435,0.0,0.0874,0.861,126.036,4
1HCJ5RO87crtux9fWtXvDQ,JCVDEMS,Damso,27,4,-13,FR,2025-06-11,76,True,228573,BĒYĀH,2025-05-30,0.872,0.464,1,-8.904,0,0.277,0.134,0.0,0.12,0.408,119.007,4
3Byu179ofnuChb4zF1fMhu,Pétunias,Werenoi,28,-3,-8,FR,2025-06-11,78,True,210247,Pyramide,2024-02-16,0.722,0.545,11,-6.346,0,0.0343,0.429,0.0,0.101,0.374,121.048,4
5ITV0zqzjOYfFWpW0xBmRa,Show Me Love,"WizTheMc, bees & honey",29,-3,15,FR,2025-06-11,94,False,176965,Show Me Love,2025-02-07,0.714,0.691,1,-7.333,1,0.0434,0.0212,0.000292,0.111,0.155,107.15,4
1Mzg6bu3hkCwJKEf7v49MN,CARTIER SANTOS,SDM,30,0,7,FR,2025-06-11,78,True,183813,A LA VIE A LA MORT,2024-09-26,0.489,0.586,9,-7.218,0,0.327,0.0837,0.0,0.162,0.0892,89.493,4
35ISBknsCeZQtq66xABI9g,Messy,Lola Young,31,-4,12,FR,2025-06-11,89,True,284066,This Wasn't Meant For You Anyway,2024-06-21,0.798,0.562,9,-5.913,1,0.0375,0.11,0.00606,0.122,0.647,110.991,4
4w1If4bKokGKGMGxfxRE8j,PAY!,"Theodora, Guy2Bezbar",32,7,4,FR,2025-06-11,68,True,130699,BAD BOY LOVESTORY,2025-04-24,0.883,0.879,6,-2.722,0,0.134,0.119,5.39e-05,0.0911,0.841,130.086,4
6hl9Tc95QrqDk4Q3uWLHls,Shamballa,"Anyme023, Shaydee's",33,-1,14,FR,2025-06-11,76,True,147692,Shamballa,2025-03-20,0.817,0.513,10,-12.043,1,0.461,0.578,4.37e-06,0.243,0.646,103.902,4
0GRc3eGTg8HBdWLRGYgqIc,Azizam,Ed Sheeran,34,-5,15,FR,2025-06-11,92,False,162029,Azizam,2025-04-04,0.663,0.899,6,-5.103,1,0.0473,0.00255,0.0,0.065,0.876,127.998,4
6wggq2ikhLMnS0o1deK2Xz,FASHION DESIGNA,Theodora,35,8,15,FR,2025-06-11,72,True,184988,BAD BOY LOVESTORY,2024-11-01,0.83,0.758,5,-5.86,0,0.0683,0.0531,6.1e-05,0.274,0.538,111.985,4
1i3eRYUhy28Nl0zwcQNOdZ,APPELLE TA COPINE,GIMS,36,0,10,FR,2025-06-11,73,False,180923,APPELLE TA COPINE,2025-05-23,0.808,0.55,5,-7.854,0,0.119,0.0268,0.0,0.245,0.822,129.967,4
35M3SV65wTPKwFbgVKFfyE,TOUCHÉ,"GIMS, KeBlack",37,1,4,FR,2025-06-11,70,False,173445,LE NORD SE SOUVIENT : L'ODYSSÉE,2025-02-20,0.732,0.717,6,-8.365,0,0.361,0.305,0.0,0.109,0.664,119.055,4
66ku4Gq4k5xUqdVL4Oam2r,Poney,Werenoi,38,-1,-4,FR,2025-06-11,80,True,230000,Diamant Noir,2025-04-11,0.45,0.647,0,-5.872,0,0.167,0.268,0.0,0.134,0.392,86.116,3
3sK8wGT43QFpWrvNQsrQya,DtMF,Bad Bunny,39,2,11,FR,2025-06-11,97,True,237117,DeBÍ TiRAR MáS FOToS,2025-01-05,0.625,0.131,7,-27.405,0,0.0717,0.177,0.218,0.0807,0.032,136.02,4
2UntklImLREdP8pMAzr4c4,Run,"Rim'K, SDM",40,-7,-14,FR,2025-06-11,77,False,179253,Run,2025-01-06,0.575,0.656,9,-5.888,0,0.171,0.323,5.16e-05,0.142,0.649,126.065,4
7arCRGABaKdEFvGa3gCM9d,Baddies,"Aya Nakamura, Joé Dwèt Filé",41,4,-1,FR,2025-06-11,77,False,207403,Baddies,2025-05-15,0.734,0.699,0,-3.384,1,0.186,0.0885,0.0,0.0926,0.562,159.936,4
3LPLRNr58Z9Pn0clnEtkXb,Anxiety,Doechii,42,-7,8,FR,2025-06-11,85,True,249302,Alligator Bites Never Heal (Extended),2025-03-14,0.807,0.596,0,-6.818,1,0.0394,0.321,0.000294,0.105,0.881,129.013,4
5kfAx6phDHPpz5g8IAPyc2,Chemin d'or,Werenoi,43,4,-5,FR,2025-06-11,78,True,212093,Carré,2023-03-09,0.679,0.607,11,-6.72,0,0.161,0.354,0.0,0.159,0.396,91.444,3
46vaBmVDzufp98VPJCwtAU,Whine,TKS 2G,44,2,6,FR,2025-06-11,68,True,164600,Whine,2025-05-26,0.895,0.375,10,-13.085,0,0.057,0.285,0.0,0.108,0.681,102.012,4
3RTNVjAZmNJ6dIwqP5vbOj,Qui m’a demandé,Damso,45,3,-22,FR,2025-06-11,73,True,211893,BĒYĀH,2025-05-30,0.689,0.548,10,-7.346,0,0.0619,0.177,2.39e-05,0.0831,0.741,169.852,4
6hKkzk8UlVUj9ioPCyeH1O,Sous la lune,Jul,46,-2,-7,FR,2025-06-11,79,True,171000,Rien 100 Rien,2019-06-28,0.939,0.812,2,-6.053,0,0.0751,0.456,0.00028,0.0718,0.891,119.993,4
3rcYxqjhN14IdYmRwfWhbi,Sexy Woman,La Mano 1.9,47,-7,3,FR,2025-06-11,77,True,151168,Sexy Woman,2025-01-30,0.66,0.694,8,-5.14,1,0.203,0.443,0.0,0.29,0.399,77.071,4
6WfnzeciIa1Ta661GY9hue,Vrais,Ninho,48,-6,2,FR,2025-06-11,77,True,183013,M.I.L.S 2.0,2018-03-30,0.786,0.596,9,-7.686,0,0.238,0.408,0.000233,0.182,0.514,119.998,4
6eyghhEYVokzeUZnYmCxjI,Pichichi,Josas,49,0,1,FR,2025-06-11,70,False,178319,Pichichi,2025-01-30,0.752,0.909,3,-2.136,0,0.101,0.325,5.69e-06,0.11,0.513,99.993,4
2gkgXcvs3tQvUecGcy3IFO,Frère,Damso,50,0,-28,FR,2025-06-11,73,True,165800,BĒYĀH,2025-05-30,0.783,0.457,5,-8.015,1,0.402,0.191,1.56e-05,0.126,0.401,124.606,4
0qhInLAWcI38LnFEcKa2FV,Äiti Teresa (feat. Bizi),"ABREU, Bizi",1,1,0,FI,2025-06-11,66,False,164285,Äiti Teresa (feat. Bizi),2025-05-30,0.77,0.852,8,-4.13,1,0.0575,0.165,5.91e-06,0.228,0.653,117.009,4
6PWCKV8BtCneJCDOAlwyDr,Kävi miten kävi (feat. emma & matilda),"JVG, emma & matilda",2,-1,48,FI,2025-06-11,62,False,191215,Kävi miten kävi (feat. emma & matilda),2025-06-05,0.656,0.753,0,-4.594,0,0.0728,0.0666,5.69e-06,0.328,0.375,125.067,4
04URb3phAOfTFNB5f8pyEm,Rastat (feat. Jukka Poika),"Sexmane, Jukka Poika",3,0,47,FI,2025-06-11,58,True,180056,Rastat / Nelson Mandela (feat. Jukka Poika),2025-06-06,0.837,0.656,8,-5.652,0,0.0563,0.21,0.0,0.093,0.954,131.995,4
7m7Mmlw9m1NJxcYbvdW2z7,Aja tai kuole,"Lauri Haav, Mirella",4,0,-2,FI,2025-06-11,68,False,195230,Aja tai kuole,2025-05-22,0.658,0.758,0,-5.596,0,0.0639,0.147,2.41e-05,0.0806,0.579,135.16,4
4Ip1CSS61Oh3EUpDWRvpB8,ikilapsi,"ibe, Ares",5,0,45,FI,2025-06-11,59,False,195197,ikilapsi,2025-06-06,0.742,0.714,6,-4.591,0,0.0513,0.0336,0.0138,0.112,0.232,95.019,4
1w6TIY2vLkpGI9pXwfIfAd,Iconic,Sara Bee,6,0,44,FI,2025-06-11,57,True,118100,Baddie Issues,2025-06-06,0.9,0.711,1,-4.227,1,0.0649,0.104,0.00651,0.0942,0.694,123.971,4
6eIzQCYExfnNeM7KOlE3lE,Bara Bada Bastu,KAJ,7,1,-3,FI,2025-06-11,75,False,166880,Sauna Collection,2025-05-09,0.757,0.889,9,-4.729,0,0.0788,0.0754,2.32e-05,0.0397,0.754,106.037,4
6Pnv2q27FEAXKAPeuny5w5,Onneks,Ares,8,1,-5,FI,2025-06-11,69,True,160343,Onneks,2025-04-25,0.59,0.77,4,-5.458,0,0.155,0.0546,0.0,0.062,0.43,93.077,4
0MPSlDykbf5rHzieNkpBV1,Luuleks (feat. Ares),"Sara Bee, Ares",9,-2,41,FI,2025-06-11,46,True,183560,Baddie Issues,2025-06-06,0.841,0.771,7,-3.203,0,0.0364,0.0373,7.35e-05,0.0766,0.403,119.023,4
4QBks5nt05qmlblfid82Yr,Liike on lääke,Turisti,10,0,-5,FI,2025-06-11,67,True,172850,Liike on lääke,2025-04-04,0.735,0.605,6,-4.955,0,0.048,0.00595,0.0,0.0906,0.203,74.993,4
728CCaVme0Ppv8zrG9caYE,Menestys on paras tapa kostaa,Ares,11,0,1,FI,2025-06-11,65,True,165484,APATHIA,2025-01-24,0.683,0.637,2,-6.371,1,0.0419,0.205,0.024,0.285,0.356,155.89,4
3gWBWLw3J3XTy3QTo36GqJ,Espresso Macchiato,Tommy Cash,12,0,-4,FI,2025-06-11,79,False,173746,Espresso Macchiato,2024-12-07,0.678,0.694,11,-6.183,0,0.0487,0.0123,1.62e-05,0.133,0.646,119.87,4
3VEV0SQHNl533SrB6bbIPY,Mun ihminen,ELLIMEI,13,2,-4,FI,2025-06-11,67,False,153141,Mun ihminen,2025-04-11,0.803,0.452,9,-8.25,0,0.165,0.561,0.00234,0.145,0.373,120.995,4
7FsF80Hta5P4bSZ3HL6KRr,Yks mun ongelmist (feat. Jore & Zpoppa),"DAVI, Jore & Zpoppa",14,4,0,FI,2025-06-11,66,True,207080,Yks mun ongelmist (feat. Jore & Zpoppa),2025-04-25,0.8,0.762,4,-3.11,0,0.0511,0.014,0.0,0.488,0.537,124.978,4
4YklVPiwl9oF6mVsdQiVCc,Kultainen sukupolvi,Ellinoora,15,-2,35,FI,2025-06-11,55,False,217213,Kultainen sukupolvi,2025-06-06,0.69,0.851,5,-5.659,0,0.0379,0.372,0.0,0.273,0.395,130.989,4
09rz8UVupw08GyfqSX92oo,Herkkukauppa (Bam Tsiki Tsiki),AikaPoliisi,16,0,-5,FI,2025-06-11,65,False,225600,Herkkukauppa (Bam Tsiki Tsiki),2021-06-23,0.628,0.781,11,-8.335,0,0.0291,0.0563,0.000985,0.113,0.709,125.006,4
0UxaNxUNLleuXOPtnPnCTZ,Vanhasta Uuteen,Isac Elliot,17,-3,-10,FI,2025-06-11,66,False,169646,Vanhasta Uuteen,2025-03-28,0.487,0.836,8,-6.074,0,0.0331,0.0302,0.0,0.132,0.61,173.018,4
6zLzNEyVqtyZoohE75maSy,Diva,Averagekidluke,18,5,13,FI,2025-06-11,62,False,151500,Diva,2024-11-15,0.621,0.762,10,-6.052,0,0.0807,0.294,0.00912,0.314,0.363,129.926,4
4zACFvSmRveb8hddn684db,NRO1 BÄMÄ,OLGA,19,-2,-1,FI,2025-06-11,53,True,154054,SAINT OLGA,2025-05-29,0.746,0.935,1,-3.98,0,0.0552,0.04,3.99e-05,0.109,0.686,147.99,4
5GsPlZhyZhpYWqFQagfySb,Sisko,emma & matilda,20,0,-5,FI,2025-06-11,65,False,209523,Sisko,2025-03-21,0.632,0.771,7,-6.211,0,0.0308,0.299,0.0307,0.124,0.523,103.023,4
20K4ACwbRhAQAsY07m96Ca,Cha Cha Cha / Rim Tim Tagi Dim (Battle Mashup),"Käärijä, Baby Lasagna",21,0,29,FI,2025-06-11,65,False,115075,Cha Cha Cha / Rim Tim Tagi Dim (Battle Mashup),2025-06-06,0.694,0.858,11,-5.622,0,0.0806,0.014,0.000261,0.352,0.683,155.076,4
5zBFyivO2fctJtXufjyVz5,Kaistaa,"BESS, Käärijä",22,0,-5,FI,2025-06-11,67,False,190608,Kaistaa,2025-03-20,0.689,0.854,6,-4.725,0,0.0429,0.0726,0.000383,0.233,0.743,143.983,4
57Stuvnw9HYOTKsmHxk9gV,Leima (feat. Turisti),"Jenni Vartiainen, Turisti",23,-4,-10,FI,2025-06-11,66,False,156110,ORIGO,2025-03-21,0.716,0.705,9,-5.854,0,0.0913,0.195,4.43e-05,0.102,0.708,99.956,4
2EWr723Hah4EUGjPU5kDXf,Ylibuukattu,"Korelon, Sliki",24,1,26,FI,2025-06-11,45,False,169237,Ylibuukattu,2025-05-08,0.83,0.822,7,-4.428,0,0.21,0.133,0.0,0.129,0.711,100.01,4
45W3OW8VgBNjb8lOpPXWeT,Ollaanko tämä kesä näin?,Olavi Uusivirta,25,5,8,FI,2025-06-11,59,False,257386,Ikuiset lapset,2014-01-01,0.463,0.896,7,-7.305,0,0.0467,0.238,3.5e-05,0.205,0.545,161.035,4
5FWF6wWO488FWlljL3Fgo3,Rehellisesti,JVG,26,0,-5,FI,2025-06-11,64,False,190339,Rehellisesti,2025-01-31,0.633,0.832,10,-3.278,0,0.046,0.0278,1.02e-05,0.269,0.672,128.042,4
4bACqTb4EekHtwwMhLPgBs,Syntymämerkit,"helmi marleena, Asla Jo",27,1,23,FI,2025-06-11,54,False,190612,Syntymämerkit,2025-05-30,0.715,0.469,2,-7.326,0,0.0338,0.896,2.45e-06,0.124,0.303,134.081,4
7jLUZ7Hah28SRrs3NDugpD,Toisessa elämässä,Lauri Haav,28,3,-12,FI,2025-06-11,67,False,209683,Toisessa elämässä,2025-04-11,0.459,0.758,5,-3.963,0,0.31,0.0831,0.0,0.322,0.349,119.826,5
5LUbJo8GHzcqlCCrE83c05,#eurodab,"Käärijä, Baby Lasagna",29,-5,-9,FI,2025-06-11,75,False,158183,#eurodab,2025-05-16,0.674,0.728,6,-5.913,0,0.156,0.0215,4.64e-05,0.101,0.625,175.185,4
7g1CmPDygUhWbEbFT56NGV,Mä en osaa tanssii (feat. Karri Koira),"Gasellit, Karri Koira",30,-1,-7,FI,2025-06-11,59,False,213463,Mä en osaa tanssii (feat. Karri Koira),2025-05-30,0.676,0.885,9,-3.567,1,0.171,0.012,0.0,0.105,0.852,123.01,4
7mE8yO4bUH2IEs4ouymhJo,SATUMAA,Senya,31,-4,19,FI,2025-06-11,53,False,172750,SATUMAA,2025-06-06,0.714,0.869,8,-3.998,1,0.0697,0.01,0.0,0.232,0.495,150.07,4
7fdNCtxfZArtOZK3hLqqm3,Taikuri,Turisti,32,1,-8,FI,2025-06-11,64,True,176788,ROADMAN,2024-09-20,0.72,0.804,4,-3.377,0,0.061,0.0579,0.0,0.298,0.677,145.037,4
5CbkZJipjT198pDW8v3k2u,Iha miten vaa,"Ares, Averagekidluke, Turisti",33,10,-4,FI,2025-06-11,61,True,196837,APATHIA,2025-01-24,0.758,0.754,11,-3.388,0,0.0597,0.0296,2.71e-06,0.0824,0.497,100.014,4
36lT6tdND08VVvv3HwbhZD,Timanttei,Mirella,34,2,-7,FI,2025-06-11,60,False,209074,Kunpa oisin kertonut,2024-10-31,0.66,0.681,2,-5.242,0,0.0396,0.318,0.000502,0.129,0.517,129.885,4
0sEyktdaOL7Oe3Hstucmgc,MVP (feat. ibe & Elastinen),"Jore & Zpoppa, ibe, Elastinen",35,-3,-13,FI,2025-06-11,61,True,185605,Monsteri,2025-03-07,0.747,0.552,10,-5.409,0,0.0381,0.481,1.65e-05,0.0781,0.644,97.03,4
20Nt3aOo3er6LNt7SMg8dY,Tuhat ja yksi yötä (feat. Pyrythekid),"Karim B, Pyrythekid",36,-1,14,FI,2025-06-11,52,False,157226,Tuhat ja yksi yötä (feat. Pyrythekid),2025-06-06,0.592,0.839,2,-3.032,1,0.0609,0.215,0.0,0.101,0.458,95.972,4
5WfCy8iS2IOdwnLuJktPJX,Paha vaanii (feat. Antti),"Niilo, Antti",37,-3,13,FI,2025-06-11,51,False,206093,Paha vaanii (feat. Antti),2025-06-06,0.675,0.783,0,-6.929,0,0.0386,0.388,6.91e-06,0.0909,0.753,105.47,4
04ItU6vyhnq8QHKIrYqDR1,Kaiken arvoinen,Behm,38,6,-10,FI,2025-06-11,64,False,234880,Kaiken arvoinen,2025-04-11,0.581,0.886,11,-4.845,1,0.0458,0.0256,0.0,0.127,0.601,150.066,4
2RkZ5LkEzeHGRsmDqKwmaJ,Ordinary,Alex Warren,39,0,-9,FI,2025-06-11,95,False,186964,"You'll Be Alright, Kid (Chapter 1)",2024-09-26,0.368,0.694,2,-6.141,1,0.06,0.704,6.59e-06,0.055,0.391,168.115,3
4GKP3ZIE6dBeZzhaPI6jGy,Haaveissa Vainko Oot Mun,Ares,40,1,10,FI,2025-06-11,53,False,171747,Haaveissa Vainko Oot Mun,2025-06-04,0.637,0.839,10,-4.646,1,0.0453,0.183,0.22,0.265,0.344,159.95,4
42UBPzRMh5yyz0EDPr6fr1,Manchild,Sabrina Carpenter,41,-4,9,FI,2025-06-11,89,True,213645,Manchild,2025-06-05,0.731,0.685,7,-5.087,1,0.0572,0.122,0.0,0.317,0.811,123.01,4
6wspZiK5qqoX0HL6zYX4CQ,Mitä meist jää,Averagekidluke,42,-4,-10,FI,2025-06-11,63,False,149058,Mitä meist jää,2025-02-28,0.755,0.781,6,-5.662,0,0.0563,0.247,0.00321,0.199,0.526,106.948,4
7Ih2bWlEQU3vg2s28qw607,Gardenia,Haloo Helsinki!,43,2,-8,FI,2025-06-11,64,False,248213,Gardenia,2025-03-21,0.663,0.848,11,-5.726,0,0.0347,0.0095,3.84e-06,0.0673,0.756,124.981,4
19LWPpXTX49k1KANJ46ydb,Diana,Turisti,44,-2,-19,FI,2025-06-11,63,False,178339,Diana,2025-02-14,0.815,0.566,6,-6.824,1,0.169,0.0538,0.0,0.107,0.795,140.016,4
73kBsYMLlAQFcGym49f74g,Lightskinboy (feat. Sexmane),"Turisti, Sexmane",45,-5,-7,FI,2025-06-11,59,True,146666,ROADMAN,2024-09-20,0.747,0.671,8,-3.51,1,0.0749,0.0355,0.000466,0.0796,0.785,161.958,4
7ceplN1E5dAupsN6Muxlfr,Leffastara,Costi,46,1,-27,FI,2025-06-11,59,False,158135,Leffastara,2025-05-30,0.863,0.612,5,-6.098,0,0.0562,0.0688,0.0145,0.19,0.748,105.978,4
4jWL1qqesCvi9DafuJ5238,Tytöt tietää,Etta,47,-1,-21,FI,2025-06-11,64,True,154629,Tytöt tietää,2025-05-09,0.794,0.722,9,-6.006,0,0.0415,0.0811,5.63e-06,0.558,0.656,119.004,4
0eSQ3lbfVY9MgPD7lGsGSq,Vihaajat vihaa,Bee,48,1,-1,FI,2025-06-11,56,False,152792,Vihaajat vihaa,2025-05-30,0.615,0.655,10,-4.831,0,0.158,0.153,8.34e-06,0.199,0.601,77.281,4
3gEmQZnsmDrttYiBM2WYdD,Luotathan,"Mirella, Lauri Haav",49,-1,-15,FI,2025-06-11,58,False,200536,Kunpa oisin kertonut,2024-10-31,0.62,0.703,5,-5.053,0,0.0567,0.0732,2.18e-05,0.115,0.27,126.979,4
3P1pM5vlWSugzuBlVKRZjG,T-paita (feat. Bizi),"Ares, Bizi",50,0,-8,FI,2025-06-11,63,False,154728,APATHIA,2025-01-24,0.728,0.734,7,-6.101,1,0.064,0.32,0.00251,0.0955,0.797,156.996,4
6iOndD4OFo7GkaDypWQIou,La Plena - W Sound 05,"W Sound, Beéle, Ovy On The Drums",1,1,2,ES,2025-06-11,95,True,150001,La Plena (W Sound 05),2025-02-19,0.894,0.643,5,-3.485,1,0.132,0.543,0.000984,0.101,0.659,99.039,4
1HEwEN64NjgTaHmo7LfkX8,no tiene sentido,Beéle,2,-1,0,ES,2025-06-11,89,False,158036,BORONDO,2025-05-15,0.671,0.596,2,-7.565,0,0.0556,0.0871,1.97e-05,0.119,0.497,121.976,4
3jAshemiRYWukWLtT3Ivrb,SOLEAO,"Myke Towers, Quevedo",3,0,3,ES,2025-06-11,82,False,218305,SOLEAO,2025-05-29,0.738,0.606,5,-5.175,0,0.0603,0.253,1.11e-05,0.105,0.628,104.131,4
1cmfXbOvNJt7iDrnJy5BRE,DROGA,"Mora, C. Tangana",4,0,-3,ES,2025-06-11,85,True,222626,LO MISMO DE SIEMPRE,2025-05-18,0.695,0.848,0,-5.039,0,0.0569,0.383,0.0,0.078,0.878,76.022,4
2mdrVnxEnPR6iFijakkxQS,QLOO*,"Young Cister, Kreamly",5,0,6,ES,2025-06-11,82,False,148915,QLOO*,2025-05-22,0.711,0.794,5,-4.722,0,0.0996,0.287,0.0,0.348,0.661,117.941,4
4DnrAI8WyUY6gkOwl8GlPN,capaz (merengueton),"Alleh, Yorghaki",6,0,-1,ES,2025-06-11,90,False,173858,LA CIUDAD,2024-12-24,0.872,0.614,3,-5.618,0,0.181,0.0815,0.000207,0.135,0.785,126.957,4
18m5dJOPB2geFwOymXNaWg,AURORA,"Mora, De La Rose",7,0,-3,ES,2025-06-11,85,True,192853,LO MISMO DE SIEMPRE,2025-05-18,0.595,0.761,11,-4.966,0,0.042,0.592,0.0,0.202,0.367,111.926,4
4ppQIsBpwNRKjOPPBZTgd0,Da Me,Bad Gyal,8,2,42,ES,2025-06-11,70,False,145506,Da Me,2025-06-05,0.667,0.759,11,-5.495,0,0.153,0.19,0.0,0.0811,0.36,179.996,4
1k4Iyemx6P5fba7RRcHmeb,Still Luvin,"Delaossa, Quevedo, Bigla The Kid",9,-1,-1,ES,2025-06-11,78,False,246974,La Madrugá,2025-03-20,0.73,0.731,6,-6.539,1,0.29,0.36,0.0,0.104,0.634,106.964,4
4zhk2RS2EZODmBW6il55Qj,mi refe,"Beéle, Ovy On The Drums",10,-1,2,ES,2025-06-11,85,False,159404,BORONDO,2025-05-15,0.637,0.648,7,-5.306,0,0.271,0.403,5.41e-05,0.119,0.441,123.108,4
3HwOh611McmotNJOLEb66y,CUANDO HABLES CON ÉL,Aitana,11,0,-4,ES,2025-06-11,78,False,185869,CUARTO AZUL,2025-05-29,0.533,0.318,9,-8.149,1,0.0427,0.928,3.38e-05,0.091,0.34,120.889,5
6OCNg7QchXJMww1LHMjIzb,Hiekka,"Nicky Jam, Beéle",12,0,-2,ES,2025-06-11,86,False,213333,Hiekka,2025-05-02,0.724,0.726,4,-4.077,0,0.0416,0.0451,0.0,0.12,0.332,107.865,4
7d6yK8v8J484SWH5prIQiE,VeLDÁ,"Bad Bunny, Omar Courtz, Dei V",13,0,3,ES,2025-06-11,92,True,235336,DeBÍ TiRAR MáS FOToS,2025-01-05,0.613,0.981,1,-18.638,1,0.149,0.29,0.0023,0.437,0.0337,101.852,3
2efbgTtEGNpsUZaOfgRTR6,blackout 🧊,"Emilia, TINI, Nicki Nicole",14,1,5,ES,2025-06-11,85,False,182282,blackout 🧊,2025-03-25,0.778,0.787,9,-2.447,0,0.0478,0.245,0.000106,0.111,0.957,137.994,4
6l18mUHOGVZRr5wTyITX0M,6 DE FEBRERO,Aitana,15,-1,-6,ES,2025-06-11,73,False,175584,CUARTO AZUL,2025-05-29,0.677,0.613,2,-4.768,1,0.0314,0.0264,0.0,0.0652,0.595,116.969,3
2lTm559tuIvatlT1u0JYG2,BAILE INoLVIDABLE,Bad Bunny,16,1,1,ES,2025-06-11,96,True,367725,DeBÍ TiRAR MáS FOToS,2025-01-05,0.168,0.00332,10,-46.113,1,0.0615,0.192,0.79,0.112,0.219,119.387,3
1dnKyTHMBWzbYZ2LDXBefu,FLIPA,"JC Reyes, Dei V",17,-1,-4,ES,2025-06-11,83,False,175200,NACER DE NUEVO,2025-03-13,0.774,0.751,6,-4.984,0,0.0738,0.215,0.000159,0.0769,0.579,99.992,4
1CTTIrl42flqn1WYUoxl0H,NINFO,"JC Reyes, De La Rose, MC Menor JP",18,1,6,ES,2025-06-11,76,False,184615,NACER DE NUEVO,2025-03-13,0.756,0.76,7,-5.182,0,0.0379,0.655,0.0,0.482,0.914,129.989,4
2SPBFiD8iITb8CKJGz1TEQ,111,Yan Block,19,3,1,ES,2025-06-11,86,True,153750,111,2025-02-20,0.792,0.498,4,-10.327,0,0.196,0.501,0.165,0.0951,0.14,127.974,4
0dLdgRj8l4N0rmAwDxIV1Z,CELOSA,"JC Reyes, David Marley",20,-2,2,ES,2025-06-11,72,False,146000,NACER DE NUEVO,2025-03-13,0.837,0.536,5,-5.933,1,0.118,0.669,0.00117,0.136,0.614,120.053,4
63zeT81t627KKfZsC920QN,REMEDIO,"JC Reyes, Pirlo",21,0,5,ES,2025-06-11,72,False,139534,NACER DE NUEVO,2025-03-13,0.59,0.401,8,-7.542,1,0.153,0.499,0.0,0.113,0.301,114.058,5
75hHR4TZqvB22EY0ntZfk1,GUAYA,"Lucho RK, Quevedo",22,-2,-8,ES,2025-06-11,81,False,194680,GUAYA,2025-05-09,0.669,0.846,4,-5.32,0,0.0733,0.104,0.0,0.115,0.823,93.955,4
6WatFBLVB0x077xWeoVc2k,Si Antes Te Hubiera Conocido,KAROL G,23,2,5,ES,2025-06-11,94,False,195824,Si Antes Te Hubiera Conocido,2024-06-21,0.924,0.668,11,-6.795,1,0.0469,0.446,0.000594,0.0678,0.787,128.027,4
2kQ1OvmMzs1xdlH020aJJh,GRAN VÍA,"Quevedo, Aitana",24,0,-3,ES,2025-06-11,80,False,213528,BUENAS NOCHES,2024-11-22,0.641,0.827,5,-4.921,0,0.0631,0.157,0.0,0.357,0.722,159.961,4
2BvPMS2XWfnCpHHvWeOyeC,DETRÁS DE TU ALMA,Mora,25,3,-2,ES,2025-06-11,83,True,237000,LO MISMO DE SIEMPRE,2025-05-18,0.433,0.733,4,-5.54,0,0.128,0.503,0.0,0.244,0.263,89.405,4
29twJUQo66aqSd3lxoeswV,Comernos,"Omar Courtz, Bad Gyal",26,-3,1,ES,2025-06-11,82,True,221373,Comernos,2025-04-17,0.779,0.862,8,-3.235,0,0.0835,0.199,7.57e-06,0.126,0.355,89.998,4
3I4YGWwJoqBdBGVnkRjnVw,secuestro,"Slayter, Yan Block, NTG",27,-1,4,ES,2025-06-11,78,True,194062,dile no a las drogas,2025-04-10,0.764,0.568,10,-6.004,0,0.134,0.639,0.0151,0.144,0.674,94.02,4
2ANtIUI9cipWNI685VdlZb,Resentia,Pablo Chill-E,28,-1,6,ES,2025-06-11,82,True,200526,Los Gangsters Tambien Lloran,2024-03-29,0.754,0.692,1,-5.732,1,0.075,0.163,0.0,0.127,0.811,95.015,4
58ldPuiCULxm08TCZ8qX4D,HALO,"Quevedo, La Pantera",29,1,6,ES,2025-06-11,74,False,181261,BUENAS NOCHES,2024-11-22,0.829,0.786,11,-4.879,0,0.073,0.282,0.000347,0.1,0.618,100.037,4
5TFD2bmFKGhoCRbX61nXY5,NUEVAYoL,Bad Bunny,30,-1,3,ES,2025-06-11,94,False,183685,DeBÍ TiRAR MáS FOToS,2025-01-05,0.142,0.195,6,-20.024,1,0.139,0.265,0.995,0.204,0.12,137.922,4
0JY2QXSvlpA8DZwgaAYWlY,Solcito,"Miguel Bueno, Juan Duque",31,19,19,ES,2025-06-11,0,False,144000,Solcito,2025-03-13,0.766,0.576,8,-8.165,0,0.101,0.307,0.00035,0.351,0.773,99.968,4
1o4xkdBe0RjSf2u6VXi4OI,444,"Yan Block, Panda Black",32,10,7,ES,2025-06-11,85,True,175280,444,2024-04-04,0.435,0.61,1,-8.114,0,0.0895,0.152,1.21e-05,0.142,0.22,118.653,5
0DMJz677XfXiiruhIELu2e,VITAMINA,"Jombriel, DFZM, Jøtta",33,6,4,ES,2025-06-11,92,False,208743,VITAMINA,2025-02-27,0.815,0.746,10,-4.855,0,0.0528,0.015,2.26e-06,0.056,0.768,92.007,4
3Ob9NJaBlOGDvndnG6G2PW,MÁS QUE ALGO,"Mora, Omar Courtz",34,-3,-16,ES,2025-06-11,82,True,242306,LO MISMO DE SIEMPRE,2025-05-18,0.564,0.619,7,-6.331,1,0.0495,0.737,0.0,0.122,0.403,103.05,4
3sK8wGT43QFpWrvNQsrQya,DtMF,Bad Bunny,35,3,3,ES,2025-06-11,97,True,237117,DeBÍ TiRAR MáS FOToS,2025-01-05,0.625,0.131,7,-27.405,0,0.0717,0.177,0.218,0.0807,0.032,136.02,4
5DdLSEyKh8zgCrJq2hFj92,Yo sé,"Yan Block, TORRRES",36,1,10,ES,2025-06-11,86,True,129705,Yo sé,2024-05-23,0.716,0.462,5,-9.847,0,0.128,0.68,0.0,0.132,0.626,136.045,4
6J5kc12BW5HuP3d7C3vvx8,EoO,Bad Bunny,37,-4,-1,ES,2025-06-11,94,True,204768,DeBÍ TiRAR MáS FOToS,2025-01-05,0.36,0.464,10,-29.598,0,0.0702,0.749,0.859,0.0825,0.184,63.662,4
10MpBpx64MNixmUMNj7f6b,LATINA FOREVA,KAROL G,38,-2,-9,ES,2025-06-11,88,True,159452,LATINA FOREVA,2025-05-22,0.806,0.715,1,-3.539,0,0.0538,0.0115,0.0,0.0756,0.5,97.936,4
3fmw8iIyQDS2L7nE6Wd0xG,sobelove,Beéle,39,2,6,ES,2025-06-11,81,False,131827,BORONDO,2025-05-15,0.756,0.721,8,-4.046,0,0.191,0.36,9.88e-06,0.0794,0.715,111.994,4
6rWIHEedAYET828v7QY22S,CONEXIÓN PSÍQUICA,Aitana,40,-8,-10,ES,2025-06-11,72,False,220137,CUARTO AZUL,2025-05-29,0.773,0.714,8,-5.229,1,0.0346,0.0218,0.429,0.0789,0.644,144.957,4
5FLzweTtgQurkLPs0E7uEO,Priti,"Danny Ocean, Sech",41,-7,-26,ES,2025-06-11,87,False,130968,Priti,2025-03-20,0.8,0.681,9,-7.307,1,0.0499,0.163,0.0,0.101,0.523,121.915,4
31we7ZzWdSBEOKs5Ln6QVF,NUBES,"De La Rose, Omar Courtz",42,-2,8,ES,2025-06-11,85,True,271801,NUBES,2025-04-03,0.657,0.666,7,-3.786,1,0.0302,0.243,0.0,0.101,0.19,99.945,4
59D4DOkspUbWyMmbAPQkxZ,VOY A LLeVARTE PA PR,Bad Bunny,43,-8,-3,ES,2025-06-11,93,True,156364,DeBÍ TiRAR MáS FOToS,2025-01-05,0.148,0.604,7,-35.032,1,0.0588,0.921,0.453,0.405,1e-05,106.295,3
0l0vcZMU7AOeQmUIREoI2U,Qué Pasaría...,"Rauw Alejandro, Bad Bunny",44,2,6,ES,2025-06-11,91,True,191018,Cosa Nuestra,2024-11-15,0.833,0.563,4,-5.593,0,0.204,0.528,1.27e-05,0.139,0.343,105.008,4
2QP041AcWg8PwPIWP95RKN,top diesel,Beéle,45,0,5,ES,2025-06-11,82,False,189456,BORONDO,2025-05-15,0.825,0.73,5,-4.007,1,0.11,0.144,0.000884,0.0435,0.77,99.995,4
6hpuesKPNa3WhV48O7Fa47,SUPERESTRELLA,Aitana,46,4,-14,ES,2025-06-11,71,True,183529,CUARTO AZUL,2025-05-29,0.791,0.847,6,-5.39,1,0.0574,0.194,0.0,0.206,0.584,135.995,4
0Sr7ssScx54yxdM2ols7nW,Q U E V A S H A C E R H O Y ?,"Omar Courtz, De La Rose",47,1,3,ES,2025-06-11,86,True,224022,PRIMERA MUSA,2024-09-20,0.56,0.681,6,-6.304,0,0.244,0.103,0.0,0.106,0.388,155.079,4
1gaBfa1HWh1HVmuUAdBpzs,Toa (with De La Rose),"Dei V, De La Rose",48,-1,-5,ES,2025-06-11,77,True,229708,LOS FLAVORZ,2025-03-27,0.428,0.678,1,-7.614,1,0.141,0.227,0.0,0.263,0.586,86.674,4
1v6gyuulWDLqR3BKa6QcdT,VAN CLEEF (feat. Pirlo),"Myke Towers, Pirlo",49,-5,-5,ES,2025-06-11,70,True,224470,LYKE MIIKE,2024-12-24,0.838,0.648,7,-7.381,0,0.319,0.0866,6.71e-06,0.183,0.448,101.0,4
0WLpPLoGEfUe2UBtvqWb9D,DUELE UN MONTÓN DESPEDIRME DE TI,"Aitana, Jay Wheeler",50,-1,-25,ES,2025-06-11,73,False,180000,CUARTO AZUL,2025-05-29,0.758,0.605,5,-6.089,1,0.0983,0.596,0.000137,0.147,0.489,135.013,4
2yGYedTBTlRtXzmlrXL4wi,LAW NASYANY,"Lege-Cy, Ismail Nosrat",1,1,0,EG,2025-06-11,67,False,185668,LAW NASYANY,2025-05-30,0.461,0.694,1,-5.424,0,0.0713,0.711,0.0,0.112,0.609,171.822,4
10xPGi2k2sVqeUEH10iNso,بعبع دايرتى,مصطفي الجن و هادي الصغير - تيم الابداع,2,-1,0,EG,2025-06-11,71,False,200852,بعبع دايرتى,2025-02-10,0.915,0.877,8,-1.76,1,0.138,0.429,0.0,0.156,0.797,110.008,4
19KmGvzh31z2wqIgQkD1HH,محكمه ودخلنا علي المفرمه - افتري و عوجلي شعره لورا,Essam Sasa,3,0,0,EG,2025-06-11,71,False,200855,محكمه ودخلنا علي المفرمه (افتري و عوجلي شعره لورا),2025-04-06,0.816,0.905,6,-2.284,1,0.0679,0.262,0.0,0.166,0.797,109.987,4
6Dq2DQcuQayjhTiw4jhT89,كاتم الانفاس - محطوط تشكيل,"مصطفي الجن و هادي الصغير - تيم الابداع, Mostafa Elgen, Hady El Soghayar",4,0,1,EG,2025-06-11,69,False,180062,كاتم الانفاس (محطوط تشكيل),2024-12-02,0.862,0.947,11,-1.396,1,0.0549,0.496,9.31e-05,0.35,0.853,112.07,4
05z8Dj4bvVvFPgFzO09zb0,انا لبسي اوفر سايز,"Eslam Kabonga, Figo El Dakhlawy",5,0,-1,EG,2025-06-11,68,False,244427,انا لبسي اوفر سايز,2025-02-27,0.846,0.87,2,-0.719,1,0.0448,0.334,2.16e-06,0.263,0.65,110.043,4
6Ei2nL7KdzySKg6LbdY5Up,انا مش ديلار يا حكومه,Eslam Kabonga,6,0,1,EG,2025-06-11,70,True,277159,انا مش ديلار يا حكومه,2024-12-26,0.889,0.903,7,-0.461,1,0.0529,0.38,2.28e-05,0.0711,0.771,109.978,4
4G5MF3PpirGQEa4UNrb9KB,ELWA3D,Wegz,7,1,-1,EG,2025-06-11,71,False,228000,ELWA3D,2025-04-17,0.831,0.702,2,-5.512,0,0.225,0.368,0.0,0.104,0.463,106.036,4
2UaswhFiFjhWfIBpiVSfEt,Maleket Gamal El Kon,"Tamer Hosny, AL SHAMI",8,2,4,EG,2025-06-11,68,False,173207,Maleket Gamal El Kon,2025-05-24,0.656,0.768,4,-6.054,0,0.0518,0.517,0.0,0.256,0.605,105.976,4
41IZAYettcwnRMaS3ZewW7,حفلة تنكرية,Rahma Mohsen,9,-2,1,EG,2025-06-11,68,False,190000,حفلة تنكرية,2025-03-14,0.734,0.904,9,-2.36,1,0.0326,0.112,0.0018,0.332,0.555,96.02,4
7IqxOQ0Wjb4JcsIoY5I1hF,KALEMENY BELEL,"Marwan Moussa, Lege-Cy",10,1,-2,EG,2025-06-11,69,False,159533,الرجل الذي فقد قلبه,2025-05-05,0.682,0.348,9,-9.286,0,0.368,0.828,0.00623,0.19,0.786,199.08,4
0ZJ2vlWyCoMA52VbECDMEL,صحبي يا صحبي,Bahaa Sultan,11,-2,-2,EG,2025-06-11,70,False,133823,صحبي يا صحبي,2025-02-28,0.823,0.838,7,-1.502,0,0.0415,0.345,7.08e-06,0.101,0.915,100.008,4
6bT6tu7R9BaAZHAHTebbFM,ولاد الشمس,Essam Sasa,12,0,-1,EG,2025-06-11,67,False,154958,ولاد الشمس,2025-02-22,0.826,0.944,5,-0.344,1,0.0651,0.144,0.0,0.112,0.882,110.043,4
01O9Ijz8tcyllso5VJ6w75,Makrehtosh,Tamer Ashour,13,3,3,EG,2025-06-11,67,False,212112,Yaah,2025-01-15,0.396,0.506,8,-7.286,1,0.0422,0.552,0.000113,0.121,0.33,142.231,4
1VQx8TpKEv8uWQ1awwPX5f,Emshy,"Tommy Gun, Rally",14,0,0,EG,2025-06-11,67,False,191508,El Rwaya,2024-12-23,0.696,0.508,5,-10.824,0,0.0347,0.0147,0.0027,0.298,0.109,123.988,4
2Heqj9jtxarmecKxycGSWn,هيجيلي موجوع,Tamer Ashour,15,12,15,EG,2025-06-11,65,False,210714,هيجيلي موجوع,2024-01-11,0.556,0.675,1,-6.85,0,0.0564,0.487,3.53e-05,0.102,0.742,167.826,4
4z8uw10mjeYhZj91cpvoil,انت هتيجى معايا - انا شغال طلبات,مصطفي الجن و هادي الصغير - تيم الابداع,16,-1,34,EG,2025-06-11,56,False,223050,انت هتيجى معايا (انا شغال طلبات),2025-05-21,0.837,0.937,6,-0.236,1,0.0975,0.324,0.0,0.119,0.723,112.003,4
5BiSAqXhrMRoxvDd34vBXT,لما بيوحشني,Ramy Sabry,17,0,2,EG,2025-06-11,66,False,272433,معايا هتبدع,2023-01-11,0.625,0.585,2,-8.747,1,0.0367,0.245,0.0,0.0659,0.461,163.925,4
7wXCvrSJxHVH0uEAzyY1Ct,الحب عيبنا,Ramy Sabry,18,1,-3,EG,2025-06-11,67,False,236000,الحب عيبنا,2025-03-07,0.567,0.63,8,-7.233,0,0.0639,0.624,0.0,0.257,0.601,159.992,4
7dJquFdunElI5hwj8HVnZ6,فى زنزانتى يانفسي تعبتى واتهانتى,Essam Sasa,19,-6,-6,EG,2025-06-11,66,False,233592,فى زنزانتى يانفسي تعبتى واتهانتى,2025-03-28,0.796,0.824,0,-2.31,0,0.0479,0.394,0.0,0.365,0.857,110.067,4
0rDNeS6IwKi1oMrtkEc5S0,Yazmeely,Ilmond,20,4,-2,EG,2025-06-11,66,False,196806,Ya Kahera,2023-07-20,0.706,0.467,5,-9.396,0,0.0401,0.575,0.0,0.112,0.224,100.045,4
3hUgQDPnuNbmVFITUGVEqK,رجع القائد رجع الفائد - اهلا بيكو رجعت ارازيكو,Essam Sasa,21,0,14,EG,2025-06-11,56,False,220316,رجع القائد رجع الفائد (اهلا بيكو رجعت ارازيكو),2025-05-28,0.811,0.948,4,-1.122,1,0.109,0.174,0.0,0.44,0.89,110.024,4
0WqqQ8uHKDbkPbo2ASI9U6,Kadaba,Karim Osama,22,0,-2,EG,2025-06-11,66,False,175960,Kadaba,2025-02-13,0.852,0.545,1,-8.052,1,0.181,0.505,0.0,0.106,0.405,119.976,4
45VT46xVVf2haISCNCdt6U,Yaah,Tamer Ashour,23,0,6,EG,2025-06-11,63,False,250135,Yaah,2025-01-15,0.431,0.613,11,-8.747,0,0.039,0.16,0.0,0.227,0.198,148.156,4
3FJ2RFcLUogTbyt9MGVQoC,Kan Mawdo3,Tamer Ashour,24,6,-1,EG,2025-06-11,65,False,282430,Tegy Ntrahn,2022-01-20,0.478,0.639,2,-5.248,0,0.0454,0.4,0.0,0.106,0.298,139.619,4
0kZtRxxBDbMO4vZApAiNOZ,اتنسينا,Youssif Elashry,25,0,-3,EG,2025-06-11,65,False,151426,اخر ما تبقي من احزاني,2024-10-24,0.641,0.389,7,-11.462,1,0.0777,0.903,0.0,0.0816,0.635,163.904,4
6EBKXT2EYYX4f0hqJCuDT0,Ghebet El Habayeb,Tamer Ashour,26,2,-1,EG,2025-06-11,64,False,243500,Yaah,2025-01-15,0.521,0.568,5,-6.3,0,0.0387,0.655,0.0,0.336,0.632,119.418,4
50a2GGMcmDCMKTo73OppNW,Seket Leh,Ramy Sabry,27,-7,-3,EG,2025-06-11,67,False,281756,Ramy Sabry Collection,2018-11-07,0.495,0.443,6,-11.362,1,0.0306,0.125,0.0,0.323,0.417,148.011,4
2Cs1t49qL52fPt6ikx15wp,KEBDA,"Afroto, ONUY",28,-10,-1,EG,2025-06-11,66,False,170769,أفضل أغانى 2024,2024-07-24,0.875,0.67,7,-3.601,1,0.335,0.446,0.0,0.101,0.819,103.933,4
3vZ3ngEbunTiK4fOVKyzYD,KALAMANTINA / كلمنتينا,"Saint Levant, Marwan Moussa",29,-3,-3,EG,2025-06-11,73,False,206872,Love Letters / رسائل حب,2025-02-14,0.879,0.626,1,-8.243,0,0.0528,0.257,0.0087,0.0933,0.822,114.99,4
5OcVGQFVNvHt25O5ko22tF,حبيبي وابن حبيبي - من مسلسل كامل العدد ++,Mahmoud El Esseily,30,3,-13,EG,2025-06-11,65,False,196563,حبيبي وابن حبيبي (من مسلسل كامل العدد ++),2025-03-04,0.539,0.724,7,-4.118,0,0.0555,0.807,7.8e-06,0.164,0.517,114.778,4
5kdlxZ5skOYY3VK8RlfEIZ,البخت,Wegz,31,1,-10,EG,2025-06-11,66,False,206112,البخت,2022-02-26,0.78,0.59,3,-7.77,0,0.132,0.487,1.07e-05,0.115,0.66,104.977,4
7mfn9jHr5sUyRCMHdHy3x4,Etghayart,"Tommy Gun, Rally",32,2,2,EG,2025-06-11,64,False,165642,El Rwaya,2024-12-23,0.758,0.694,7,-9.824,1,0.03,0.0486,0.0566,0.227,0.201,129.989,4
5LcThJzvvRzOZZb4apH9Px,Ana Meen,زاد,33,8,3,EG,2025-06-11,65,False,189567,Ana Meen,2024-05-13,0.58,0.338,7,-11.905,0,0.0267,0.181,1.71e-06,0.345,0.522,95.133,4
7ME2ZENU0G5H7IlnPbWvOv,سيبك من اللي خلع - من فيلم حمص وحلاوة,"Mahmoud El Leithy, Essam Sasa",34,-3,16,EG,2025-06-11,62,False,172363,سيبك من اللي خلع (من فيلم حمص وحلاوة),2023-10-01,0.89,0.917,5,-1.942,1,0.0443,0.12,0.0,0.265,0.771,110.003,4
2OSxxCfS81wcds5RbQ0Ztq,حبيبي ليه,TUL8TE,35,0,6,EG,2025-06-11,66,False,120145,كوكتيل غنائي للفنان تووليت حصرياً لحبايب قلبي,2024-07-25,0.61,0.86,5,-7.217,0,0.0362,0.019,0.0311,0.234,0.777,131.854,4
3tfiVsnpCzewE8rPpsRIL6,عالعموم,Shehab,36,2,-5,EG,2025-06-11,63,False,164123,عالعموم,2024-02-27,0.719,0.556,10,-11.283,0,0.253,0.276,0.0,0.123,0.406,116.996,4
2lygVhKHBUzEGMJXljHOV2,El Neyya,Lege-Cy,37,13,6,EG,2025-06-11,63,False,160524,El Neyya,2024-07-08,0.334,0.676,0,-7.904,0,0.0777,0.606,0.000272,0.196,0.478,159.932,4
4vIbws1xp082bv0zl8vLaJ,Basrah w Atooh,Cairokee,38,4,-5,EG,2025-06-11,67,False,237832,Roma,2022-09-23,0.74,0.507,3,-8.764,0,0.118,0.373,0.000201,0.239,0.551,103.993,4
2nQeY3iJpE57Rnc7r8z2Qx,انا من غيرك,Bahaa Sultan,39,-10,-7,EG,2025-06-11,66,False,211714,انا من غيرك,2024-10-24,0.612,0.539,5,-9.14,0,0.0396,0.446,1.65e-06,0.166,0.284,100.196,4
0D42n56xXQz7Evg8eyhVdo,ستاموني,Shehab,40,-1,10,EG,2025-06-11,64,False,225000,ستاموني,2023-03-06,0.725,0.587,9,-10.034,1,0.112,0.0367,0.0,0.103,0.357,160.009,4
6AvhXZErJVyLcTPGWyriJr,Etabelna,Muslim - مُسلِم,41,-4,-2,EG,2025-06-11,63,False,186233,Etabelna,2024-05-18,0.631,0.624,11,-7.665,0,0.0469,0.57,0.00203,0.171,0.762,154.175,4
3QaPy1KgI7nu9FJEQUgn6h,WILDFLOWER,Billie Eilish,42,8,3,EG,2025-06-11,96,False,261466,HIT ME HARD AND SOFT,2024-05-17,0.467,0.247,6,-12.002,0,0.0431,0.612,0.000271,0.17,0.126,148.101,4
2SvLFBRHIss4l10WoU5Gwt,ياختى عليها حلوه سكره,"Mustafa El Gen, Hady Elsoghier",43,1,7,EG,2025-06-11,60,False,187689,ياختى عليها حلوه سكره,2025-04-08,0.903,0.9,1,-1.125,1,0.236,0.455,0.0,0.0854,0.739,110.03,4
73ppBd1Mc3J6JeczDvLF8E,Ragea,Amr Diab,44,4,4,EG,2025-06-11,65,False,209186,Ahla W Ahla,2016-04-25,0.736,0.488,2,-8.79,0,0.0347,0.281,0.0,0.0863,0.667,146.055,4
1kYgUIoRdPI36J74bzGs7y,بحكي عليكي,Ramy Sabry,45,2,5,EG,2025-06-11,59,False,244500,النهايات اخلاق,2024-01-07,0.66,0.58,2,-8.006,0,0.172,0.566,0.0,0.0791,0.673,159.933,4
4xjuBQBnXifS3554AAVtop,خليك معايا,Amr Diab,46,0,4,EG,2025-06-11,52,False,232411,الليلادي,2007-07-16,0.591,0.66,2,-9.408,0,0.0317,0.188,0.0,0.119,0.541,77.872,4
13bOmUNMnr4kkg5O1q2x60,BONO,Marwan Pablo,47,3,-10,EG,2025-06-11,65,False,113142,EN7RAF,2025-04-03,0.681,0.665,1,-6.482,0,0.0355,0.0195,0.000156,0.0828,0.156,140.067,4
765brCcbTt4rL9yUpjD40g,اعقل يا غشيم - كاتم الانفاس 2,"مصطفي الجن و هادي الصغير - تيم الابداع, Karim Cristiano",48,1,-6,EG,2025-06-11,63,False,231471,اعقل يا غشيم (كاتم الانفاس 2),2025-03-17,0.851,0.93,6,-1.779,0,0.0784,0.509,0.0,0.491,0.844,112.036,4
78veJTXWwR5FxpZ7dW0Plr,Rehla,Ilmond,49,1,1,EG,2025-06-11,63,False,224005,Bye,2023-03-20,0.783,0.347,1,-14.884,0,0.205,0.608,1.55e-05,0.0698,0.261,104.997,4
2FFtVrD5IEy4pgY1DFz8nV,انتي فاكره نفسك ايه ؟,Youssif Elashry,50,0,-6,EG,2025-06-11,64,False,138681,انتي فاكره نفسك ايه ؟,2023-06-22,0.735,0.512,5,-10.825,0,0.274,0.733,1.22e-06,0.0978,0.729,104.966,4
2qW8hfxkbyrDYowSKMCMMv,parasiit,"ALIKA, säm",1,1,0,EE,2025-06-11,53,False,202379,parasiit,2025-05-23,0.694,0.716,11,-7.088,0,0.134,0.224,4.56e-05,0.34,0.661,119.982,4
6pLUlgilUe0ky5UU6x5qH9,Rahvalaul,Kermo Murel,2,-1,1,EE,2025-06-11,54,True,151741,Rahvalaul,2025-05-16,0.614,0.878,7,-4.166,1,0.086,0.0208,0.0,0.481,0.566,155.065,4
47GAYk6gq9ZE6Ij9WWYdGP,hugo toom,triibupasta,3,0,4,EE,2025-06-11,53,True,214400,õlleavaja,2025-05-02,0.585,0.942,6,-3.697,1,0.314,0.011,8.27e-06,0.117,0.704,74.638,4
5EDMOu7PXIbybCGF8vpgbL,LAUSU TÕTT,"nublu, Vaiko Eplik",4,0,2,EE,2025-06-11,51,False,179000,SUPERSUURE HOOLEGA.,2025-05-29,0.695,0.914,5,-5.256,0,0.0381,0.0198,0.00023,0.105,0.964,119.996,4
0DGsLP0TvRcU23zCme7zR2,TIPUS ULUB TUUL,"nublu, Vaiko Eplik",5,1,-1,EE,2025-06-11,51,False,168461,SUPERSUURE HOOLEGA.,2025-05-29,0.859,0.738,1,-5.518,0,0.0958,0.099,1.59e-05,0.092,0.967,130.025,4
0jcJEcK0eX5acLVU1VYmbd,ulakas kaunitar,"triibupasta, Maiduk",6,-1,5,EE,2025-06-11,53,False,175263,õlleavaja,2025-05-02,0.771,0.826,9,-6.144,0,0.224,0.00635,0.000204,0.186,0.942,152.095,4
4AlYeC8XICULLr3Kxkjass,Palavaks,"Clicherik & Mäx, triibupasta",7,0,43,EE,2025-06-11,43,True,188090,Palavaks,2025-06-05,0.643,0.862,0,-6.161,1,0.0439,0.00154,2.4e-06,0.106,0.772,136.008,4
2TpwmZrkepYR0W48Iec8N4,Punased Bikiinid,Qotid,8,2,27,EE,2025-06-11,43,False,148492,Punased Bikiinid,2025-05-29,0.778,0.534,5,-8.349,0,0.0612,0.363,1.47e-06,0.177,0.685,139.97,4
4oZfPQ6YL3j4YOaqMBxwcs,oliver,villemdrillem,9,3,5,EE,2025-06-11,48,False,173216,oliver,2025-05-27,0.56,0.678,0,-8.338,1,0.0426,0.0222,0.491,0.0611,0.391,162.988,4
4nnBWEm9NoFOxYl453b2XJ,Ebapopulaarne,Kermo Murel,10,3,13,EE,2025-06-11,52,True,160000,Ebapopulaarne,2025-02-21,0.65,0.944,1,-5.539,1,0.104,0.153,0.0,0.036,0.601,150.164,4
4dsK7UQYhTU7UmW6h73EbN,BACH/BRUNNER,"nublu, Vaiko Eplik",11,3,5,EE,2025-06-11,48,False,174435,SUPERSUURE HOOLEGA.,2025-05-29,0.693,0.802,0,-5.501,1,0.039,0.0508,0.00266,0.0723,0.922,139.041,4
3llyYmTWZDBGCZH76jF4ck,viinaingel,"triibupasta, An-Marlen",12,6,15,EE,2025-06-11,48,False,206622,õlleavaja,2025-05-02,0.703,0.883,7,-5.244,0,0.0605,0.00335,0.00112,0.14,0.543,150.942,4
3m7hl9t6lEogbc36JOtQMb,WAIKUSE VALGE UDU,"nublu, Vaiko Eplik",13,6,5,EE,2025-06-11,48,False,153703,SUPERSUURE HOOLEGA.,2025-05-29,0.583,0.907,7,-4.278,0,0.0428,0.0062,0.335,0.0611,0.968,162.023,4
6eIzQCYExfnNeM7KOlE3lE,Bara Bada Bastu,KAJ,14,3,8,EE,2025-06-11,75,False,166880,Sauna Collection,2025-05-09,0.757,0.889,9,-4.729,0,0.0788,0.0754,2.32e-05,0.0397,0.754,106.037,4
03dUoht4jmfAZmpgCvOIkT,Lämmi,Küberünnak & Karmo,15,9,17,EE,2025-06-11,49,False,194682,Lämmi,2019-08-06,0.698,0.482,5,-11.084,0,0.0549,0.00163,0.000122,0.125,0.392,120.07,4
4URODx8BrDkLRFmfYrREL2,Keerleb,Clicherik & Mäx,16,6,12,EE,2025-06-11,51,False,182244,Keerleb,2025-04-03,0.575,0.699,1,-6.559,0,0.0392,0.182,4.22e-05,0.152,0.787,141.976,4
5JhljRLzNxMRHho5AoQzAM,LLC,triibupasta,17,9,17,EE,2025-06-11,48,False,176000,õlleavaja,2025-05-02,0.598,0.759,6,-5.908,0,0.244,0.416,0.0,0.167,0.593,149.925,4
3gWBWLw3J3XTy3QTo36GqJ,Espresso Macchiato,Tommy Cash,18,32,32,EE,2025-06-11,79,False,173746,Espresso Macchiato,2024-12-07,0.678,0.694,11,-6.183,0,0.0487,0.0123,1.62e-05,0.133,0.646,119.87,4
0O45fw2L5vsWpdsOdXwNAR,SexyBack (feat. Timbaland),"Justin Timberlake, Timbaland",19,-10,31,EE,2025-06-11,85,True,242733,FutureSex/LoveSounds,2006-09-12,0.967,0.583,7,-5.562,0,0.0789,0.0584,0.0,0.0519,0.964,117.0,4
3XakzcEu3QIALuRdiCzqku,mul krdi suva,White Girl,20,5,17,EE,2025-06-11,45,True,170400,mul krdi suva,2025-05-23,0.692,0.906,5,-5.481,0,0.262,0.286,0.0,0.212,0.652,149.963,4
1Bv5Gdvm899YYmjQg94172,hr maakler,"triibupasta, White Girl",21,10,26,EE,2025-06-11,48,False,190243,hr maakler,2024-10-01,0.566,0.95,1,-4.146,0,0.0573,0.00183,0.0495,0.0744,0.876,163.984,4
42L8fRwgmWXnNcq1R5QsJr,6llekas,triibupasta,22,7,11,EE,2025-06-11,48,False,226415,6llekas,2024-06-10,0.756,0.87,5,-10.156,0,0.18,0.00576,1.62e-06,0.215,0.96,159.005,4
2RkZ5LkEzeHGRsmDqKwmaJ,Ordinary,Alex Warren,23,7,16,EE,2025-06-11,95,False,186964,"You'll Be Alright, Kid (Chapter 1)",2024-09-26,0.368,0.694,2,-6.141,1,0.06,0.704,6.59e-06,0.055,0.391,168.115,3
5qih3ineeZsuEgr5TlyeaZ,peagi saabun...,nublu,24,4,20,EE,2025-06-11,49,False,147397,kirjadkoju.zip,2024-11-28,0.637,0.873,7,-6.293,1,0.0509,0.0145,5.19e-06,0.328,0.413,85.032,4
7Lf7oSEVdzZqTA0kEDSlS5,Cry Me a River,Justin Timberlake,25,-17,25,EE,2025-06-11,80,False,288333,Justified,2002-11-04,0.624,0.654,8,-6.582,0,0.183,0.577,0.0,0.104,0.564,73.898,4
56ygCy6bOYAOTSdi6nRjQa,100 roosi,"An-Marlen, boipepperoni, triibupasta",26,13,10,EE,2025-06-11,47,False,189176,emotsionaalne elektronmuusika,2024-05-23,0.722,0.796,10,-8.114,0,0.129,0.00974,0.000459,0.111,0.411,169.975,4
4rHZZAmHpZrA3iH5zx8frV,Mirrors,Justin Timberlake,27,-11,23,EE,2025-06-11,85,False,484146,The 20/20 Experience (Deluxe Version),2013-03-15,0.574,0.512,5,-6.664,0,0.0503,0.234,0.0,0.0946,0.512,76.899,4
7AleqJvqrVBeQitkWntUUc,push it,"nublu, maria kallastu",28,7,20,EE,2025-06-11,49,False,164640,push it,2024-05-30,0.814,0.727,11,-6.423,0,0.0579,0.056,0.00571,0.116,0.588,124.022,4
2FAZskT9yRjp2Oow9szJD8,The Days - NOTION Remix,"Chrystal, NOTION",29,8,16,EE,2025-06-11,92,False,233229,The Days (NOTION Remix),2024-11-08,0.62,0.843,6,-5.321,0,0.0844,0.0062,4.63e-06,0.55,0.237,137.812,4
0FTmksd2dxiE5e3rWyJXs6,back to friends,sombr,30,4,20,EE,2025-06-11,98,False,199032,back to friends,2024-12-27,0.436,0.723,1,-2.291,1,0.0301,9.37e-05,8.82e-05,0.0929,0.235,92.855,4
4NeOWqHmlrGRuBvsLJC9rL,My Love (feat. T.I.),"Justin Timberlake, T.I.",31,-16,19,EE,2025-06-11,83,False,276160,FutureSex/LoveSounds Deluxe Edition,2006-09-13,0.771,0.68,11,-5.881,0,0.224,0.277,1.18e-05,0.682,0.808,119.952,4
3pD0f7hSJg2XdQ6udw5Tey,What Goes Around.../...Comes Around (Interlude),Justin Timberlake,32,-11,18,EE,2025-06-11,80,False,448573,FutureSex/LoveSounds,2006-09-12,0.687,0.723,7,-4.751,1,0.0709,0.122,0.00102,0.573,0.432,76.0,4
0hta2Lb2zKJ7kEnAEZEE3G,Nope your too late i already died,"wifiskeleton, i wanna be a jack-o-lantern",33,0,17,EE,2025-06-11,92,False,90067,suburban daredevil,2024-10-22,0.704,0.597,4,-10.458,0,0.036,0.105,0.00835,0.264,0.978,119.993,4
42UBPzRMh5yyz0EDPr6fr1,Manchild,Sabrina Carpenter,34,4,16,EE,2025-06-11,89,True,213645,Manchild,2025-06-05,0.731,0.685,7,-5.087,1,0.0572,0.122,0.0,0.317,0.811,123.01,4
4zo6RIT37PhMRN4n2Z1k5b,kanapoja lauluke,triibupasta,35,5,15,EE,2025-06-11,45,False,184503,õlleavaja,2025-05-02,0.653,0.927,2,-3.898,1,0.0866,0.00793,3.95e-05,0.16,0.86,160.038,4
1AWQoqb9bSvzTjaLralEkT,Rock Your Body,Justin Timberlake,36,-25,14,EE,2025-06-11,85,False,267266,Justified,2002-11-04,0.892,0.714,4,-6.055,0,0.141,0.201,0.000234,0.0521,0.817,100.972,4
4kbkYbhWNiSJraySknB4hD,Baller,Abor & Tynna,37,6,1,EE,2025-06-11,84,False,159493,Bittersüß,2025-02-14,0.732,0.835,0,-4.399,0,0.0553,0.0571,0.0,0.202,0.829,137.904,4
2yWlGEgEfPot0lv3OAjuG3,Just Keep Watching (From F1® The Movie),"Tate McRae, F1 The Album",38,4,4,EE,2025-06-11,91,False,142550,Just Keep Watching (From F1® The Movie),2025-05-30,0.656,0.796,9,-5.856,0,0.113,0.0767,0.0,0.509,0.425,129.956,4
4WFgvKVfEhb3IUAFGrutTR,Love Me Not,Ravyn Lenae,39,8,11,EE,2025-06-11,91,False,213466,Bird's Eye,2024-08-09,0.779,0.731,0,-6.176,1,0.0306,0.296,0.0,0.128,0.814,114.001,4
4AajxCEwGEsmHmT4H1TwjY,undressed,sombr,40,6,10,EE,2025-06-11,96,False,182088,undressed,2025-03-21,0.642,0.887,0,-3.883,1,0.0406,0.137,0.0,0.0829,0.888,115.999,4
0AMoopn68aGAAaJ9qFXPnX,Lighter,Kyle Alessandro,41,3,2,EE,2025-06-11,83,False,175853,Lighter,2025-01-24,0.704,0.657,2,-3.79,0,0.0601,0.0115,0.0,0.268,0.561,105.088,4
1fySIg6QY2qyDgvChQv6la,Suvepalavik,Küberünnak & Karmo,42,8,8,EE,2025-06-11,46,False,220479,Suvepalavik,2024-05-24,0.77,0.804,8,-8.132,0,0.15,0.0264,0.0769,0.132,0.359,122.993,4
1PaVrZirju9QgP7cvjG1MZ,trampoliino,triibupasta,43,6,7,EE,2025-06-11,44,False,153290,trampoliino,2024-10-18,0.657,0.74,1,-7.603,1,0.0439,0.000994,0.000857,0.0666,0.904,155.04,4
5ITV0zqzjOYfFWpW0xBmRa,Show Me Love,"WizTheMc, bees & honey",44,6,6,EE,2025-06-11,94,False,176965,Show Me Love,2025-02-07,0.714,0.691,1,-7.333,1,0.0434,0.0212,0.000292,0.111,0.155,107.15,4
6JV2JOEocMgcZxYSZelKcc,"CAN'T STOP THE FEELING! (from DreamWorks Animation's ""TROLLS"")",Justin Timberlake,45,-25,5,EE,2025-06-11,80,False,236001,"CAN'T STOP THE FEELING! (from DreamWorks Animation's ""TROLLS"")",2016-05-06,0.666,0.83,0,-5.715,1,0.0751,0.0123,0.0,0.191,0.702,113.03,4
6wvLcKXaXvFStiaUpQ8hjX,pilates spiritual clüb,"5MIINUST, Florian Wahl, Jozels",46,4,4,EE,2025-06-11,48,False,171034,pilates spiritual clüb,2025-01-01,0.548,0.901,7,-5.499,1,0.052,0.00232,0.00276,0.335,0.145,174.013,4
2WQ09wqQBIOor7Q0VpIDBK,Rock That Body,Black Eyed Peas,47,3,3,EE,2025-06-11,81,False,268840,THE E.N.D. (THE ENERGY NEVER DIES) [Deluxe Version],2009-01-01,0.715,0.907,7,-6.025,0,0.0993,0.0172,8.39e-05,0.426,0.841,124.991,4
1M00EDfnI8zrf0clHUSJY6,külm,An-Marlen,48,2,2,EE,2025-06-11,47,False,176200,külm,2024-12-06,0.609,0.726,0,-7.014,0,0.076,0.0206,0.015,0.0945,0.366,143.948,3
6TWSdpMosWn0enAvZO92sA,peegel,An-Marlen,49,1,1,EE,2025-06-11,44,False,152181,peegel,2025-04-11,0.744,0.843,11,-4.479,1,0.0563,0.319,0.00219,0.196,0.575,138.039,4
1YnOwWvV1bQevRqJMCbYJz,RÓA,VÆB,50,0,0,EE,2025-06-11,80,False,162857,RÓA,2025-01-17,0.593,0.857,8,-6.152,1,0.102,0.0107,0.0,0.0701,0.451,139.96,4
1HEwEN64NjgTaHmo7LfkX8,no tiene sentido,Beéle,1,0,0,EC,2025-06-11,89,False,158036,BORONDO,2025-05-15,0.671,0.596,2,-7.565,0,0.0556,0.0871,1.97e-05,0.119,0.497,121.976,4
6iOndD4OFo7GkaDypWQIou,La Plena - W Sound 05,"W Sound, Beéle, Ovy On The Drums",2,0,0,EC,2025-06-11,95,True,150001,La Plena (W Sound 05),2025-02-19,0.894,0.643,5,-3.485,1,0.132,0.543,0.000984,0.101,0.659,99.039,4
0DMJz677XfXiiruhIELu2e,VITAMINA,"Jombriel, DFZM, Jøtta",3,0,0,EC,2025-06-11,92,False,208743,VITAMINA,2025-02-27,0.815,0.746,10,-4.855,0,0.0528,0.015,2.26e-06,0.056,0.768,92.007,4
4zhk2RS2EZODmBW6il55Qj,mi refe,"Beéle, Ovy On The Drums",4,0,0,EC,2025-06-11,85,False,159404,BORONDO,2025-05-15,0.637,0.648,7,-5.306,0,0.271,0.403,5.41e-05,0.119,0.441,123.108,4
6ifUES3keWjwXgae8pXI3o,Me Rehúso,Danny Ocean,5,1,2,EC,2025-06-11,86,False,205714,54+1,2019-03-22,0.744,0.804,1,-6.327,1,0.0677,0.0231,0.0,0.0494,0.426,104.823,4
2lTm559tuIvatlT1u0JYG2,BAILE INoLVIDABLE,Bad Bunny,6,-1,0,EC,2025-06-11,96,True,367725,DeBÍ TiRAR MáS FOToS,2025-01-05,0.168,0.00332,10,-46.113,1,0.0615,0.192,0.79,0.112,0.219,119.387,3
4DnrAI8WyUY6gkOwl8GlPN,capaz (merengueton),"Alleh, Yorghaki",7,1,2,EC,2025-06-11,90,False,173858,LA CIUDAD,2024-12-24,0.872,0.614,3,-5.618,0,0.181,0.0815,0.000207,0.135,0.785,126.957,4
4wlv3MSrlHVXpr6Z6zeK3T,XCLANA,Jombriel,8,-1,-3,EC,2025-06-11,72,False,168071,XCLANA,2025-05-05,0.804,0.739,2,-3.107,1,0.0873,0.00204,0.00124,0.0993,0.462,89.967,4
4zbEItKoaRId1vRZkoO0Uh,Imagínate,"Danny Ocean, Kapo",9,1,2,EC,2025-06-11,88,False,170365,Imagínate,2024-11-07,0.779,0.737,11,-4.667,1,0.109,0.134,0.0,0.0974,0.445,101.923,4
2QP041AcWg8PwPIWP95RKN,top diesel,Beéle,10,-1,5,EC,2025-06-11,82,False,189456,BORONDO,2025-05-15,0.825,0.73,5,-4.007,1,0.11,0.144,0.000884,0.0435,0.77,99.995,4
6J5kc12BW5HuP3d7C3vvx8,EoO,Bad Bunny,11,0,-1,EC,2025-06-11,94,True,204768,DeBÍ TiRAR MáS FOToS,2025-01-05,0.36,0.464,10,-29.598,0,0.0702,0.749,0.859,0.0825,0.184,63.662,4
0Qe2g06yzLBuuSvVmFiweP,Hasta Aquí Llegué,"Nanpa Básico, Beéle",12,1,2,EC,2025-06-11,84,False,188887,Duelo,2024-11-07,0.641,0.657,11,-8.338,0,0.218,0.538,0.0,0.106,0.411,100.016,4
7bywjHOc0wSjGGbj04XbVi,LUNA,"Feid, ATL Jacob",13,2,13,EC,2025-06-11,89,False,196800,FERXXOCALIPSIS,2023-12-01,0.774,0.86,7,-2.888,0,0.13,0.131,0.0,0.116,0.446,100.019,4
5FLzweTtgQurkLPs0E7uEO,Priti,"Danny Ocean, Sech",14,-2,-6,EC,2025-06-11,87,False,130968,Priti,2025-03-20,0.8,0.681,9,-7.307,1,0.0499,0.163,0.0,0.101,0.523,121.915,4
3sK8wGT43QFpWrvNQsrQya,DtMF,Bad Bunny,15,2,3,EC,2025-06-11,97,True,237117,DeBÍ TiRAR MáS FOToS,2025-01-05,0.625,0.131,7,-27.405,0,0.0717,0.177,0.218,0.0807,0.032,136.02,4
0STW8nw4lNN4TEQ8KmNer6,Parte & Choke,"Jombriel, Alex Krack, Jøtta",16,3,-4,EC,2025-06-11,84,False,205264,Parte & Choke,2024-11-05,0.728,0.654,5,-3.976,0,0.365,0.00581,0.0,0.131,0.884,117.337,5
61C7zXd4t2Zuhz6DRwgsLM,Volver,"Piso 21, Marc Anthony, Beéle",17,-3,3,EC,2025-06-11,85,False,232149,Volver,2025-02-06,0.478,0.793,11,-4.449,1,0.387,0.235,0.0,0.146,0.604,92.294,4
3fmw8iIyQDS2L7nE6Wd0xG,sobelove,Beéle,18,-2,-2,EC,2025-06-11,81,False,131827,BORONDO,2025-05-15,0.756,0.721,8,-4.046,0,0.191,0.36,9.88e-06,0.0794,0.715,111.994,4
6VfL3MEuYeJbDlD8m011HR,quédate,Beéle,19,-1,-6,EC,2025-06-11,83,False,176481,BORONDO,2025-05-15,0.608,0.633,0,-4.609,0,0.137,0.294,2.04e-05,0.143,0.549,111.888,5
6WatFBLVB0x077xWeoVc2k,Si Antes Te Hubiera Conocido,KAROL G,20,4,5,EC,2025-06-11,94,False,195824,Si Antes Te Hubiera Conocido,2024-06-21,0.924,0.668,11,-6.795,1,0.0469,0.446,0.000594,0.0678,0.787,128.027,4
1C7NXX8UJ6pgNx8EkmyZDd,si te pillara,Beéle,21,8,29,EC,2025-06-11,79,False,184547,BORONDO,2025-05-15,0.503,0.673,5,-5.594,1,0.0773,0.59,0.0,0.396,0.343,103.814,4
2BvPMS2XWfnCpHHvWeOyeC,DETRÁS DE TU ALMA,Mora,22,6,5,EC,2025-06-11,83,True,237000,LO MISMO DE SIEMPRE,2025-05-18,0.433,0.733,4,-5.54,0,0.128,0.503,0.0,0.244,0.263,89.405,4
2JPctdUgvkQSpnUdfROxvY,Te Quería Ver,"Alemán, Neton Vega",23,-3,-2,EC,2025-06-11,84,False,176129,De Vuelta a las Andadas,2025-05-09,0.807,0.763,4,-5.172,0,0.0624,0.186,1.69e-05,0.0917,0.448,100.033,4
7d6yK8v8J484SWH5prIQiE,VeLDÁ,"Bad Bunny, Omar Courtz, Dei V",24,2,0,EC,2025-06-11,92,True,235336,DeBÍ TiRAR MáS FOToS,2025-01-05,0.613,0.981,1,-18.638,1,0.149,0.29,0.0023,0.437,0.0337,101.852,3
1PREzVLuDT6PSE9sej4wnV,COQUETA,"Fuerza Regida, Grupo Frontera",25,-3,-6,EC,2025-06-11,90,False,241648,MALA MÍA,2024-12-19,0.74,0.819,1,-4.853,0,0.0866,0.244,0.0,0.107,0.884,78.975,4
0fea68AdmYNygeTGI4RC18,LA CANCIÓN,"J Balvin, Bad Bunny",26,8,9,EC,2025-06-11,90,False,242573,OASIS,2019-06-28,0.756,0.646,7,-5.795,1,0.319,0.152,1.81e-05,0.108,0.429,176.088,4
72veJ1UABNtqddwZKCIGMo,AMISTA,"Blessd, Ovy On The Drums",27,-2,-5,EC,2025-06-11,69,True,177882,TRINIDAD BENDITA,2025-05-30,0.744,0.606,5,-4.472,1,0.049,0.135,0.0,0.0936,0.631,170.009,4
59D4DOkspUbWyMmbAPQkxZ,VOY A LLeVARTE PA PR,Bad Bunny,28,-5,-5,EC,2025-06-11,93,True,156364,DeBÍ TiRAR MáS FOToS,2025-01-05,0.148,0.604,7,-35.032,1,0.0588,0.921,0.453,0.405,1e-05,106.295,3
27xkOIER6uDLKALIelHylZ,Don’t Say You Love Me,Jin,29,-8,-12,EC,2025-06-11,93,False,180716,Echo,2025-05-16,0.729,0.562,8,-5.49,1,0.0304,0.484,0.0,0.105,0.757,111.976,4
4MUrUT38U98olfnyzMBCzm,KLOuFRENS,Bad Bunny,30,-3,-1,EC,2025-06-11,90,True,199114,DeBÍ TiRAR MáS FOToS,2025-01-05,0.326,0.125,1,-32.45,1,0.148,0.703,0.706,0.18,0.306,106.974,4
3Btqti3QpzZZr6uz5mlNzz,Es un Secreto,Plan B,31,1,5,EC,2025-06-11,74,False,190560,House Of Pleasure,2010-07-20,0.843,0.786,6,-4.938,0,0.0434,0.103,2.41e-06,0.0535,0.502,95.0,4
5QSYWruQQ7kBCHScI4xJ9g,Bajo El Agua,Manuel Medrano,32,5,16,EC,2025-06-11,77,False,225838,Manuel Medrano,2015-10-30,0.616,0.454,4,-8.504,1,0.0273,0.767,3.48e-05,0.105,0.249,99.998,4
1YYfyJ2yCvGFCxwjsIqEK9,Khé?,"Rauw Alejandro, Romeo Santos",33,-3,0,EC,2025-06-11,88,False,206066,Cosa Nuestra,2024-11-15,0.687,0.627,7,-4.975,1,0.181,0.326,0.0,0.0893,0.47,155.865,4
0l0vcZMU7AOeQmUIREoI2U,Qué Pasaría...,"Rauw Alejandro, Bad Bunny",34,2,0,EC,2025-06-11,91,True,191018,Cosa Nuestra,2024-11-15,0.833,0.563,4,-5.593,0,0.204,0.528,1.27e-05,0.139,0.343,105.008,4
0HDHY6RSHHG2ZTE0cMT4GJ,Los Infieles,Aventura,35,9,11,EC,2025-06-11,83,False,257186,K.O.B. Live,2006-12-19,0.745,0.716,9,-8.221,0,0.0411,0.202,0.0,0.059,0.817,132.932,4
2MioxSroS0g1mi24LLfcnq,Por un Segundo,Aventura,36,9,14,EC,2025-06-11,81,False,255026,The Last,2009-06-09,0.811,0.562,5,-10.183,0,0.0368,0.137,0.0,0.0623,0.965,129.039,4
1i1n7hUzCDkXGFqIJSSzom,frente al mar,Beéle,37,-2,3,EC,2025-06-11,79,False,165178,BORONDO,2025-05-15,0.75,0.682,10,-3.825,1,0.0945,0.168,1.28e-06,0.112,0.618,100.036,4
6uroNiDEDd0xFLiri0aQNk,Triple Lavada,Esau Ortiz,38,2,-6,EC,2025-06-11,91,True,165790,Triple Lavada,2025-03-28,0.909,0.583,10,-5.735,0,0.0847,0.417,0.0,0.137,0.557,100.012,4
6OCNg7QchXJMww1LHMjIzb,Hiekka,"Nicky Jam, Beéle",39,-1,-2,EC,2025-06-11,86,False,213333,Hiekka,2025-05-02,0.724,0.726,4,-4.077,0,0.0416,0.0451,0.0,0.12,0.332,107.865,4
5TFD2bmFKGhoCRbX61nXY5,NUEVAYoL,Bad Bunny,40,-1,-2,EC,2025-06-11,94,False,183685,DeBÍ TiRAR MáS FOToS,2025-01-05,0.142,0.195,6,-20.024,1,0.139,0.265,0.995,0.204,0.12,137.922,4
6C1RD7YQVvt3YQj0CmuTeu,Diles,"Bad Bunny, Ozuna, Farruko, Arcángel, Ñengo Flow, DJ Luian, Mambo Kingz",41,9,9,EC,2025-06-11,84,True,286040,Diles,2016-08-26,0.813,0.56,2,-5.904,0,0.0618,0.108,0.0,0.268,0.287,118.033,4
5Gis9Pxk7Cl9hAoV6rwj50,Parte & Choke (with Ryan Castro) - Remix,"Jombriel, Ryan Castro, Alex Krack",42,-11,1,EC,2025-06-11,80,True,218591,Parte & Choke (with Ryan Castro) [Remix],2025-01-23,0.726,0.62,5,-5.156,0,0.44,0.0214,0.0,0.273,0.913,117.303,5
4ayXvu5SyyKs16XyExkEjA,GPS,"DFZM, Jombriel, Jowell & Randy",43,3,-4,EC,2025-06-11,68,True,231917,GPS,2025-04-24,0.874,0.545,1,-5.125,1,0.316,0.0374,0.0,0.154,0.808,118.652,5
7DhYjNLksXZhbRQeheAums,Caraluna,Bacilos,44,6,6,EC,2025-06-11,80,False,266160,Caraluna,2002-06-25,0.76,0.773,9,-5.314,1,0.0675,0.176,0.0,0.1,0.895,102.789,4
2gmd7lY3QSzLh0xIY4cRvi,SE ME OLVIDA,"Maisak, Feid",45,4,5,EC,2025-06-11,82,True,225373,SE ME OLVIDA,2024-08-23,0.786,0.707,7,-4.386,0,0.0635,0.0399,0.0,0.121,0.691,82.045,4
2RX1emplIvpgCuZl87y50j,ENAMORA2,Fer Ariza,46,-13,-18,EC,2025-06-11,51,False,202064,ENAMORA2,2025-03-26,0.834,0.876,7,-5.473,1,0.124,0.0923,0.0,0.115,0.59,122.046,4
10MpBpx64MNixmUMNj7f6b,LATINA FOREVA,KAROL G,47,-4,-16,EC,2025-06-11,88,True,159452,LATINA FOREVA,2025-05-22,0.806,0.715,1,-3.539,0,0.0538,0.0115,0.0,0.0756,0.5,97.936,4
2SkB7jADnfiWH8qAE9H8cO,En Privado,"Xavi, Manuel Turizo",48,-6,-3,EC,2025-06-11,89,False,199399,En Privado,2025-02-06,0.833,0.863,7,-3.822,1,0.0377,0.111,4.75e-06,0.135,0.91,126.973,4
7LABrQFfRYcZUqUwng0Heb,Encantadora,Yandel,49,-8,1,EC,2025-06-11,83,False,240093,Dangerous,2015-11-06,0.662,0.874,8,-4.509,1,0.0471,0.147,0.0,0.141,0.926,169.943,4
0bK3jxkbq5cDKWr68KtO8G,Una y Otra Vez,Manuel Medrano,50,0,0,EC,2025-06-11,76,False,190605,Manuel Medrano,2015-10-30,0.42,0.481,4,-8.284,1,0.027,0.276,1.55e-06,0.345,0.376,82.112,3
1HEwEN64NjgTaHmo7LfkX8,no tiene sentido,Beéle,1,0,1,DO,2025-06-11,89,False,158036,BORONDO,2025-05-15,0.671,0.596,2,-7.565,0,0.0556,0.0871,1.97e-05,0.119,0.497,121.976,4
6iOndD4OFo7GkaDypWQIou,La Plena - W Sound 05,"W Sound, Beéle, Ovy On The Drums",2,1,1,DO,2025-06-11,95,True,150001,La Plena (W Sound 05),2025-02-19,0.894,0.643,5,-3.485,1,0.132,0.543,0.000984,0.101,0.659,99.039,4
2QP041AcWg8PwPIWP95RKN,top diesel,Beéle,3,-1,1,DO,2025-06-11,82,False,189456,BORONDO,2025-05-15,0.825,0.73,5,-4.007,1,0.11,0.144,0.000884,0.0435,0.77,99.995,4
4zhk2RS2EZODmBW6il55Qj,mi refe,"Beéle, Ovy On The Drums",4,0,3,DO,2025-06-11,85,False,159404,BORONDO,2025-05-15,0.637,0.648,7,-5.306,0,0.271,0.403,5.41e-05,0.119,0.441,123.108,4
3fmw8iIyQDS2L7nE6Wd0xG,sobelove,Beéle,5,0,0,DO,2025-06-11,81,False,131827,BORONDO,2025-05-15,0.756,0.721,8,-4.046,0,0.191,0.36,9.88e-06,0.0794,0.715,111.994,4
2lTm559tuIvatlT1u0JYG2,BAILE INoLVIDABLE,Bad Bunny,6,0,4,DO,2025-06-11,96,True,367725,DeBÍ TiRAR MáS FOToS,2025-01-05,0.168,0.00332,10,-46.113,1,0.0615,0.192,0.79,0.112,0.219,119.387,3
1IhDSbT5Ey2iryw3OuARik,Lean,Rochy RD,7,0,1,DO,2025-06-11,65,True,143870,Lean,2025-03-14,0.843,0.632,9,-2.77,1,0.304,0.173,3.29e-05,0.0359,0.594,99.921,4
1C7NXX8UJ6pgNx8EkmyZDd,si te pillara,Beéle,8,2,18,DO,2025-06-11,79,False,184547,BORONDO,2025-05-15,0.503,0.673,5,-5.594,1,0.0773,0.59,0.0,0.396,0.343,103.814,4
7d6yK8v8J484SWH5prIQiE,VeLDÁ,"Bad Bunny, Omar Courtz, Dei V",9,0,-3,DO,2025-06-11,92,True,235336,DeBÍ TiRAR MáS FOToS,2025-01-05,0.613,0.981,1,-18.638,1,0.149,0.29,0.0023,0.437,0.0337,101.852,3
6VfL3MEuYeJbDlD8m011HR,quédate,Beéle,10,1,2,DO,2025-06-11,83,False,176481,BORONDO,2025-05-15,0.608,0.633,0,-4.609,0,0.137,0.294,2.04e-05,0.143,0.549,111.888,5
0Mv8tLl5YjMCu3JUY7yxsv,Sin Ti,Yari M,11,-3,-2,DO,2025-06-11,46,False,158372,Sin Ti,2025-01-24,0.798,0.647,7,-4.976,0,0.0347,0.52,0.0,0.111,0.535,96.995,4
4MUrUT38U98olfnyzMBCzm,KLOuFRENS,Bad Bunny,12,0,3,DO,2025-06-11,90,True,199114,DeBÍ TiRAR MáS FOToS,2025-01-05,0.326,0.125,1,-32.45,1,0.148,0.703,0.706,0.18,0.306,106.974,4
0Qe2g06yzLBuuSvVmFiweP,Hasta Aquí Llegué,"Nanpa Básico, Beéle",13,3,8,DO,2025-06-11,84,False,188887,Duelo,2024-11-07,0.641,0.657,11,-8.338,0,0.218,0.538,0.0,0.106,0.411,100.016,4
6Z3FEo2Q2rF6CwWXl3iCAJ,OTRO SISTEMA,"Lil Naay, Huan62",14,1,5,DO,2025-06-11,69,True,144004,OTRO SISTEMA,2025-02-17,0.6,0.345,2,-11.219,1,0.364,0.0305,0.0,0.097,0.367,100.067,4
3sK8wGT43QFpWrvNQsrQya,DtMF,Bad Bunny,15,2,-4,DO,2025-06-11,97,True,237117,DeBÍ TiRAR MáS FOToS,2025-01-05,0.625,0.131,7,-27.405,0,0.0717,0.177,0.218,0.0807,0.032,136.02,4
2BvPMS2XWfnCpHHvWeOyeC,DETRÁS DE TU ALMA,Mora,16,6,12,DO,2025-06-11,83,True,237000,LO MISMO DE SIEMPRE,2025-05-18,0.433,0.733,4,-5.54,0,0.128,0.503,0.0,0.244,0.263,89.405,4
27xkOIER6uDLKALIelHylZ,Don’t Say You Love Me,Jin,17,-4,1,DO,2025-06-11,93,False,180716,Echo,2025-05-16,0.729,0.562,8,-5.49,1,0.0304,0.484,0.0,0.105,0.757,111.976,4
1i1n7hUzCDkXGFqIJSSzom,frente al mar,Beéle,18,0,4,DO,2025-06-11,79,False,165178,BORONDO,2025-05-15,0.75,0.682,10,-3.825,1,0.0945,0.168,1.28e-06,0.112,0.618,100.036,4
3D9d0PEHfC9PqQAwKKljDv,Suave,"Jey One, OG DETRUYELO",19,-5,-2,DO,2025-06-11,67,False,150000,Suave,2025-03-29,0.867,0.77,2,-6.032,1,0.187,0.00478,4.56e-05,0.396,0.707,128.067,4
59D4DOkspUbWyMmbAPQkxZ,VOY A LLeVARTE PA PR,Bad Bunny,20,0,-4,DO,2025-06-11,93,True,156364,DeBÍ TiRAR MáS FOToS,2025-01-05,0.148,0.604,7,-35.032,1,0.0588,0.921,0.453,0.405,1e-05,106.295,3
6J5kc12BW5HuP3d7C3vvx8,EoO,Bad Bunny,21,-2,-8,DO,2025-06-11,94,True,204768,DeBÍ TiRAR MáS FOToS,2025-01-05,0.36,0.464,10,-29.598,0,0.0702,0.749,0.859,0.0825,0.184,63.662,4
5TFD2bmFKGhoCRbX61nXY5,NUEVAYoL,Bad Bunny,22,-1,-8,DO,2025-06-11,94,False,183685,DeBÍ TiRAR MáS FOToS,2025-01-05,0.142,0.195,6,-20.024,1,0.139,0.265,0.995,0.204,0.12,137.922,4
2NKe3jG4Tsdarixp87OnCE,Pa Tripea,"Lil Naay, Huan62",23,2,4,DO,2025-06-11,67,True,133669,Pa Tripea,2024-09-16,0.771,0.536,10,-11.148,0,0.103,0.061,0.0487,0.318,0.393,100.953,4
4P49dOJLCHJh0HPYorW5IF,L NAMA,"Huan62, Lil Naay, Dowba Montana",24,-1,-4,DO,2025-06-11,64,True,133120,L NAMA,2025-01-06,0.556,0.678,2,-9.667,1,0.339,0.259,0.0,0.107,0.485,109.932,4
2RkIDJ1ud7kFj34kXJvFH1,MA BUENA,Luis Brown,25,1,0,DO,2025-06-11,60,True,117735,MA BUENA,2025-04-23,0.779,0.675,0,-5.928,1,0.103,0.692,0.000312,0.0827,0.789,105.599,4
6oRMg2IUaM9Ussg6pS30la,Glizzy Zaza,"Huan62, Lil Naay, Pillao VRT",26,-2,4,DO,2025-06-11,66,True,122574,Glizzy Zaza,2025-01-06,0.52,0.736,4,-8.266,0,0.251,0.123,0.0,0.411,0.736,109.142,4
4ob6ms155NnDHo3NcNqeue,Desde Hoy,NATTI NATASHA,27,23,-26,DO,2025-06-11,71,False,203563,Natti Natasha en Amargue,2025-02-07,0.747,0.721,1,-4.705,0,0.0517,0.202,0.0,0.125,0.496,135.033,4
3bXjpvN3TakMh5wbswVN4K,Rulay,Dowba Montana,28,2,-5,DO,2025-06-11,57,True,134378,Rulay,2025-05-21,0.727,0.736,7,-6.938,1,0.0895,0.505,0.0,0.167,0.113,93.961,4
4DnrAI8WyUY6gkOwl8GlPN,capaz (merengueton),"Alleh, Yorghaki",29,2,3,DO,2025-06-11,90,False,173858,LA CIUDAD,2024-12-24,0.872,0.614,3,-5.618,0,0.181,0.0815,0.000207,0.135,0.785,126.957,4
61C7zXd4t2Zuhz6DRwgsLM,Volver,"Piso 21, Marc Anthony, Beéle",30,-1,4,DO,2025-06-11,85,False,232149,Volver,2025-02-06,0.478,0.793,11,-4.449,1,0.387,0.235,0.0,0.146,0.604,92.294,4
18m5dJOPB2geFwOymXNaWg,AURORA,"Mora, De La Rose",31,-4,-7,DO,2025-06-11,85,True,192853,LO MISMO DE SIEMPRE,2025-05-18,0.595,0.761,11,-4.966,0,0.042,0.592,0.0,0.202,0.367,111.926,4
1a8xrk8ZCV9jOZI6RjRIE0,3.5,"Lil Naay, Huan62, Kookies",32,-4,-1,DO,2025-06-11,65,True,146951,3.5,2025-04-01,0.548,0.559,0,-9.815,0,0.107,0.773,0.0,0.153,0.594,97.795,4
4kTcJQj1drXzf0pkylO4AJ,DE LA CALLE,"Huan62, Lil Naay, Carlos Trvp, Little Homie",33,10,17,DO,2025-06-11,65,False,232124,DE LA CALLE,2024-08-12,0.708,0.713,3,-8.826,0,0.21,0.233,0.0,0.298,0.671,110.079,4
2WNPfZJA4tUJw4FF47YTl4,MAMI,Lil Naay,34,8,16,DO,2025-06-11,41,False,105091,MAMI,2024-07-10,0.557,0.578,10,-7.729,0,0.138,0.331,0.0,0.737,0.319,127.059,5
1Q9Efnm5csdCMFynISxL2x,PERFuMITO NUEVO,"Bad Bunny, RaiNao",35,-1,3,DO,2025-06-11,86,True,200680,DeBÍ TiRAR MáS FOToS,2025-01-05,0.513,0.0302,0,-33.8,1,0.0701,0.996,0.977,0.15,0.557,120.026,1
0l0vcZMU7AOeQmUIREoI2U,Qué Pasaría...,"Rauw Alejandro, Bad Bunny",36,-3,-7,DO,2025-06-11,91,True,191018,Cosa Nuestra,2024-11-15,0.833,0.563,4,-5.593,0,0.204,0.528,1.27e-05,0.139,0.343,105.008,4
4Hkp1TiYqGYhknFwtUsbqd,ME GUSTAS CC,ROA,37,-2,2,DO,2025-06-11,79,True,173573,Private Suite (Vol. 2),2024-12-13,0.337,0.818,5,-5.261,0,0.149,0.303,0.000159,0.111,0.457,87.429,5
03CL9rKPlc8OHevgg6zGCr,Perfect,Lil Naay,38,7,5,DO,2025-06-11,60,True,132371,Perfect,2025-05-04,0.44,0.594,6,-10.068,1,0.307,0.104,0.0,0.0402,0.552,98.149,4
4zbEItKoaRId1vRZkoO0Uh,Imagínate,"Danny Ocean, Kapo",39,-1,5,DO,2025-06-11,88,False,170365,Imagínate,2024-11-07,0.779,0.737,11,-4.667,1,0.109,0.134,0.0,0.0974,0.445,101.923,4
1ILjmBTvFF3ExlByvAycOZ,De Regalo,"Shadow Blow, Lil Naay, 212MUSIC",40,10,6,DO,2025-06-11,61,False,122500,De Regalo,2024-12-18,0.602,0.679,0,-7.078,0,0.314,0.0461,0.0,0.139,0.539,127.545,5
1XR8f6QzqAm4kBJPJXInvj,LIPO,Luis Brown,41,-5,9,DO,2025-06-11,48,True,150857,LIPO,2025-06-02,0.853,0.693,1,-6.562,1,0.0555,0.156,3.48e-05,0.156,0.436,105.054,4
1YYfyJ2yCvGFCxwjsIqEK9,Khé?,"Rauw Alejandro, Romeo Santos",42,-2,7,DO,2025-06-11,88,False,206066,Cosa Nuestra,2024-11-15,0.687,0.627,7,-4.975,1,0.181,0.326,0.0,0.0893,0.47,155.865,4
0mMclrCqn949LAAPLb35I3,Peluches,Luis Brown,43,7,7,DO,2025-06-11,53,True,109714,Peluches,2025-05-21,0.788,0.628,10,-7.391,1,0.0624,0.661,0.00309,0.384,0.789,104.982,4
51YOvMn0xShoUKDdPecFbb,morena (Bonus Track),Beéle,44,-12,-4,DO,2025-06-11,76,False,188930,BORONDO,2025-05-15,0.737,0.682,9,-6.149,1,0.13,0.155,0.0,0.227,0.676,104.107,4
1Zxlcq1l9SXZtGHzYuv0fs,Una Chica Good,Chaki Bley,45,-8,-8,DO,2025-06-11,70,True,131081,Una Chica Good,2025-04-21,0.735,0.818,8,-3.534,1,0.35,0.124,1.15e-05,0.548,0.909,186.16,3
4jFmNWISldJaPH8EA23gxb,MamaZota,Arlene MC,46,-5,4,DO,2025-06-11,66,True,122125,MamaZota,2025-03-12,0.698,0.787,8,-1.101,1,0.313,0.0767,0.000291,0.125,0.384,190.342,3
5FLzweTtgQurkLPs0E7uEO,Priti,"Danny Ocean, Sech",47,-8,-11,DO,2025-06-11,87,False,130968,Priti,2025-03-20,0.8,0.681,9,-7.307,1,0.0499,0.163,0.0,0.101,0.523,121.915,4
5hWpXZOs7vpz0JD3CIylsb,FANTASÍA,ROA,48,1,2,DO,2025-06-11,76,True,186212,FANTASÍA,2025-02-19,0.622,0.649,8,-7.141,0,0.0738,0.294,0.0,0.131,0.124,96.017,4
6ZquSdL7KYhvO9F3RzuVmI,Ta De Pinga,Shelow Shaq,49,-1,-14,DO,2025-06-11,62,False,189767,Ta De Pinga,2025-05-12,0.975,0.945,11,-3.946,0,0.0851,0.0381,0.00377,0.0705,0.833,128.99,4
6OCNg7QchXJMww1LHMjIzb,Hiekka,"Nicky Jam, Beéle",50,-4,0,DO,2025-06-11,86,False,213333,Hiekka,2025-05-02,0.724,0.726,4,-4.077,0,0.0416,0.0451,0.0,0.12,0.332,107.865,4
1klqiFFmUA44dKHWCX0V5l,Stolt (feat. Lamin),"Annika, Lamin",1,0,0,DK,2025-06-11,74,True,212471,AW,2025-05-08,0.596,0.622,8,-5.893,0,0.0526,0.0663,0.0,0.349,0.427,86.993,4
1ZtTGHFQwhltWz9jNVPBxp,Bipolar,"Benny Jamz, Gilli, KESI, Lamin, B.O.C",2,1,48,DK,2025-06-11,54,True,171671,Bipolar,2025-06-07,0.821,0.661,11,-5.755,0,0.165,0.201,2.33e-06,0.298,0.638,131.074,4
2WwWecb8U1bvv0LiKXQUsF,En drøm om et menneske,APHACA,3,-1,-1,DK,2025-06-11,71,False,178041,En drøm om et menneske,2025-05-09,0.349,0.491,10,-6.432,1,0.0296,0.304,0.0,0.0831,0.381,88.269,4
2MOH9hDRMYCpNzmHzCRjPh,"Hørt Det Før (feat. Pil, Annika, Mille & Medina)","Anton Westerlin, Pil, Annika, Mille, Medina",4,0,-1,DK,2025-06-11,68,False,214976,Godaften,2025-05-22,0.614,0.722,5,-6.199,0,0.0846,0.141,3.76e-05,0.0933,0.332,109.924,4
0nVUuzrVZc5t9S48ifesg6,Smelter Under Månen,APHACA,5,0,-1,DK,2025-06-11,70,False,198388,Smelter Under Månen,2024-06-21,0.787,0.642,1,-7.408,0,0.199,0.287,0.000242,0.169,0.767,104.067,4
65KKHRycAHzSGkwsLX87gu,Bar bund (feat. Gilli),"Annika, Gilli",6,0,1,DK,2025-06-11,69,False,165000,AW,2025-05-08,0.73,0.587,6,-6.783,0,0.0684,0.253,7.63e-05,0.119,0.395,164.016,4
2p4cYfKQbg8xHXNG4eQaGo,Hele Vejen (feat. Mumle),"Omar, Mumle",7,0,-2,DK,2025-06-11,71,False,177618,Hele Vejen (feat. Mumle),2025-02-07,0.725,0.569,0,-7.05,0,0.0522,0.12,0.0,0.0781,0.393,100.07,4
2RkZ5LkEzeHGRsmDqKwmaJ,Ordinary,Alex Warren,8,2,2,DK,2025-06-11,95,False,186964,"You'll Be Alright, Kid (Chapter 1)",2024-09-26,0.368,0.694,2,-6.141,1,0.06,0.704,6.59e-06,0.055,0.391,168.115,3
0Y7lLJhJEb2B9EMOiOc94Z,Et sted hvor vi de første,APHACA,9,-1,0,DK,2025-06-11,70,False,207639,Et sted hvor vi de første,2025-02-28,0.649,0.692,7,-5.558,0,0.0537,0.0773,1.84e-06,0.126,0.833,154.979,4
1hiYxHW3uKBmKm1ByvHeZd,"Handsome (feat. Benjamin Hav, JOSVA & Gilli)","Anton Westerlin, Benjamin Hav, JOSVA, Gilli",10,-1,-4,DK,2025-06-11,64,False,151875,Godaften,2025-05-22,0.771,0.754,9,-5.809,1,0.0615,0.0454,1.77e-05,0.291,0.908,128.046,4
7b2TKqfooo8peK9WTE5JeG,Bliv her lidt endnu (feat. JOSVA),"Annika, JOSVA",11,1,-3,DK,2025-06-11,70,False,162981,AW,2025-05-08,0.785,0.765,8,-6.618,1,0.0858,0.123,0.00118,0.111,0.837,86.988,4
00yXYRKC6isUGHRvdpQodo,Interesseret (feat. Noah Carter),"Thor Farlov, Noah Carter",12,-1,3,DK,2025-06-11,61,False,168783,Interesseret (feat. Noah Carter),2025-05-30,0.785,0.469,8,-7.076,0,0.0902,0.267,0.0,0.112,0.649,111.033,4
5fFVI2cNXckUEkttuVOumi,Blodigt (feat. Annika),"Anton Westerlin, Annika",13,0,-2,DK,2025-06-11,61,True,182608,Godaften,2025-05-22,0.693,0.731,2,-6.342,1,0.221,0.00818,2.87e-06,0.404,0.534,114.756,4
1RJCPTYYFNfu4lUoVawG3y,Du ik værd at græde for (feat. Sira Jovina),"Annika, Sira Jovina",14,0,-2,DK,2025-06-11,68,True,159875,AW,2025-05-08,0.594,0.638,10,-6.981,0,0.263,0.422,0.0,0.54,0.47,92.042,4
3xJeUxbt51wpvGk3YzqxLi,Reposado,"Benny Jamz, Gilli",15,1,14,DK,2025-06-11,65,True,161241,KENNY,2024-06-20,0.843,0.674,4,-6.0,0,0.243,0.173,1.88e-06,0.571,0.859,129.98,4
2Ikfha5EGyRU9TML7oi8zz,igen & igen,"Gobs, One Two",16,-1,-2,DK,2025-06-11,59,False,164585,"I DAG, I MORGEN, 4 EVIGT",2025-05-30,0.645,0.789,0,-4.965,1,0.0699,0.35,0.0,0.637,0.348,94.003,4
42UBPzRMh5yyz0EDPr6fr1,Manchild,Sabrina Carpenter,17,1,33,DK,2025-06-11,89,True,213645,Manchild,2025-06-05,0.731,0.685,7,-5.087,1,0.0572,0.122,0.0,0.317,0.811,123.01,4
2DDTfTNiglWtbbqUsQ1RJt,De Her Timer,Lamin,18,-1,20,DK,2025-06-11,64,False,208934,De Her Timer,2024-05-17,0.518,0.843,11,-5.151,0,0.0562,0.0178,0.00131,0.13,0.206,121.708,4
1xpHTbZ3NnvTDEXCFcwGWk,kendt mig en uge,Mille,19,5,-3,DK,2025-06-11,67,False,186843,kendt mig en uge,2025-03-21,0.67,0.535,1,-4.766,0,0.127,0.304,0.0,0.259,0.447,92.931,3
2UkqshpshIm9W0KqjADfey,Hold Min Hånd (feat. Samantha Mercano),"Kundo, Samantha Mercano",20,2,22,DK,2025-06-11,55,False,201615,24,2025-05-30,0.792,0.753,6,-6.001,1,0.0371,0.21,0.000915,0.121,0.689,105.994,4
52IGdLdV9AZVcRzr2MHvjr,Den Værste (feat. Lamin),"Tobias Rahim, Lamin",21,10,4,DK,2025-06-11,60,True,160592,Den Værste (feat. Lamin),2025-05-30,0.77,0.89,7,-3.495,0,0.0677,0.00522,6.11e-05,0.105,0.558,109.974,4
1A90dHXPAXFRrUJWdID0jJ,Rene Hjerter,Gilli,22,1,-5,DK,2025-06-11,67,False,169421,Rene Hjerter Vinder Altid,2025-05-01,0.795,0.678,1,-6.579,0,0.0947,0.071,0.0,0.117,0.216,127.135,4
43iOu7xPRhZdnKXDgCwyz9,Kun Os,Lamin,23,-3,-10,DK,2025-06-11,68,False,173333,Kun Os,2025-03-28,0.75,0.708,10,-7.028,1,0.0354,0.0347,4.12e-05,0.0837,0.275,126.042,4
7v30u3hUBxW0NhbYHazNDg,TÆT PÅ (feat. Delara),"Tobias Rahim, Delara",24,-5,-6,DK,2025-06-11,69,False,137400,TÆT PÅ (feat. Delara),2025-05-09,0.678,0.602,8,-5.145,0,0.0337,0.302,0.0,0.213,0.924,141.073,3
6vDsO1Ug0fvFXtRETzBR5s,Aura,"MORTEN, Nik & Jay",25,7,25,DK,2025-06-11,56,False,177142,Aura,2025-06-06,0.749,0.829,5,-5.858,0,0.0973,0.0677,0.0,0.164,0.356,126.051,4
0tuxMYBCRX9hbWU4oezfHK,Åboulevarden,Skinz,26,4,-5,DK,2025-06-11,66,False,162585,Åboulevarden,2025-04-25,0.701,0.684,8,-5.194,1,0.0322,0.268,0.0,0.305,0.639,98.041,4
4lz8ERSWJrnjb8T2lscsBb,Tilbage,Gilli,27,1,-3,DK,2025-06-11,67,False,151768,Rene Hjerter Vinder Altid,2025-05-01,0.625,0.524,0,-5.818,0,0.0493,0.369,5.24e-06,0.134,0.301,155.952,4
5V6GtuyYBrIfQIZwh0B8Ye,Flueben (feat. Lamin),"Anton Westerlin, Lamin",28,8,-6,DK,2025-06-11,63,False,139606,Godaften,2025-05-22,0.765,0.888,2,-7.389,1,0.109,0.003,0.000124,0.333,0.57,126.982,4
2SIn4GfX7nAEQZ9abmHWbr,Entré (feat. Lamin & ozzy),"Anton Westerlin, Lamin, ozzy",29,-3,-10,DK,2025-06-11,59,True,173400,Godaften,2025-05-22,0.777,0.633,4,-5.961,0,0.265,0.0123,0.0,0.0998,0.505,107.974,4
0GRc3eGTg8HBdWLRGYgqIc,Azizam,Ed Sheeran,30,-3,-7,DK,2025-06-11,92,False,162029,Azizam,2025-04-04,0.663,0.899,6,-5.103,1,0.0473,0.00255,0.0,0.065,0.876,127.998,4
6vdsc40TnfCdZsWj7GecQV,Det Modsatte,Mumle,31,-6,8,DK,2025-06-11,64,False,201863,Det Modsatte,2023-09-22,0.764,0.581,11,-5.544,0,0.106,0.0171,0.0,0.0866,0.55,118.059,4
2v5RxyOtY5uSH2EAtz94SL,Du ligner din mor,"Benjamin Hav, Lukas Graham",32,-11,-1,DK,2025-06-11,62,False,187078,"Jeg vil bare gerne være et godt menneske, men det er ikke let.",2025-01-31,0.816,0.575,1,-6.699,0,0.0441,0.193,8.29e-06,0.0561,0.823,107.025,4
4GZt2BpQpWhkEAgmfUrQOu,Luk Mig Ind,Annika,33,0,0,DK,2025-06-11,66,False,197706,Luk Mig Ind,2024-11-29,0.558,0.55,9,-6.712,0,0.0363,0.348,1.16e-06,0.123,0.178,95.881,3
62EPQ5REuZwGqWoRsPP5Bx,Hjertet På Gaden,APHACA,34,4,0,DK,2025-06-11,64,False,312000,Hjertet På Gaden,2024-02-02,0.555,0.342,1,-8.418,0,0.0335,0.61,2.08e-06,0.151,0.112,135.029,4
2j59di23XCFfbdJPE5KuNw,Hva Du På (feat. Gilli),"Lamin, Gilli",35,0,2,DK,2025-06-11,64,False,158666,De Her Timer,2024-05-31,0.77,0.774,7,-7.127,1,0.0739,0.0868,0.0,0.46,0.461,135.039,4
6EfIo8vxfIBT2IZrzGHbpP,Hvor Solen Ik' Skinner,"Mumle, Svea S",36,-7,-4,DK,2025-06-11,65,False,164054,Hvor Solen Ik' Skinner,2024-07-19,0.525,0.712,1,-4.945,1,0.0875,0.115,0.0,0.108,0.45,80.047,4
5mFQvwwjVjy1cO0HxxbsoR,Keem (feat. Benny Jamz),"Kundo, Benny Jamz",37,5,-2,DK,2025-06-11,58,False,195189,24,2025-05-30,0.761,0.486,7,-6.744,0,0.348,0.069,0.0,0.117,0.169,78.969,4
2gZFWmcE98gNuhkeycpB0I,"Byens Hold (feat. Noah Carter, KESI & Lamin)","Anton Westerlin, Noah Carter, KESI, Lamin",38,-4,-18,DK,2025-06-11,64,False,164117,Godaften,2025-05-22,0.759,0.629,1,-6.831,1,0.317,0.015,0.0,0.405,0.461,118.689,4
0W3xaNPnpTHr6qDcGrPM1i,Seaside,Artigeardit,39,0,-12,DK,2025-06-11,63,True,187338,ÆTEREN,2025-04-25,0.844,0.657,8,-9.244,0,0.319,0.429,6.3e-05,0.111,0.221,133.963,4
2yWlGEgEfPot0lv3OAjuG3,Just Keep Watching (From F1® The Movie),"Tate McRae, F1 The Album",40,0,-12,DK,2025-06-11,91,False,142550,Just Keep Watching (From F1® The Movie),2025-05-30,0.656,0.796,9,-5.856,0,0.113,0.0767,0.0,0.509,0.425,129.956,4
6ugWrKsKjxSiKmbkTVQD8c,"Go Masala (feat. Klamfyr, USSEL & NIKLAS)","Rune Rask, Klamfyr, USSEL, Niklas",41,-4,-11,DK,2025-06-11,65,True,162500,"Go Masala (feat. Klamfyr, USSEL & NIKLAS)",2025-05-02,0.778,0.71,5,-5.86,0,0.0661,0.0242,0.000109,0.743,0.717,119.978,4
0h35J8A4GHIlQXcxVAEmF5,Til Solen Er Sort,APHACA,42,1,-6,DK,2025-06-11,63,False,224175,Til Solen Er Sort,2023-10-27,0.393,0.533,9,-6.638,1,0.0347,0.0703,0.0,0.149,0.338,181.906,3
6rejvAyHTeBciF2LBlSWcv,sommeren 21,Gobs,43,-2,-17,DK,2025-06-11,60,False,167914,"I DAG, I MORGEN, 4 EVIGT",2025-05-30,0.464,0.86,11,-4.201,1,0.366,0.0985,0.0,0.154,0.693,155.583,3
6bcPxfjMUONVAbO4lYss1K,365 (feat. Benny Jamz),"Merro8, Benny Jamz",44,1,6,DK,2025-06-11,53,True,152589,365 (feat. Benny Jamz),2025-06-06,0.81,0.618,6,-5.699,0,0.0781,0.148,0.0,0.109,0.477,130.024,4
1MriMVVs0upyrXtArsWep5,Første dag,"Benjamin Hav, Ella Augusta",45,5,2,DK,2025-06-11,60,False,193678,"Jeg vil bare gerne være et godt menneske, men det er ikke let.",2025-01-31,0.787,0.59,11,-8.353,0,0.0495,0.229,0.00841,0.071,0.63,121.998,4
6dOtVTDdiauQNBQEDOtlAB,BIRDS OF A FEATHER,Billie Eilish,46,-2,0,DK,2025-06-11,100,False,210373,HIT ME HARD AND SOFT,2024-05-17,0.747,0.507,2,-10.171,1,0.0358,0.2,0.0608,0.117,0.438,104.978,4
0fFMt9cc1EEQDIWLGDcqKd,Så længe jeg er sexy.,Annika,47,2,3,DK,2025-06-11,65,False,150190,Så længe jeg er sexy.,2024-08-02,0.543,0.674,0,-6.241,0,0.153,0.262,0.0,0.244,0.579,155.84,4
0H2DdxpCOXES3vw1dNmf4V,Klip Klap Sandaler,APHACA,48,0,0,DK,2025-06-11,62,False,240917,Kan Du Mærke Suset?,2024-10-11,0.639,0.628,8,-7.177,1,0.0298,0.109,2.2e-05,0.123,0.397,126.984,4
7CW3Tjll8pUMZxsuo8GZgV,Tænker Ik På Andre (feat. URO),"Suspekt, URO",49,-3,-4,DK,2025-06-11,64,False,203500,Tænker Ik På Andre (feat. URO),2024-08-30,0.707,0.809,8,-8.022,0,0.0705,0.182,5.11e-06,0.128,0.836,89.988,4
2doTTX8MLsVnAyAQqmqV7j,Elsker Dig Så Meget,Blæst,50,0,0,DK,2025-06-11,61,False,202453,Dine Venner,2024-10-11,0.68,0.717,8,-6.253,1,0.0372,0.11,2.1e-06,0.138,0.702,160.051,4
1JjHQ4lfAjbDq7wmOmH9wM,Shabab(e)s im VIP,"Pashanim, Ceren",1,0,0,DE,2025-06-11,85,True,115555,grünewürfelflow,2025-04-30,0.746,0.598,11,-10.112,0,0.133,0.0239,0.0126,0.0988,0.537,134.994,4
2RkZ5LkEzeHGRsmDqKwmaJ,Ordinary,Alex Warren,2,0,2,DE,2025-06-11,95,False,186964,"You'll Be Alright, Kid (Chapter 1)",2024-09-26,0.368,0.694,2,-6.141,1,0.06,0.704,6.59e-06,0.055,0.391,168.115,3
6YFNhYf7A33biVmMG1JSQf,AKON,Jazeek,3,0,0,DE,2025-06-11,83,True,138354,MOST VALUABLE PLAYA,2025-03-28,0.956,0.674,7,-7.476,0,0.076,0.129,0.0,0.0824,0.852,120.042,4
1E7xmNFzqkkh1DMwBomBg3,Wenn das Liebe ist,Nina Chuba,4,1,-2,DE,2025-06-11,78,False,164991,Wenn das Liebe ist,2025-05-30,0.749,0.754,5,-4.695,0,0.0288,0.0399,0.000343,0.165,0.804,129.018,4
1prNhzt3DdgRoxKoALTEYo,tau mich auf,Zartmann,5,-1,1,DE,2025-06-11,75,False,110902,schönhauser EP,2025-04-04,0.888,0.791,2,-7.766,1,0.0992,0.256,2.42e-06,0.183,0.821,124.981,4
7iOadzb2kNGSR0vuZk1DD9,Tutto Bene,"Dardan, Morad",6,0,44,DE,2025-06-11,72,True,219733,Tutto Bene,2025-06-06,0.773,0.889,5,-4.601,0,0.0507,0.23,0.0,0.227,0.803,119.994,4
2U07Gukj3QGlLh0krokPdG,Capri Sun,"Aymen, Amo",7,0,-2,DE,2025-06-11,76,True,119244,Capri Sun,2025-05-30,0.812,0.843,4,-5.554,0,0.241,0.159,0.0,0.104,0.782,139.99,4
3zadSXykCJFdmRKxsfOQ2h,DRAGO AUGUSTINO,"Tream, treamiboii",8,9,42,DE,2025-06-11,68,False,157402,DRAGO AUGUSTINO,2025-06-05,0.708,0.881,10,-5.947,0,0.118,0.107,0.0,0.0912,0.687,153.966,5
3cmfbLQkCBkyAxVNlApBsP,BOTTEGA,RAF Camora,9,0,41,DE,2025-06-11,71,False,145023,BOTTEGA,2025-06-06,0.773,0.737,2,-6.867,1,0.0877,0.0999,8.2e-06,0.09,0.169,95.984,4
4IgsV4j9x88UgXTiYSzMK5,Camilla,YUNG SAINT PAUL,10,2,-1,DE,2025-06-11,74,True,192312,Camilla,2025-05-02,0.9,0.569,9,-9.739,1,0.35,0.23,5.5e-05,0.102,0.554,120.079,4
0QCIpQV3twfqo9kh0t8Zza,Shake It To The Max (FLY) - Remix,"MOLIY, Silent Addy, Skillibeng, Shenseea",11,-3,0,DE,2025-06-11,93,True,178775,Shake It To The Max (FLY) (Remix),2025-02-21,0.856,0.548,0,-6.609,0,0.123,0.561,0.0,0.155,0.562,97.997,4
4uFOYZtzKEJElfzpbqbk6N,CONNECTED,"RAF Camora, reezy",12,2,-5,DE,2025-06-11,80,False,158012,CONNECTED,2025-05-16,0.421,0.818,6,-6.083,0,0.273,0.326,0.155,0.166,0.532,186.926,3
5XlJP2J81wF20QariDKRJW,Plug,Aymen,13,0,-5,DE,2025-06-11,79,True,152923,Plug,2025-04-11,0.82,0.741,11,-6.469,0,0.0714,0.0117,0.000811,0.165,0.783,125.982,4
5ITV0zqzjOYfFWpW0xBmRa,Show Me Love,"WizTheMc, bees & honey",14,-3,0,DE,2025-06-11,94,False,176965,Show Me Love,2025-02-07,0.714,0.691,1,-7.333,1,0.0434,0.0212,0.000292,0.111,0.155,107.15,4
1EDPVGbyPKJPeGqATwXZvN,The Emptiness Machine,Linkin Park,15,3,4,DE,2025-06-11,85,True,190427,From Zero,2024-11-15,0.466,0.872,7,-3.344,1,0.0336,0.0156,0.0,0.121,0.806,184.115,4
0FTmksd2dxiE5e3rWyJXs6,back to friends,sombr,16,-1,7,DE,2025-06-11,98,False,199032,back to friends,2024-12-27,0.436,0.723,1,-2.291,1,0.0301,9.37e-05,8.82e-05,0.0929,0.235,92.855,4
4x7j9ed3FRH6CHj27kiTQ3,Wackelkontakt,Oimara,17,-7,8,DE,2025-06-11,80,False,168801,Wackelkontakt,2024-08-02,0.739,0.77,7,-3.009,1,0.292,0.0374,8.59e-06,0.356,0.521,169.963,4
2wlqlfnyf7Hulg2b9E8Qhy,Walzer,Provinz,18,6,22,DE,2025-06-11,44,False,201325,Pazifik,2025-02-21,0.402,0.489,9,-6.916,1,0.0359,0.431,0.0,0.0768,0.213,171.111,3
4FSWg1YKFu0XN3oli8RisN,Schief in jedem Chor,Kraftklub,19,2,31,DE,2025-06-11,67,True,186524,Schief in jedem Chor,2025-06-05,0.538,0.64,7,-6.756,1,0.0511,0.497,0.0,0.0975,0.49,185.032,3
2yWlGEgEfPot0lv3OAjuG3,Just Keep Watching (From F1® The Movie),"Tate McRae, F1 The Album",20,0,-4,DE,2025-06-11,91,False,142550,Just Keep Watching (From F1® The Movie),2025-05-30,0.656,0.796,9,-5.856,0,0.113,0.0767,0.0,0.509,0.425,129.956,4
2GN2pbQi4Yz7Qp99Wbp2vZ,Unsicher,Nina Chuba,21,-2,-9,DE,2025-06-11,80,False,138032,Unsicher,2025-04-04,0.591,0.435,3,-8.557,1,0.0324,0.607,0.0,0.116,0.289,133.525,4
4wJ5Qq0jBN4ajy7ouZIV1c,APT.,"ROSÉ, Bruno Mars",22,-6,2,DE,2025-06-11,89,False,169917,rosie,2024-12-06,0.777,0.783,0,-4.477,0,0.26,0.0283,0.0,0.355,0.939,149.027,4
4aAZTaXHlm625nZhF6Zr12,bad bunnies,Zsá Zsá,23,-1,-10,DE,2025-06-11,79,True,137114,bad bunnies,2025-05-02,0.585,0.773,1,-5.615,1,0.0677,0.131,1.45e-05,0.323,0.51,170.176,4
0GRc3eGTg8HBdWLRGYgqIc,Azizam,Ed Sheeran,24,-1,4,DE,2025-06-11,92,False,162029,Azizam,2025-04-04,0.663,0.899,6,-5.103,1,0.0473,0.00255,0.0,0.065,0.876,127.998,4
4AajxCEwGEsmHmT4H1TwjY,undressed,sombr,25,1,-5,DE,2025-06-11,96,False,182088,undressed,2025-03-21,0.642,0.887,0,-3.883,1,0.0406,0.137,0.0,0.0829,0.888,115.999,4
5LrWZ8K4SPr1Qe0ZBqJGTq,Borderline,"Ely Oaks, LAVINIA",26,1,-8,DE,2025-06-11,82,False,118449,Borderline,2025-04-24,0.567,0.876,9,-5.558,1,0.049,0.00109,0.0949,0.406,0.333,154.039,4
6zZJqCrjk6Cw7ZUkwEMQzo,Prototyp,"Shindy, Massiv",27,3,23,DE,2025-06-11,67,True,167073,Prototyp,2025-06-05,0.618,0.647,8,-6.102,1,0.213,0.0138,0.0,0.347,0.172,83.504,4
61lNxSCj38lvmZjJZuhXSt,SABÍA QUE NO,reezy,28,1,-6,DE,2025-06-11,78,True,182797,SABÍA QUE NO,2025-01-10,0.852,0.59,5,-9.754,1,0.198,0.115,0.0124,0.376,0.353,130.033,4
4WFgvKVfEhb3IUAFGrutTR,Love Me Not,Ravyn Lenae,29,-4,16,DE,2025-06-11,91,False,213466,Bird's Eye,2024-08-09,0.779,0.731,0,-6.176,1,0.0306,0.296,0.0,0.128,0.814,114.001,4
20ABHNIR9jBXjaQnLjcVI2,Buscape,"Azet, Bobby Vandamme",30,1,-13,DE,2025-06-11,77,True,151755,Buscape,2025-05-08,0.8,0.671,11,-6.293,0,0.0796,0.17,0.0,0.205,0.627,135.078,4
1MDyUzZgyrdeQVmV1FU3WQ,Als du gingst - edit,"Contec, Lina Maly",31,7,-5,DE,2025-06-11,76,False,239019,Als du gingst (edit),2025-04-29,0.641,0.934,11,-3.095,0,0.071,0.00476,0.253,0.0953,0.213,159.998,4
42UBPzRMh5yyz0EDPr6fr1,Manchild,Sabrina Carpenter,32,1,18,DE,2025-06-11,89,True,213645,Manchild,2025-06-05,0.731,0.685,7,-5.087,1,0.0572,0.122,0.0,0.317,0.811,123.01,4
1W14FFFgsM0m6DUt3Tf6NP,Bella Napoli,Roy Bianco & Die Abbrunzati Boys,33,-5,17,DE,2025-06-11,69,False,235986,Mille Grazie,2022-04-08,0.633,0.783,7,-5.666,1,0.0433,0.012,3.4e-06,0.222,0.414,134.962,4
60a0Rd6pjrkxjPbaKzXjfq,In the End,Linkin Park,34,2,8,DE,2025-06-11,91,False,216880,Hybrid Theory (Bonus Edition),2000-10-24,0.556,0.864,3,-5.87,0,0.0584,0.00958,0.0,0.209,0.4,105.143,4
5CHk5DB5h82OB0R2vkisTe,RRR,"Nimo, CAPO",35,9,15,DE,2025-06-11,66,True,159357,RRR,2025-06-05,0.743,0.904,7,-3.276,0,0.125,0.147,0.00939,0.192,0.483,95.013,4
7L3Pw4DFV4vsNOAj08pfCI,2 Sitza,Pashanim,36,5,-15,DE,2025-06-11,78,False,114098,grünewürfelflow,2025-04-30,0.652,0.612,10,-10.411,0,0.408,0.139,0.00109,0.325,0.474,121.956,4
6leQi7NakJQS1vHRtZsroe,Mittelmeer,Pashanim,37,-2,-6,DE,2025-06-11,74,False,179106,2000,2024-06-13,0.681,0.417,4,-8.172,0,0.111,0.0895,0.0115,0.146,0.158,177.965,4
2FAZskT9yRjp2Oow9szJD8,The Days - NOTION Remix,"Chrystal, NOTION",38,-1,-5,DE,2025-06-11,92,False,233229,The Days (NOTION Remix),2024-11-08,0.62,0.843,6,-5.321,0,0.0844,0.0062,4.63e-06,0.55,0.237,137.812,4
5nPbKG04fhLkIAjcPFaZq7,I Adore You (feat. Daecolm),"HUGEL, Topic, Arash, Daecolm",39,-7,-7,DE,2025-06-11,89,False,214000,I Adore You (feat. Daecolm),2024-07-19,0.704,0.787,11,-6.751,0,0.0462,0.00926,0.00538,0.159,0.31,119.996,4
4YHB7lnoeFEHWtL0KtSklh,Morgen,Apache 207,40,2,-25,DE,2025-06-11,76,False,190258,Morgen,2025-05-23,0.611,0.853,8,-5.682,0,0.306,0.00498,8.03e-06,0.104,0.545,163.981,4
3hvT7LmndHeQ8dIPFXe4HU,Keine Helden,"Kontra K, SDP",41,7,9,DE,2025-06-11,66,False,185153,Keine Helden,2025-06-05,0.486,0.724,8,-5.496,0,0.351,0.0575,0.0,0.119,0.324,94.083,4
0PFZJiniN98Dvol16UJAsP,SELFMADE / GRIEZMANN,THIZZY52,42,-3,-15,DE,2025-06-11,71,True,181120,SELFMADE / GRIEZMANN,2025-05-29,0.689,0.749,2,-6.547,1,0.409,0.117,1.04e-06,0.295,0.384,132.318,4
4sTlQPMyoFMPdhAJvErBN3,PASSO BEM SOLTO - Slowed,ATLXS,43,-9,-8,DE,2025-06-11,92,False,116072,PASSO BEM SOLTO,2024-04-23,0.602,0.867,1,-5.698,0,0.0312,0.00702,0.00442,0.259,0.399,115.899,4
4SXUbnaYt80pFpAebHVR5Q,Schmerz,Dardan,44,3,-15,DE,2025-06-11,76,True,163946,Schmerz,2025-04-25,0.7,0.799,4,-6.327,0,0.0427,0.176,0.0,0.408,0.496,120.939,4
7so0lgd0zP2Sbgs2d7a1SZ,Die With A Smile,"Lady Gaga, Bruno Mars",45,-5,-4,DE,2025-06-11,91,False,251667,MAYHEM,2025-03-07,0.519,0.601,6,-7.727,0,0.0317,0.289,0.0,0.126,0.498,157.964,3
5ejTcCJOozPqRPMs9gW3pN,Be Mine,KAMRAD,46,4,4,DE,2025-06-11,71,False,156463,Be Mine,2025-05-16,0.695,0.855,7,-5.563,0,0.0353,0.0201,6.21e-06,0.33,0.609,125.972,4
0KHSvFopZcVxNuAB7oQPDv,Geboren um zu leben,"Kontra K, NESS",47,3,-8,DE,2025-06-11,77,False,168727,Geboren um zu leben,2025-05-01,0.596,0.642,5,-5.47,1,0.192,0.141,0.0,0.474,0.473,89.941,4
35ISBknsCeZQtq66xABI9g,Messy,Lola Young,48,-5,-5,DE,2025-06-11,89,True,284066,This Wasn't Meant For You Anyway,2024-06-21,0.798,0.562,9,-5.913,1,0.0375,0.11,0.00606,0.122,0.647,110.991,4
6Nt7EMuRkZxoG3B1MDdzpz,Zahide Did It Better,ZAH1DE,49,-4,-19,DE,2025-06-11,74,False,116005,Zahide Did It Better,2025-05-23,0.958,0.574,10,-6.708,0,0.328,0.027,4.28e-06,0.0905,0.581,109.977,4
6dOtVTDdiauQNBQEDOtlAB,BIRDS OF A FEATHER,Billie Eilish,50,-4,-12,DE,2025-06-11,100,False,210373,HIT ME HARD AND SOFT,2024-05-17,0.747,0.507,2,-10.171,1,0.0358,0.2,0.0608,0.117,0.438,104.978,4
2K4y6LbyUOr03ktqAaMZmD,KSN - PINTLICH REMIX,"Yzomandias, P T K, Robin Zoot, Nik Tendo, Ektor, PINTLICH",1,0,49,CZ,2025-06-11,62,True,188571,KSN (PINTLICH REMIX),2025-06-04,0.833,0.644,9,-7.13,1,0.39,0.172,0.0,0.555,0.362,140.041,4
3okMwMS8V4STgRha2KT4Kz,PTSD,Ektor,2,0,-1,CZ,2025-06-11,65,True,156026,PTSD,2025-05-29,0.795,0.814,7,-5.846,1,0.164,0.155,6.94e-06,0.11,0.248,132.089,4
7eFpCO3ixXADJPdl5EvpRw,Valčík,Neny,3,0,-1,CZ,2025-06-11,65,True,175172,Valčík,2025-05-10,0.666,0.849,9,-2.808,0,0.271,0.0645,0.0,0.0735,0.62,174.003,4
59Pro01fS9Ucy2HseMArGa,Homerun,"THE MAG, G1nter",4,3,46,CZ,2025-06-11,48,True,104900,Homerun,2025-06-09,0.804,0.705,9,-6.509,1,0.423,0.00749,0.0,0.339,0.397,151.029,4
6GwekXZF2LdRWQ8IebcoQn,studené srdce,"Pil C, Luca Brassi10x, Karlo, G1nter",5,-1,45,CZ,2025-06-11,60,True,236800,brat,2025-06-06,0.711,0.724,1,-5.063,1,0.125,0.0102,0.105,0.13,0.306,150.085,4
7KEGsz3uwzTYo0ZQBowvRB,Drž Píču,G1nter,6,2,3,CZ,2025-06-11,62,True,118153,Drž Píču,2025-05-29,0.961,0.485,1,-8.516,1,0.407,0.00772,0.0,0.117,0.301,129.969,4
1x1gDfbVvPYm8gaRVhDhIl,Talk2me,"Sara Rikas, Yzomandias",7,-2,-1,CZ,2025-06-11,65,True,163209,"Ja, Sára",2025-04-23,0.795,0.462,6,-8.47,0,0.137,0.334,3.74e-06,0.084,0.475,96.969,4
4xWFJWVX31eO9I2p2eVdS8,Až po uši,Slavíček,8,1,-3,CZ,2025-06-11,67,False,197489,HOMEMADE,2024-01-13,0.783,0.429,6,-9.193,1,0.0567,0.832,0.0,0.358,0.846,125.05,4
5LG6E6hwx6u84X7hMVkpKp,Pistácie (feat. Sofian Medjmedj),"Calin, Sofian Medjmedj",9,6,-2,CZ,2025-06-11,68,True,174117,Bieber Fever Tour Life,2024-12-06,0.565,0.487,5,-10.099,0,0.262,0.407,0.00027,0.372,0.677,72.509,4
6gj6FXx7jZXOOdLX4aNaSK,Syndrom,Viktor Sheen,10,8,0,CZ,2025-06-11,65,False,166299,Impostor syndrom,2024-11-08,0.826,0.711,10,-5.649,0,0.0722,0.374,0.00579,0.0718,0.557,127.102,4
6xf7MCdEyF6idcpkrHzQgI,Sezóna,"Robin Zoot, Viktor Sheen",11,2,-7,CZ,2025-06-11,63,True,190987,Sezóna,2025-05-26,0.79,0.791,8,-6.892,0,0.154,0.111,0.0,0.0952,0.433,123.968,4
2RkZ5LkEzeHGRsmDqKwmaJ,Ordinary,Alex Warren,12,4,-4,CZ,2025-06-11,95,False,186964,"You'll Be Alright, Kid (Chapter 1)",2024-09-26,0.368,0.694,2,-6.141,1,0.06,0.704,6.59e-06,0.055,0.391,168.115,3
2QvaPJZpFrlFa660GxjmFs,Na ostří nože,Ewa Farna,13,4,-10,CZ,2025-06-11,61,False,223000,Singles & Specials,2020-12-04,0.799,0.767,0,-4.856,1,0.0406,0.0329,0.0011,0.0825,0.849,122.061,4
60s9qt0f9uweJvExCjHSyb,dole,"Pil C, Luca Brassi10x, Dollar Prync",14,7,36,CZ,2025-06-11,59,True,179130,brat,2025-06-06,0.797,0.883,11,-6.747,0,0.234,0.0516,0.0348,0.329,0.706,138.044,4
4yfL2UTITpAZ7btpfl7wax,Traphouse,"THE MAG, Chawo",15,29,35,CZ,2025-06-11,44,True,159999,Traphouse,2025-06-09,0.815,0.508,3,-5.676,0,0.283,0.199,0.0,0.312,0.339,95.965,4
1XIbDyk2cYuhmPa0cO0zqN,Cigarety,"Sara Rikas, Matej Turcer",16,10,-5,CZ,2025-06-11,68,False,281346,"Ja, Sára",2025-04-23,0.576,0.483,11,-7.554,1,0.0264,0.00383,2.55e-05,0.282,0.195,154.687,3
6nA0cdwzqjonuNLAUTix1B,KSN,"Yzomandias, P T K",17,10,33,CZ,2025-06-11,49,True,181714,KSN (PINTLICH REMIX),2025-06-04,0.868,0.806,11,-6.099,0,0.465,0.178,0.0,0.104,0.426,140.056,4
0FTmksd2dxiE5e3rWyJXs6,back to friends,sombr,18,11,-3,CZ,2025-06-11,98,False,199032,back to friends,2024-12-27,0.436,0.723,1,-2.291,1,0.0301,9.37e-05,8.82e-05,0.0929,0.235,92.855,4
6WfjL1LncrRrm79gaZoi9v,Iné Plemená,"Sara Rikas, Viktor Sheen",19,14,2,CZ,2025-06-11,63,True,187000,"Ja, Sára",2025-04-23,0.685,0.553,6,-6.629,0,0.091,0.541,0.0,0.246,0.444,93.882,4
2DKYJ9Kco4zwf5AXPMsFpf,Throwaways,G1nter,20,12,0,CZ,2025-06-11,61,True,130388,Throwaways,2025-04-27,0.635,0.571,11,-10.19,0,0.391,0.0179,0.0,0.314,0.366,147.885,4
1nwKq6t4wpKLK2bWkDVm3e,Pátky,Viktor Sheen,21,15,6,CZ,2025-06-11,63,True,188571,Impostor syndrom,2024-11-08,0.808,0.784,8,-6.467,0,0.0863,0.616,0.000145,0.133,0.793,139.946,4
58Kx48jdexHfT7reFY1TVE,Body to body,"Separ, French Montana, Peter Pann",22,9,-9,CZ,2025-06-11,68,True,192533,NEVIEM,2025-03-30,0.785,0.792,9,-5.148,1,0.106,0.357,0.000363,0.0911,0.465,101.972,4
3QCRSIRZyCM2JjR4DTiwzF,Painkillers,"Yzomandias, P T K, Luca Brassi10x, Le Winter",23,14,13,CZ,2025-06-11,63,True,216363,Painkillers,2024-11-22,0.779,0.807,1,-6.051,0,0.103,0.381,1.31e-05,0.123,0.606,131.987,4
6RXu4x7xRO1CpJbHCjguET,FANCY,"Ben Cristovao, Sofian Medjmedj",24,6,-8,CZ,2025-06-11,61,False,172000,FANCY,2025-05-16,0.657,0.764,9,-7.364,0,0.116,0.0402,0.0,0.336,0.795,119.957,4
3RVAx8thRI7oxPsGYA9bNu,Will Salas,CA$HANOVA BULHAR,25,-15,25,CZ,2025-06-11,46,True,127869,CA$HFLOW,2025-06-09,0.646,0.744,2,-8.134,1,0.055,0.199,0.214,0.119,0.574,150.037,4
2aSjZFDJyTmakHyPxsEScQ,Slzy,"Sofian Medjmedj, Ben Cristovao",26,17,24,CZ,2025-06-11,57,True,150926,PROJECT⎜23,2023-10-19,0.664,0.67,10,-8.341,0,0.112,0.3,0.0,0.12,0.509,135.954,4
3LlAyCYU26dvFZBDUIMb7a,Demons,Imagine Dragons,27,23,23,CZ,2025-06-11,75,False,175200,Night Visions,2012-09-04,0.5,0.71,3,-3.015,1,0.0339,0.19,0.00025,0.329,0.419,89.929,4
2n9P4AL6xPVnoE1deBxHat,Ups and downs,Sara Rikas,28,14,-14,CZ,2025-06-11,67,False,135283,"Ja, Sára",2025-04-23,0.707,0.538,4,-8.153,0,0.066,0.587,0.0,0.103,0.818,46.977,4
7FUXX4NCgtI8XJgeVQ202c,Bulgaria Air,CA$HANOVA BULHAR,29,-23,21,CZ,2025-06-11,47,True,114586,CA$HFLOW,2025-06-09,0.705,0.734,6,-5.719,0,0.0842,0.0549,0.0,0.146,0.52,78.523,4
0PHjcDCfUDmAK1VahjUVuK,Wannabe's,"G1nter, Young Sagvan",30,11,-8,CZ,2025-06-11,60,True,148085,Wannabe's,2025-03-30,0.763,0.562,10,-8.777,0,0.091,0.099,0.0,0.097,0.194,141.122,4
2yWlGEgEfPot0lv3OAjuG3,Just Keep Watching (From F1® The Movie),"Tate McRae, F1 The Album",31,9,-8,CZ,2025-06-11,91,False,142550,Just Keep Watching (From F1® The Movie),2025-05-30,0.656,0.796,9,-5.856,0,0.113,0.0767,0.0,0.509,0.425,129.956,4
4oLJGn19J4OWAPC7fV5b5E,Vítej mezi náma (feat. STEIN27),"Calin, STEIN27",32,3,-15,CZ,2025-06-11,64,True,193548,Bieber Fever Tour Life,2024-12-06,0.458,0.879,8,-5.973,0,0.223,0.0705,0.0143,0.307,0.733,235.512,4
2K8HLQXU4EB3ZdpNqGN8um,Givenchy,Robin Zoot,33,1,5,CZ,2025-06-11,58,True,181224,PONYA,2024-01-12,0.775,0.552,9,-8.991,1,0.209,0.549,0.000234,0.098,0.237,98.038,4
1zB4vmk8tFRmM9UULNzbLB,Thunder,Imagine Dragons,34,16,16,CZ,2025-06-11,88,False,187146,Evolve,2017-06-23,0.604,0.822,0,-4.833,1,0.0438,0.00672,0.134,0.147,0.288,167.997,4
0pqnGHJpmpxLKifKRmU6WP,Believer,Imagine Dragons,35,15,15,CZ,2025-06-11,90,False,204346,Evolve,2017-06-23,0.776,0.78,10,-4.374,0,0.128,0.0622,0.0,0.081,0.666,124.949,4
54ipXppHLA8U4yqpOFTUhr,Bones,Imagine Dragons,36,14,14,CZ,2025-06-11,84,False,165264,Mercury - Acts 1 & 2,2022-07-01,0.772,0.75,5,-3.67,0,0.0455,0.0201,0.0,0.074,0.587,114.061,4
6Qn5zhYkTa37e91HC1D7lb,Whatever It Takes,Imagine Dragons,37,13,13,CZ,2025-06-11,85,False,201240,Evolve,2017-06-23,0.672,0.655,10,-5.021,0,0.031,0.0362,0.0,0.117,0.555,134.948,4
3GCwkC0CQ0Fc4cmeLvqI0n,v cizí posteli,Renne Dang,38,1,12,CZ,2025-06-11,50,False,169354,v cizí posteli,2025-06-06,0.728,0.735,4,-5.566,0,0.0289,0.0468,0.0,0.0616,0.846,120.006,4
4AajxCEwGEsmHmT4H1TwjY,undressed,sombr,39,6,-21,CZ,2025-06-11,96,False,182088,undressed,2025-03-21,0.642,0.887,0,-3.883,1,0.0406,0.137,0.0,0.0829,0.888,115.999,4
3JUNgjnP4GOjCJP3qzxPm3,Close,"G1nter, Deetray",40,6,-11,CZ,2025-06-11,58,True,189295,Close,2025-05-27,0.874,0.582,10,-6.858,1,0.452,0.0989,0.0,0.103,0.363,141.986,4
4OTbv2KXIhQzXRUERoQaVq,415 ft. Robin Zoot,"Katannah, Robin Zoot",41,6,-17,CZ,2025-06-11,63,True,162118,The Underdog,2025-03-28,0.84,0.637,0,-7.085,1,0.143,0.135,0.0,0.329,0.615,75.555,4
4G8gkOterJn0Ywt6uhqbhp,Radioactive,Imagine Dragons,42,8,8,CZ,2025-06-11,75,False,186813,Night Visions,2012-09-04,0.448,0.784,9,-3.686,1,0.0625,0.0999,0.000108,0.668,0.237,136.239,4
0OZ9KaHagV90vvlhNUYdh7,Mě Nedostanou,Hard Rico,43,5,-15,CZ,2025-06-11,64,True,153230,Mě Nedostanou,2025-04-01,0.881,0.588,4,-9.663,0,0.24,0.484,8.52e-06,0.0725,0.6,129.924,4
2EdtvnyLNHxD8Wn9YgV228,Propast,CA$HANOVA BULHAR,44,-22,6,CZ,2025-06-11,45,True,156521,CA$HFLOW,2025-06-09,0.615,0.609,2,-8.393,0,0.297,0.256,0.000376,0.144,0.323,91.911,4
7L8dVi1ECTQF5MNcU778BT,Kancléř,"CA$HANOVA BULHAR, Patrik Love ICY L",45,-31,5,CZ,2025-06-11,45,True,147200,CA$HFLOW,2025-06-09,0.601,0.726,9,-5.716,1,0.208,0.0616,0.0,0.215,0.252,75.02,4
2UD4l3evthKlDOM6HSrc9N,Cígo a káva (feat. Saul),"Viktor Sheen, Saul",46,4,-20,CZ,2025-06-11,64,True,183428,Impostor syndrom,2024-11-08,0.752,0.685,1,-5.798,1,0.0591,0.0234,0.621,0.114,0.201,139.995,4
3EnwX7acIw8N49NMgji9kK,Catch Me If U Can,CA$HANOVA BULHAR,47,-22,3,CZ,2025-06-11,44,True,133636,CA$HFLOW,2025-06-09,0.803,0.712,10,-6.729,0,0.231,0.0742,0.149,0.23,0.471,88.037,4
6MvOPzQYuD9eX4uMu2m53S,Private Jet,"CA$HANOVA BULHAR, SIMILIVINLIFE",48,-36,2,CZ,2025-06-11,46,True,192631,CA$HFLOW,2025-06-09,0.633,0.692,1,-5.126,1,0.057,0.0354,7.69e-05,0.14,0.533,152.063,4
2xVgPRfjxjeI35N6nE4ITe,Lily-Rose Depp,CA$HANOVA BULHAR,49,-26,1,CZ,2025-06-11,45,True,105454,CA$HFLOW,2025-06-09,0.542,0.567,1,-6.352,1,0.107,0.0482,0.0141,0.168,0.332,113.898,4
1DExtBa9B7J9N7pE7q6tr2,Hoodtrap,CA$HANOVA BULHAR,50,-39,0,CZ,2025-06-11,46,True,127552,CA$HFLOW,2025-06-09,0.735,0.638,0,-7.415,0,0.388,0.16,0.000376,0.227,0.405,142.791,4
6iOndD4OFo7GkaDypWQIou,La Plena - W Sound 05,"W Sound, Beéle, Ovy On The Drums",1,0,0,CR,2025-06-11,95,True,150001,La Plena (W Sound 05),2025-02-19,0.894,0.643,5,-3.485,1,0.132,0.543,0.000984,0.101,0.659,99.039,4
1HEwEN64NjgTaHmo7LfkX8,no tiene sentido,Beéle,2,0,0,CR,2025-06-11,89,False,158036,BORONDO,2025-05-15,0.671,0.596,2,-7.565,0,0.0556,0.0871,1.97e-05,0.119,0.497,121.976,4
4zhk2RS2EZODmBW6il55Qj,mi refe,"Beéle, Ovy On The Drums",3,1,0,CR,2025-06-11,85,False,159404,BORONDO,2025-05-15,0.637,0.648,7,-5.306,0,0.271,0.403,5.41e-05,0.119,0.441,123.108,4
2QP041AcWg8PwPIWP95RKN,top diesel,Beéle,4,-1,1,CR,2025-06-11,82,False,189456,BORONDO,2025-05-15,0.825,0.73,5,-4.007,1,0.11,0.144,0.000884,0.0435,0.77,99.995,4
7d6yK8v8J484SWH5prIQiE,VeLDÁ,"Bad Bunny, Omar Courtz, Dei V",5,1,-1,CR,2025-06-11,92,True,235336,DeBÍ TiRAR MáS FOToS,2025-01-05,0.613,0.981,1,-18.638,1,0.149,0.29,0.0023,0.437,0.0337,101.852,3
6VfL3MEuYeJbDlD8m011HR,quédate,Beéle,6,2,1,CR,2025-06-11,83,False,176481,BORONDO,2025-05-15,0.608,0.633,0,-4.609,0,0.137,0.294,2.04e-05,0.143,0.549,111.888,5
2lTm559tuIvatlT1u0JYG2,BAILE INoLVIDABLE,Bad Bunny,7,0,-1,CR,2025-06-11,96,True,367725,DeBÍ TiRAR MáS FOToS,2025-01-05,0.168,0.00332,10,-46.113,1,0.0615,0.192,0.79,0.112,0.219,119.387,3
4DnrAI8WyUY6gkOwl8GlPN,capaz (merengueton),"Alleh, Yorghaki",8,2,2,CR,2025-06-11,90,False,173858,LA CIUDAD,2024-12-24,0.872,0.614,3,-5.618,0,0.181,0.0815,0.000207,0.135,0.785,126.957,4
3fmw8iIyQDS2L7nE6Wd0xG,sobelove,Beéle,9,0,-1,CR,2025-06-11,81,False,131827,BORONDO,2025-05-15,0.756,0.721,8,-4.046,0,0.191,0.36,9.88e-06,0.0794,0.715,111.994,4
6J5kc12BW5HuP3d7C3vvx8,EoO,Bad Bunny,10,1,-1,CR,2025-06-11,94,True,204768,DeBÍ TiRAR MáS FOToS,2025-01-05,0.36,0.464,10,-29.598,0,0.0702,0.749,0.859,0.0825,0.184,63.662,4
61C7zXd4t2Zuhz6DRwgsLM,Volver,"Piso 21, Marc Anthony, Beéle",11,1,1,CR,2025-06-11,85,False,232149,Volver,2025-02-06,0.478,0.793,11,-4.449,1,0.387,0.235,0.0,0.146,0.604,92.294,4
0Qe2g06yzLBuuSvVmFiweP,Hasta Aquí Llegué,"Nanpa Básico, Beéle",12,2,4,CR,2025-06-11,84,False,188887,Duelo,2024-11-07,0.641,0.657,11,-8.338,0,0.218,0.538,0.0,0.106,0.411,100.016,4
4zbEItKoaRId1vRZkoO0Uh,Imagínate,"Danny Ocean, Kapo",13,0,4,CR,2025-06-11,88,False,170365,Imagínate,2024-11-07,0.779,0.737,11,-4.667,1,0.109,0.134,0.0,0.0974,0.445,101.923,4
1C7NXX8UJ6pgNx8EkmyZDd,si te pillara,Beéle,14,4,21,CR,2025-06-11,79,False,184547,BORONDO,2025-05-15,0.503,0.673,5,-5.594,1,0.0773,0.59,0.0,0.396,0.343,103.814,4
3sK8wGT43QFpWrvNQsrQya,DtMF,Bad Bunny,15,0,-4,CR,2025-06-11,97,True,237117,DeBÍ TiRAR MáS FOToS,2025-01-05,0.625,0.131,7,-27.405,0,0.0717,0.177,0.218,0.0807,0.032,136.02,4
2BvPMS2XWfnCpHHvWeOyeC,DETRÁS DE TU ALMA,Mora,16,4,5,CR,2025-06-11,83,True,237000,LO MISMO DE SIEMPRE,2025-05-18,0.433,0.733,4,-5.54,0,0.128,0.503,0.0,0.244,0.263,89.405,4
4MUrUT38U98olfnyzMBCzm,KLOuFRENS,Bad Bunny,17,-1,5,CR,2025-06-11,90,True,199114,DeBÍ TiRAR MáS FOToS,2025-01-05,0.326,0.125,1,-32.45,1,0.148,0.703,0.706,0.18,0.306,106.974,4
7tI8dRuH2Yc6RuoTjxo4dU,Who,Jimin,18,-13,-3,CR,2025-06-11,90,False,170887,MUSE,2024-07-19,0.66,0.756,0,-3.743,0,0.032,0.00289,0.0,0.193,0.838,116.034,4
0DMJz677XfXiiruhIELu2e,VITAMINA,"Jombriel, DFZM, Jøtta",19,0,-5,CR,2025-06-11,92,False,208743,VITAMINA,2025-02-27,0.815,0.746,10,-4.855,0,0.0528,0.015,2.26e-06,0.056,0.768,92.007,4
59D4DOkspUbWyMmbAPQkxZ,VOY A LLeVARTE PA PR,Bad Bunny,20,-3,-2,CR,2025-06-11,93,True,156364,DeBÍ TiRAR MáS FOToS,2025-01-05,0.148,0.604,7,-35.032,1,0.0588,0.921,0.453,0.405,1e-05,106.295,3
6WatFBLVB0x077xWeoVc2k,Si Antes Te Hubiera Conocido,KAROL G,21,3,7,CR,2025-06-11,94,False,195824,Si Antes Te Hubiera Conocido,2024-06-21,0.924,0.668,11,-6.795,1,0.0469,0.446,0.000594,0.0678,0.787,128.027,4
1i1n7hUzCDkXGFqIJSSzom,frente al mar,Beéle,22,0,2,CR,2025-06-11,79,False,165178,BORONDO,2025-05-15,0.75,0.682,10,-3.825,1,0.0945,0.168,1.28e-06,0.112,0.618,100.036,4
7bywjHOc0wSjGGbj04XbVi,LUNA,"Feid, ATL Jacob",23,3,16,CR,2025-06-11,89,False,196800,FERXXOCALIPSIS,2023-12-01,0.774,0.86,7,-2.888,0,0.13,0.131,0.0,0.116,0.446,100.019,4
5FLzweTtgQurkLPs0E7uEO,Priti,"Danny Ocean, Sech",24,-3,-11,CR,2025-06-11,87,False,130968,Priti,2025-03-20,0.8,0.681,9,-7.307,1,0.0499,0.163,0.0,0.101,0.523,121.915,4
5DdLSEyKh8zgCrJq2hFj92,Yo sé,"Yan Block, TORRRES",25,-2,2,CR,2025-06-11,86,True,129705,Yo sé,2024-05-23,0.716,0.462,5,-9.847,0,0.128,0.68,0.0,0.132,0.626,136.045,4
0JY2QXSvlpA8DZwgaAYWlY,Solcito,"Miguel Bueno, Juan Duque",26,24,24,CR,2025-06-11,0,False,144000,Solcito,2025-03-13,0.766,0.576,8,-8.165,0,0.101,0.307,0.00035,0.351,0.773,99.968,4
5TFD2bmFKGhoCRbX61nXY5,NUEVAYoL,Bad Bunny,27,-2,-2,CR,2025-06-11,94,False,183685,DeBÍ TiRAR MáS FOToS,2025-01-05,0.142,0.195,6,-20.024,1,0.139,0.265,0.995,0.204,0.12,137.922,4
1o4xkdBe0RjSf2u6VXi4OI,444,"Yan Block, Panda Black",28,0,-2,CR,2025-06-11,85,True,175280,444,2024-04-04,0.435,0.61,1,-8.114,0,0.0895,0.152,1.21e-05,0.142,0.22,118.653,5
18m5dJOPB2geFwOymXNaWg,AURORA,"Mora, De La Rose",29,-2,-10,CR,2025-06-11,85,True,192853,LO MISMO DE SIEMPRE,2025-05-18,0.595,0.761,11,-4.966,0,0.042,0.592,0.0,0.202,0.367,111.926,4
6OCNg7QchXJMww1LHMjIzb,Hiekka,"Nicky Jam, Beéle",30,-1,0,CR,2025-06-11,86,False,213333,Hiekka,2025-05-02,0.724,0.726,4,-4.077,0,0.0416,0.0451,0.0,0.12,0.332,107.865,4
6ifUES3keWjwXgae8pXI3o,Me Rehúso,Danny Ocean,31,14,10,CR,2025-06-11,86,False,205714,54+1,2019-03-22,0.744,0.804,1,-6.327,1,0.0677,0.0231,0.0,0.0494,0.426,104.823,4
0fea68AdmYNygeTGI4RC18,LA CANCIÓN,"J Balvin, Bad Bunny",32,17,18,CR,2025-06-11,90,False,242573,OASIS,2019-06-28,0.756,0.646,7,-5.795,1,0.319,0.152,1.81e-05,0.108,0.429,176.088,4
10MpBpx64MNixmUMNj7f6b,LATINA FOREVA,KAROL G,33,-3,-13,CR,2025-06-11,88,True,159452,LATINA FOREVA,2025-05-22,0.806,0.715,1,-3.539,0,0.0538,0.0115,0.0,0.0756,0.5,97.936,4
1YYfyJ2yCvGFCxwjsIqEK9,Khé?,"Rauw Alejandro, Romeo Santos",34,2,6,CR,2025-06-11,88,False,206066,Cosa Nuestra,2024-11-15,0.687,0.627,7,-4.975,1,0.181,0.326,0.0,0.0893,0.47,155.865,4
2SPBFiD8iITb8CKJGz1TEQ,111,Yan Block,35,-1,-6,CR,2025-06-11,86,True,153750,111,2025-02-20,0.792,0.498,4,-10.327,0,0.196,0.501,0.165,0.0951,0.14,127.974,4
2SkB7jADnfiWH8qAE9H8cO,En Privado,"Xavi, Manuel Turizo",36,-4,-3,CR,2025-06-11,89,False,199399,En Privado,2025-02-06,0.833,0.863,7,-3.822,1,0.0377,0.111,4.75e-06,0.135,0.91,126.973,4
3I4YGWwJoqBdBGVnkRjnVw,secuestro,"Slayter, Yan Block, NTG",37,-4,-6,CR,2025-06-11,78,True,194062,dile no a las drogas,2025-04-10,0.764,0.568,10,-6.004,0,0.134,0.639,0.0151,0.144,0.674,94.02,4
7iQXYTyuG13aoeHxGG28Nh,PERRO NEGRO,"Bad Bunny, Feid",38,1,12,CR,2025-06-11,86,True,162767,nadie sabe lo que va a pasar mañana,2023-10-13,0.911,0.778,5,-2.248,1,0.262,0.0887,2.16e-05,0.179,0.345,96.057,4
6C1RD7YQVvt3YQj0CmuTeu,Diles,"Bad Bunny, Ozuna, Farruko, Arcángel, Ñengo Flow, DJ Luian, Mambo Kingz",39,2,11,CR,2025-06-11,84,True,286040,Diles,2016-08-26,0.813,0.56,2,-5.904,0,0.0618,0.108,0.0,0.268,0.287,118.033,4
4Hkp1TiYqGYhknFwtUsbqd,ME GUSTAS CC,ROA,40,-2,-3,CR,2025-06-11,79,True,173573,Private Suite (Vol. 2),2024-12-13,0.337,0.818,5,-5.261,0,0.149,0.303,0.000159,0.111,0.457,87.429,5
31we7ZzWdSBEOKs5Ln6QVF,NUBES,"De La Rose, Omar Courtz",41,1,3,CR,2025-06-11,85,True,271801,NUBES,2025-04-03,0.657,0.666,7,-3.786,1,0.0302,0.243,0.0,0.101,0.19,99.945,4
3jAshemiRYWukWLtT3Ivrb,SOLEAO,"Myke Towers, Quevedo",42,-7,8,CR,2025-06-11,82,False,218305,SOLEAO,2025-05-29,0.738,0.606,5,-5.175,0,0.0603,0.253,1.11e-05,0.105,0.628,104.131,4
3fJHbMUnzceimOnNjp63fF,Primera Cita,Carín León,43,-3,5,CR,2025-06-11,85,False,186455,Colmillo De Leche,2023-05-19,0.536,0.396,10,-7.804,1,0.0687,0.604,6.97e-05,0.0969,0.491,157.846,3
0Sr7ssScx54yxdM2ols7nW,Q U E V A S H A C E R H O Y ?,"Omar Courtz, De La Rose",44,2,1,CR,2025-06-11,86,True,224022,PRIMERA MUSA,2024-09-20,0.56,0.681,6,-6.304,0,0.244,0.103,0.0,0.106,0.388,155.079,4
0l0vcZMU7AOeQmUIREoI2U,Qué Pasaría...,"Rauw Alejandro, Bad Bunny",45,2,-3,CR,2025-06-11,91,True,191018,Cosa Nuestra,2024-11-15,0.833,0.563,4,-5.593,0,0.204,0.528,1.27e-05,0.139,0.343,105.008,4
5QjmUqgpPQgXgg4606DqZF,UWAIE,Kapo,46,4,4,CR,2025-06-11,85,False,172427,UWAIE,2024-08-15,0.705,0.783,9,-4.783,0,0.0403,0.138,0.0,0.0984,0.454,103.001,4
32SJM4tQyJHsB8rgVtZURn,WASSUP,Young Miko,47,1,-13,CR,2025-06-11,87,True,162263,WASSUP,2025-04-25,0.86,0.681,1,-4.757,0,0.0399,0.00481,6.09e-06,0.142,0.656,145.023,4
3YrTrs2hJbLklaBdhr4TrH,ETA - RMX,"ROA, De La Rose, Luar La L, Yan Block, Omar Courtz",48,-4,-12,CR,2025-06-11,76,True,462561,Private Suite (Vol. 2),2024-12-13,0.606,0.744,10,-4.661,0,0.208,0.436,0.0,0.109,0.558,87.993,4
2J9B63FawlTaPdg4eH5X03,Loco,Beéle,49,1,1,CR,2025-06-11,82,False,204000,Loco,2019-08-08,0.82,0.565,6,-5.965,1,0.17,0.158,2.45e-05,0.0469,0.773,105.11,4
5WEF0icHWmAZBBMglBd599,WELTiTA,"Bad Bunny, Chuwi",50,-7,-4,CR,2025-06-11,89,False,187507,DeBÍ TiRAR MáS FOToS,2025-01-05,0.458,0.297,4,-32.354,0,0.6,0.866,0.329,0.346,0.357,96.14,3
6iOndD4OFo7GkaDypWQIou,La Plena - W Sound 05,"W Sound, Beéle, Ovy On The Drums",1,0,0,CO,2025-06-11,95,True,150001,La Plena (W Sound 05),2025-02-19,0.894,0.643,5,-3.485,1,0.132,0.543,0.000984,0.101,0.659,99.039,4
1HEwEN64NjgTaHmo7LfkX8,no tiene sentido,Beéle,2,0,0,CO,2025-06-11,89,False,158036,BORONDO,2025-05-15,0.671,0.596,2,-7.565,0,0.0556,0.0871,1.97e-05,0.119,0.497,121.976,4
6VfL3MEuYeJbDlD8m011HR,quédate,Beéle,3,0,0,CO,2025-06-11,83,False,176481,BORONDO,2025-05-15,0.608,0.633,0,-4.609,0,0.137,0.294,2.04e-05,0.143,0.549,111.888,5
2QP041AcWg8PwPIWP95RKN,top diesel,Beéle,4,0,1,CO,2025-06-11,82,False,189456,BORONDO,2025-05-15,0.825,0.73,5,-4.007,1,0.11,0.144,0.000884,0.0435,0.77,99.995,4
4zhk2RS2EZODmBW6il55Qj,mi refe,"Beéle, Ovy On The Drums",5,0,1,CO,2025-06-11,85,False,159404,BORONDO,2025-05-15,0.637,0.648,7,-5.306,0,0.271,0.403,5.41e-05,0.119,0.441,123.108,4
6rZno3nqeT7hv2PnSWRuYS,YOGURCITO,Blessd,6,1,2,CO,2025-06-11,77,True,183535,BlessDeluxury,2024-05-16,0.753,0.61,5,-5.527,0,0.0517,0.176,0.0,0.183,0.802,141.958,4
72veJ1UABNtqddwZKCIGMo,AMISTA,"Blessd, Ovy On The Drums",7,-1,-3,CO,2025-06-11,69,True,177882,TRINIDAD BENDITA,2025-05-30,0.744,0.606,5,-4.472,1,0.049,0.135,0.0,0.0936,0.631,170.009,4
0Qe2g06yzLBuuSvVmFiweP,Hasta Aquí Llegué,"Nanpa Básico, Beéle",8,1,3,CO,2025-06-11,84,False,188887,Duelo,2024-11-07,0.641,0.657,11,-8.338,0,0.218,0.538,0.0,0.106,0.411,100.016,4
0DMJz677XfXiiruhIELu2e,VITAMINA,"Jombriel, DFZM, Jøtta",9,-1,0,CO,2025-06-11,92,False,208743,VITAMINA,2025-02-27,0.815,0.746,10,-4.855,0,0.0528,0.015,2.26e-06,0.056,0.768,92.007,4
569xAmXCkpM3IsEOiG4hWe,Ultra Complicado (feat. Sebas) - Remix,"Kenny Die, Blessd, Kris R., Sebas",10,0,5,CO,2025-06-11,80,False,257333,Ultra Complicado (feat. Sebas) [Remix],2025-02-14,0.518,0.613,6,-5.377,1,0.277,0.217,1.47e-05,0.18,0.314,89.758,4
7sEVEZcZHbglN1RsxMoQMV,UNA NOCHE DE LOCURA,"Blessd, Sebastian Ledher, Tayson Kryss, Joseph Ren",11,0,-4,CO,2025-06-11,67,True,164000,TRINIDAD BENDITA,2025-05-30,0.794,0.482,5,-11.447,0,0.0938,0.383,0.248,0.104,0.432,120.055,4
3fmw8iIyQDS2L7nE6Wd0xG,sobelove,Beéle,12,1,2,CO,2025-06-11,81,False,131827,BORONDO,2025-05-15,0.756,0.721,8,-4.046,0,0.191,0.36,9.88e-06,0.0794,0.715,111.994,4
1C7NXX8UJ6pgNx8EkmyZDd,si te pillara,Beéle,13,1,11,CO,2025-06-11,79,False,184547,BORONDO,2025-05-15,0.503,0.673,5,-5.594,1,0.0773,0.59,0.0,0.396,0.343,103.814,4
6WlEftvjTtuXvLNlGXyct5,JOKER,"Blessd, Kris R.",14,-2,-4,CO,2025-06-11,67,True,210991,TRINIDAD BENDITA,2025-05-30,0.577,0.628,3,-6.552,0,0.164,0.246,0.0,0.509,0.426,95.235,4
6OCNg7QchXJMww1LHMjIzb,Hiekka,"Nicky Jam, Beéle",15,0,-3,CO,2025-06-11,86,False,213333,Hiekka,2025-05-02,0.724,0.726,4,-4.077,0,0.0416,0.0451,0.0,0.12,0.332,107.865,4
61C7zXd4t2Zuhz6DRwgsLM,Volver,"Piso 21, Marc Anthony, Beéle",16,1,2,CO,2025-06-11,85,False,232149,Volver,2025-02-06,0.478,0.793,11,-4.449,1,0.387,0.235,0.0,0.146,0.604,92.294,4
4zbEItKoaRId1vRZkoO0Uh,Imagínate,"Danny Ocean, Kapo",17,1,2,CO,2025-06-11,88,False,170365,Imagínate,2024-11-07,0.779,0.737,11,-4.667,1,0.109,0.134,0.0,0.0974,0.445,101.923,4
7bywjHOc0wSjGGbj04XbVi,LUNA,"Feid, ATL Jacob",18,1,5,CO,2025-06-11,89,False,196800,FERXXOCALIPSIS,2023-12-01,0.774,0.86,7,-2.888,0,0.13,0.131,0.0,0.116,0.446,100.019,4
2gmd7lY3QSzLh0xIY4cRvi,SE ME OLVIDA,"Maisak, Feid",19,2,12,CO,2025-06-11,82,True,225373,SE ME OLVIDA,2024-08-23,0.786,0.707,7,-4.386,0,0.0635,0.0399,0.0,0.121,0.691,82.045,4
2lTm559tuIvatlT1u0JYG2,BAILE INoLVIDABLE,Bad Bunny,20,3,2,CO,2025-06-11,96,True,367725,DeBÍ TiRAR MáS FOToS,2025-01-05,0.168,0.00332,10,-46.113,1,0.0615,0.192,0.79,0.112,0.219,119.387,3
1B1maIpcMpPDZ8GT0WHT0V,Milagros,KAROL G,21,3,-4,CO,2025-06-11,87,False,235026,Milagros,2025-05-08,0.591,0.797,2,-5.671,1,0.388,0.508,0.0,0.318,0.416,162.082,3
6ifUES3keWjwXgae8pXI3o,Me Rehúso,Danny Ocean,22,14,16,CO,2025-06-11,86,False,205714,54+1,2019-03-22,0.744,0.804,1,-6.327,1,0.0677,0.0231,0.0,0.0494,0.426,104.823,4
6HbaD9KDvqbxs8N31yoIL8,BALCONCITO,"Blessd, Brytiago, Dei V, Noriel",23,2,-2,CO,2025-06-11,66,True,301368,TRINIDAD BENDITA,2025-05-30,0.547,0.522,10,-7.772,0,0.0758,0.205,0.0,0.106,0.404,89.462,4
3mg9jYNC1NihbthlglzrWP,+57,"KAROL G, Feid, DFZM, Ovy On The Drums, J Balvin, Maluma, Ryan Castro, Blessd",24,2,2,CO,2025-06-11,85,True,298130,+57,2024-11-08,0.848,0.712,1,-3.574,0,0.0981,0.221,0.0,0.106,0.692,91.98,4
0JY2QXSvlpA8DZwgaAYWlY,Solcito,"Miguel Bueno, Juan Duque",25,25,25,CO,2025-06-11,0,False,144000,Solcito,2025-03-13,0.766,0.576,8,-8.165,0,0.101,0.307,0.00035,0.351,0.773,99.968,4
4DnrAI8WyUY6gkOwl8GlPN,capaz (merengueton),"Alleh, Yorghaki",26,3,8,CO,2025-06-11,90,False,173858,LA CIUDAD,2024-12-24,0.872,0.614,3,-5.618,0,0.181,0.0815,0.000207,0.135,0.785,126.957,4
3YSkiK0JAaWvZVh0rFa3ja,Ojalá,Ryan Castro,27,1,-11,CO,2025-06-11,68,False,156470,SENDÉ,2025-05-29,0.667,0.593,10,-7.155,0,0.0402,0.303,0.000345,0.0815,0.426,102.008,4
1i1n7hUzCDkXGFqIJSSzom,frente al mar,Beéle,28,3,4,CO,2025-06-11,79,False,165178,BORONDO,2025-05-15,0.75,0.682,10,-3.825,1,0.0945,0.168,1.28e-06,0.112,0.618,100.036,4
2btNsI4OvcVl7SAHQQDHFB,Mírame,"Blessd, Ovy On The Drums",29,6,1,CO,2025-06-11,82,True,157453,Mírame,2024-04-17,0.717,0.656,7,-4.449,1,0.0797,0.141,2.96e-05,0.0661,0.695,175.956,4
1o4xkdBe0RjSf2u6VXi4OI,444,"Yan Block, Panda Black",30,9,-1,CO,2025-06-11,85,True,175280,444,2024-04-04,0.435,0.61,1,-8.114,0,0.0895,0.152,1.21e-05,0.142,0.22,118.653,5
6WatFBLVB0x077xWeoVc2k,Si Antes Te Hubiera Conocido,KAROL G,31,6,-4,CO,2025-06-11,94,False,195824,Si Antes Te Hubiera Conocido,2024-06-21,0.924,0.668,11,-6.795,1,0.0469,0.446,0.000594,0.0678,0.787,128.027,4
2ALQyXMC26Vew7JX7ert9M,POLOS OPUESTOS REMIX - BLESSD VERSION,"Blessd, Kris R.",32,10,9,CO,2025-06-11,76,True,216000,POLOS OPUESTOS REMIX (BLESSD VERSION),2024-10-09,0.535,0.545,9,-7.98,0,0.2,0.39,0.0,0.0648,0.553,118.994,5
1zxqmOsOZPSrmC8Npve54s,SORRY 4 THAT MUCH - Bonus Track,Feid,33,-3,17,CO,2025-06-11,54,True,207741,FERXXO VOL X: Sagrado,2025-06-09,0.818,0.683,7,-4.48,1,0.0726,0.0381,0.0,0.305,0.606,93.028,4
10MpBpx64MNixmUMNj7f6b,LATINA FOREVA,KAROL G,34,4,-14,CO,2025-06-11,88,True,159452,LATINA FOREVA,2025-05-22,0.806,0.715,1,-3.539,0,0.0538,0.0115,0.0,0.0756,0.5,97.936,4
2QVkY2pDftaLXyhltDaOaD,Ferxxo 500,Feid,35,-19,15,CO,2025-06-11,63,False,187933,FERXXO VOL X: Sagrado,2025-06-09,0.691,0.691,11,-4.48,1,0.0986,0.0144,0.0,0.0482,0.209,95.015,4
2BvPMS2XWfnCpHHvWeOyeC,DETRÁS DE TU ALMA,Mora,36,8,1,CO,2025-06-11,83,True,237000,LO MISMO DE SIEMPRE,2025-05-18,0.433,0.733,4,-5.54,0,0.128,0.503,0.0,0.244,0.263,89.405,4
13BDiikG6y5o5cQTK0HpW6,Soltera - W Sound 01,"W Sound, Blessd, Ovy On The Drums",37,-3,2,CO,2025-06-11,79,True,142022,Soltera (W Sound 01),2024-08-06,0.734,0.578,1,-4.147,1,0.295,0.155,0.000242,0.113,0.88,199.997,4
7d6yK8v8J484SWH5prIQiE,VeLDÁ,"Bad Bunny, Omar Courtz, Dei V",38,3,-5,CO,2025-06-11,92,True,235336,DeBÍ TiRAR MáS FOToS,2025-01-05,0.613,0.981,1,-18.638,1,0.149,0.29,0.0023,0.437,0.0337,101.852,3
3sK8wGT43QFpWrvNQsrQya,DtMF,Bad Bunny,39,4,-3,CO,2025-06-11,97,True,237117,DeBÍ TiRAR MáS FOToS,2025-01-05,0.625,0.131,7,-27.405,0,0.0717,0.177,0.218,0.0807,0.032,136.02,4
281YJmnThveWjsWVic9Ym6,Las Piponas (Remix),"Kris R., Blessd",40,5,5,CO,2025-06-11,73,True,244000,Las Piponas (Remix),2024-10-01,0.73,0.587,8,-4.978,1,0.083,0.0223,0.0,0.14,0.109,119.656,4
5Gis9Pxk7Cl9hAoV6rwj50,Parte & Choke (with Ryan Castro) - Remix,"Jombriel, Ryan Castro, Alex Krack",41,-8,-6,CO,2025-06-11,80,True,218591,Parte & Choke (with Ryan Castro) [Remix],2025-01-23,0.726,0.62,5,-5.156,0,0.44,0.0214,0.0,0.273,0.913,117.303,5
5QjmUqgpPQgXgg4606DqZF,UWAIE,Kapo,42,8,2,CO,2025-06-11,85,False,172427,UWAIE,2024-08-15,0.705,0.783,9,-4.783,0,0.0403,0.138,0.0,0.0984,0.454,103.001,4
2Kx9AfJPaJib9DwAdDYdB9,BOMBASTIK<3,"Ryan Castro, Blaiz Fayah, Tribal Kush",43,7,7,CO,2025-06-11,67,False,168000,SENDÉ,2025-05-29,0.681,0.697,1,-3.998,1,0.124,0.0674,7.88e-06,0.149,0.848,180.038,4
1QzWzFuFvIw72noyDqU7i6,Amigos Nada Más,Altafulla,44,6,6,CO,2025-06-11,55,False,192386,Amigos Nada Mas,2017-07-18,0.775,0.794,8,-5.445,1,0.0566,0.352,0.0,0.178,0.881,127.989,4
3du1YaSmo6bYuQ95Wgt6iS,URUS BLUE,"Blessd, Los Money Makers, Prodmonja",45,3,-5,CO,2025-06-11,63,True,207723,TRINIDAD BENDITA,2025-05-30,0.738,0.62,7,-6.0,0,0.0533,0.162,4.18e-05,0.0376,0.245,94.065,4
0fea68AdmYNygeTGI4RC18,LA CANCIÓN,"J Balvin, Bad Bunny",46,4,4,CO,2025-06-11,90,False,242573,OASIS,2019-06-28,0.756,0.646,7,-5.795,1,0.319,0.152,1.81e-05,0.108,0.429,176.088,4
6J5kc12BW5HuP3d7C3vvx8,EoO,Bad Bunny,47,2,-5,CO,2025-06-11,94,True,204768,DeBÍ TiRAR MáS FOToS,2025-01-05,0.36,0.464,10,-29.598,0,0.0702,0.749,0.859,0.0825,0.184,63.662,4
1YYfyJ2yCvGFCxwjsIqEK9,Khé?,"Rauw Alejandro, Romeo Santos",48,2,2,CO,2025-06-11,88,False,206066,Cosa Nuestra,2024-11-15,0.687,0.627,7,-4.975,1,0.181,0.326,0.0,0.0893,0.47,155.865,4
6C1RD7YQVvt3YQj0CmuTeu,Diles,"Bad Bunny, Ozuna, Farruko, Arcángel, Ñengo Flow, DJ Luian, Mambo Kingz",49,1,1,CO,2025-06-11,84,True,286040,Diles,2016-08-26,0.813,0.56,2,-5.904,0,0.0618,0.108,0.0,0.268,0.287,118.033,4
5FLzweTtgQurkLPs0E7uEO,Priti,"Danny Ocean, Sech",50,0,-37,CO,2025-06-11,87,False,130968,Priti,2025-03-20,0.8,0.681,9,-7.307,1,0.0499,0.163,0.0,0.101,0.523,121.915,4
0c27qjzqEgMLMnWTl5bCU8,Mambinho Brasileño,benjitalkapone,1,2,4,CL,2025-06-11,70,True,209361,Mambinho Brasileño,2025-05-21,0.828,0.596,9,-7.739,0,0.0587,0.26,0.0,0.647,0.731,93.941,4
2mdrVnxEnPR6iFijakkxQS,QLOO*,"Young Cister, Kreamly",2,-1,-1,CL,2025-06-11,82,False,148915,QLOO*,2025-05-22,0.711,0.794,5,-4.722,0,0.0996,0.287,0.0,0.348,0.661,117.941,4
2uwWTt4mRTkV1MHAun4JNv,y ke pa - Remix,"Julianno Sosa, benjitalkapone, Jairo Vera",3,1,1,CL,2025-06-11,74,True,193024,y ke pa (Remix),2025-05-07,0.549,0.744,8,-4.902,0,0.095,0.262,0.0,0.112,0.707,194.102,4
6iOndD4OFo7GkaDypWQIou,La Plena - W Sound 05,"W Sound, Beéle, Ovy On The Drums",4,2,2,CL,2025-06-11,95,True,150001,La Plena (W Sound 05),2025-02-19,0.894,0.643,5,-3.485,1,0.132,0.543,0.000984,0.101,0.659,99.039,4
4mvD8af1IQary3hoe0KgOU,Bella,"Lucky Brown, Jere Klein, Nes",5,0,-2,CL,2025-06-11,81,False,141274,Los Galácticos,2025-05-08,0.742,0.47,6,-10.235,0,0.0842,0.491,2.92e-05,0.138,0.847,98.022,4
7tI8dRuH2Yc6RuoTjxo4dU,Who,Jimin,6,-4,-4,CL,2025-06-11,90,False,170887,MUSE,2024-07-19,0.66,0.756,0,-3.743,0,0.032,0.00289,0.0,0.193,0.838,116.034,4
1HEwEN64NjgTaHmo7LfkX8,no tiene sentido,Beéle,7,0,1,CL,2025-06-11,89,False,158036,BORONDO,2025-05-15,0.671,0.596,2,-7.565,0,0.0556,0.0871,1.97e-05,0.119,0.497,121.976,4
4Vl4Ljum5W4v8w8EiqWTHA,2x1,"Jere Klein, Lucky Brown, Valdi, Mateo on the Beatz",8,0,-1,CL,2025-06-11,71,False,195683,2x1,2025-04-01,0.545,0.684,0,-5.838,1,0.0569,0.179,0.0,0.103,0.663,89.958,4
3nDhIGkMvnsd8zo5u6eD05,WHISKY A LA ROCA,"Kidd Voodoo, Jere Klein, Swift 047",9,0,1,CL,2025-06-11,77,True,159280,WHISKY A LA ROCA,2025-01-14,0.74,0.713,9,-5.15,0,0.0467,0.303,6.82e-06,0.122,0.782,100.026,4
7d6yK8v8J484SWH5prIQiE,VeLDÁ,"Bad Bunny, Omar Courtz, Dei V",10,0,1,CL,2025-06-11,92,True,235336,DeBÍ TiRAR MáS FOToS,2025-01-05,0.613,0.981,1,-18.638,1,0.149,0.29,0.0023,0.437,0.0337,101.852,3
4zhk2RS2EZODmBW6il55Qj,mi refe,"Beéle, Ovy On The Drums",11,2,4,CL,2025-06-11,85,False,159404,BORONDO,2025-05-15,0.637,0.648,7,-5.306,0,0.271,0.403,5.41e-05,0.119,0.441,123.108,4
1KfiYYMCZkP7no8DdkXFDl,Tiene,"Tobal Mj, Lucky Brown, Nacho G Flow",12,-1,-3,CL,2025-06-11,80,False,225000,Tiene,2025-02-26,0.734,0.611,0,-7.034,1,0.0439,0.123,0.000398,0.186,0.392,98.009,4
0Lahr7sUDdtYnX3n3KobR6,PONTE LOKITA,"Katteyes, Kidd Voodoo, Swift 047",13,-1,-1,CL,2025-06-11,83,True,183673,PONTE LOKITA,2025-02-14,0.771,0.725,7,-3.574,0,0.0592,0.274,3.38e-05,0.0745,0.791,98.019,4
5kK8aTkR4QGcUx3UiVmOqA,Amor Escondido,"Lucky Brown, Jere Klein, Fran C",14,1,-1,CL,2025-06-11,72,True,179028,Los Galácticos,2025-05-08,0.783,0.69,11,-3.598,0,0.0423,0.137,0.0,0.129,0.719,101.014,4
5XBdsOe2SVDbVqz6tCfAJD,Missing,"Bayriton, Jere Klein",15,-1,35,CL,2025-06-11,64,True,201818,Missing,2025-05-29,0.812,0.527,5,-9.042,0,0.389,0.239,0.0,0.109,0.626,87.96,4
2lTm559tuIvatlT1u0JYG2,BAILE INoLVIDABLE,Bad Bunny,16,0,-2,CL,2025-06-11,96,True,367725,DeBÍ TiRAR MáS FOToS,2025-01-05,0.168,0.00332,10,-46.113,1,0.0615,0.192,0.79,0.112,0.219,119.387,3
59D4DOkspUbWyMmbAPQkxZ,VOY A LLeVARTE PA PR,Bad Bunny,17,1,-1,CL,2025-06-11,93,True,156364,DeBÍ TiRAR MáS FOToS,2025-01-05,0.148,0.604,7,-35.032,1,0.0588,0.921,0.453,0.405,1e-05,106.295,3
7EihgD8mhS9IeT93uvcYtL,Somos Diferentes (Remix),"Nickoog Clk, Jere Klein, Katteyes, Juanka",18,1,32,CL,2025-06-11,60,True,239575,Somos Diferentes (Remix),2025-06-05,0.816,0.692,0,-6.463,0,0.0602,0.0874,0.0,0.0841,0.598,98.004,4
4MUrUT38U98olfnyzMBCzm,KLOuFRENS,Bad Bunny,19,3,1,CL,2025-06-11,90,True,199114,DeBÍ TiRAR MáS FOToS,2025-01-05,0.326,0.125,1,-32.45,1,0.148,0.703,0.706,0.18,0.306,106.974,4
6J5kc12BW5HuP3d7C3vvx8,EoO,Bad Bunny,20,1,-3,CL,2025-06-11,94,True,204768,DeBÍ TiRAR MáS FOToS,2025-01-05,0.36,0.464,10,-29.598,0,0.0702,0.749,0.859,0.0825,0.184,63.662,4
4DnrAI8WyUY6gkOwl8GlPN,capaz (merengueton),"Alleh, Yorghaki",21,2,5,CL,2025-06-11,90,False,173858,LA CIUDAD,2024-12-24,0.872,0.614,3,-5.618,0,0.181,0.0815,0.000207,0.135,0.785,126.957,4
0l0vcZMU7AOeQmUIREoI2U,Qué Pasaría...,"Rauw Alejandro, Bad Bunny",22,2,0,CL,2025-06-11,91,True,191018,Cosa Nuestra,2024-11-15,0.833,0.563,4,-5.593,0,0.204,0.528,1.27e-05,0.139,0.343,105.008,4
7bugn9Xif6VHCLco3PIZc5,NUBES,"Ovy On The Drums, Lucky Brown, Darell",23,-6,-4,CL,2025-06-11,72,True,178224,NUBES,2025-03-12,0.821,0.851,0,-2.119,1,0.0749,0.162,1.1e-05,0.66,0.879,100.051,4
5eqZZLLZ4CkuUznPCOimsi,Cosa Linda,"Lucky Brown, Mateo on the Beatz",24,-4,1,CL,2025-06-11,76,True,150000,I Am Lucky Brown,2024-10-23,0.837,0.651,9,-4.318,0,0.071,0.204,0.000272,0.238,0.661,95.944,4
5DdLSEyKh8zgCrJq2hFj92,Yo sé,"Yan Block, TORRRES",25,2,-1,CL,2025-06-11,86,True,129705,Yo sé,2024-05-23,0.716,0.462,5,-9.847,0,0.128,0.68,0.0,0.132,0.626,136.045,4
2xPdYKH4tKDThf6p6sqLtD,Ay Mamasita,Jairo Vera,26,-1,2,CL,2025-06-11,74,False,169263,Ay Mamasita,2024-11-28,0.787,0.747,11,-2.636,0,0.0805,0.0373,0.000106,0.418,0.705,95.04,4
465lkwZP4ZXzWqZq4kOhgW,La Verdad,"Kidd Voodoo, Resonancia Etérea",27,-1,-9,CL,2025-06-11,73,False,296460,"Satirología, Vol. 3",2025-03-06,0.484,0.647,11,-4.939,0,0.0271,0.39,0.0,0.0983,0.41,159.878,3
2SPBFiD8iITb8CKJGz1TEQ,111,Yan Block,28,0,-5,CL,2025-06-11,86,True,153750,111,2025-02-20,0.792,0.498,4,-10.327,0,0.196,0.501,0.165,0.0951,0.14,127.974,4
3sK8wGT43QFpWrvNQsrQya,DtMF,Bad Bunny,29,0,-8,CL,2025-06-11,97,True,237117,DeBÍ TiRAR MáS FOToS,2025-01-05,0.625,0.131,7,-27.405,0,0.0717,0.177,0.218,0.0807,0.032,136.02,4
6ifUES3keWjwXgae8pXI3o,Me Rehúso,Danny Ocean,30,15,13,CL,2025-06-11,86,False,205714,54+1,2019-03-22,0.744,0.804,1,-6.327,1,0.0677,0.0231,0.0,0.0494,0.426,104.823,4
72PMAMYZYL060JML0S3khc,Confortas Pero Dañas,"Kidd Voodoo, Resonancia Etérea",31,-1,-4,CL,2025-06-11,72,False,249502,Confortas Pero Dañas,2023-02-14,0.483,0.518,4,-5.542,1,0.0243,0.515,0.0,0.15,0.275,150.029,3
4zbEItKoaRId1vRZkoO0Uh,Imagínate,"Danny Ocean, Kapo",32,2,7,CL,2025-06-11,88,False,170365,Imagínate,2024-11-07,0.779,0.737,11,-4.667,1,0.109,0.134,0.0,0.0974,0.445,101.923,4
4sS9v4Ov2ub7sIwxvtv0NC,BELLAQUERA,"Julianno Sosa, Jere Klein, Swift 047",33,0,2,CL,2025-06-11,70,True,199697,FINALMENTE FELIZ,2025-03-12,0.775,0.813,11,-3.842,0,0.0535,0.141,2.7e-06,0.451,0.541,96.992,4
6WatFBLVB0x077xWeoVc2k,Si Antes Te Hubiera Conocido,KAROL G,34,3,3,CL,2025-06-11,94,False,195824,Si Antes Te Hubiera Conocido,2024-06-21,0.924,0.668,11,-6.795,1,0.0469,0.446,0.000594,0.0678,0.787,128.027,4
2JPctdUgvkQSpnUdfROxvY,Te Quería Ver,"Alemán, Neton Vega",35,-4,-1,CL,2025-06-11,84,False,176129,De Vuelta a las Andadas,2025-05-09,0.807,0.763,4,-5.172,0,0.0624,0.186,1.69e-05,0.0917,0.448,100.033,4
1o4xkdBe0RjSf2u6VXi4OI,444,"Yan Block, Panda Black",36,7,0,CL,2025-06-11,85,True,175280,444,2024-04-04,0.435,0.61,1,-8.114,0,0.0895,0.152,1.21e-05,0.142,0.22,118.653,5
2QP041AcWg8PwPIWP95RKN,top diesel,Beéle,37,-2,13,CL,2025-06-11,82,False,189456,BORONDO,2025-05-15,0.825,0.73,5,-4.007,1,0.11,0.144,0.000884,0.0435,0.77,99.995,4
3jAshemiRYWukWLtT3Ivrb,SOLEAO,"Myke Towers, Quevedo",38,1,12,CL,2025-06-11,82,False,218305,SOLEAO,2025-05-29,0.738,0.606,5,-5.175,0,0.0603,0.253,1.11e-05,0.105,0.628,104.131,4
1PREzVLuDT6PSE9sej4wnV,COQUETA,"Fuerza Regida, Grupo Frontera",39,-3,-6,CL,2025-06-11,90,False,241648,MALA MÍA,2024-12-19,0.74,0.819,1,-4.853,0,0.0866,0.244,0.0,0.107,0.884,78.975,4
0ZeObZ4dRDyJluQhHow90a,COQUETA,"Martinwhite, Dj Rocka",40,4,0,CL,2025-06-11,66,False,159440,COQUETA,2025-05-16,0.852,0.719,1,-4.942,1,0.246,0.105,0.00161,0.361,0.688,143.043,4
10MpBpx64MNixmUMNj7f6b,LATINA FOREVA,KAROL G,41,0,-11,CL,2025-06-11,88,True,159452,LATINA FOREVA,2025-05-22,0.806,0.715,1,-3.539,0,0.0538,0.0115,0.0,0.0756,0.5,97.936,4
1YYfyJ2yCvGFCxwjsIqEK9,Khé?,"Rauw Alejandro, Romeo Santos",42,7,6,CL,2025-06-11,88,False,206066,Cosa Nuestra,2024-11-15,0.687,0.627,7,-4.975,1,0.181,0.326,0.0,0.0893,0.47,155.865,4
1bOomfQ28HND8HwT0tViLT,DEJA QUE EL MUNDO SE ACABE,Lyon la f,43,-3,7,CL,2025-06-11,53,False,180000,DEJA QUE EL MUNDO SE ACABE,2025-06-06,0.648,0.862,2,-6.632,0,0.0386,0.0565,0.000162,0.0689,0.759,97.999,4
0DMJz677XfXiiruhIELu2e,VITAMINA,"Jombriel, DFZM, Jøtta",44,6,0,CL,2025-06-11,92,False,208743,VITAMINA,2025-02-27,0.815,0.746,10,-4.855,0,0.0528,0.015,2.26e-06,0.056,0.768,92.007,4
6lJnhXe8K2NStF39a1ZORe,Del Lune Al Finde,"ITHAN NY, Julianno Sosa",45,2,1,CL,2025-06-11,70,True,170024,Del Lune Al Finde,2025-01-16,0.73,0.763,11,-3.318,0,0.0391,0.158,0.0,0.161,0.6,100.004,4
18m5dJOPB2geFwOymXNaWg,AURORA,"Mora, De La Rose",46,-4,-14,CL,2025-06-11,85,True,192853,LO MISMO DE SIEMPRE,2025-05-18,0.595,0.761,11,-4.966,0,0.042,0.592,0.0,0.202,0.367,111.926,4
3fJHbMUnzceimOnNjp63fF,Primera Cita,Carín León,47,3,0,CL,2025-06-11,85,False,186455,Colmillo De Leche,2023-05-19,0.536,0.396,10,-7.804,1,0.0687,0.604,6.97e-05,0.0969,0.491,157.846,3
0Imc5xRXd0eV9Ln55M1kz6,More,"Zion, Jory Boy, Ken-Y",48,2,2,CL,2025-06-11,67,False,240733,La Fórmula,2023-12-01,0.686,0.78,1,-6.662,0,0.107,0.191,0.0,0.118,0.867,172.059,4
2U48v71nIFHBxdKsih8r4P,Conmigo Se Escapa,Cris Mj,49,-11,-20,CL,2025-06-11,80,True,151442,Conmigo Se Escapa,2025-05-01,0.775,0.352,0,-12.525,0,0.0578,0.371,0.274,0.0832,0.331,98.011,4
5FLzweTtgQurkLPs0E7uEO,Priti,"Danny Ocean, Sech",50,-2,-19,CL,2025-06-11,87,False,130968,Priti,2025-03-20,0.8,0.681,9,-7.307,1,0.0499,0.163,0.0,0.101,0.523,121.915,4
2RkZ5LkEzeHGRsmDqKwmaJ,Ordinary,Alex Warren,1,0,0,CH,2025-06-11,95,False,186964,"You'll Be Alright, Kid (Chapter 1)",2024-09-26,0.368,0.694,2,-6.141,1,0.06,0.704,6.59e-06,0.055,0.391,168.115,3
7iOadzb2kNGSR0vuZk1DD9,Tutto Bene,"Dardan, Morad",2,2,48,CH,2025-06-11,72,True,219733,Tutto Bene,2025-06-06,0.773,0.889,5,-4.601,0,0.0507,0.23,0.0,0.227,0.803,119.994,4
2t5LPLptBemV0W8IGLBLju,KYKY2BONDY,Hamza,3,0,-1,CH,2025-06-11,87,True,137173,KYKY2BONDY,2025-05-02,0.906,0.402,0,-8.708,0,0.474,0.075,0.0,0.118,0.746,140.103,4
5ITV0zqzjOYfFWpW0xBmRa,Show Me Love,"WizTheMc, bees & honey",4,-2,1,CH,2025-06-11,94,False,176965,Show Me Love,2025-02-07,0.714,0.691,1,-7.333,1,0.0434,0.0212,0.000292,0.111,0.155,107.15,4
5nPbKG04fhLkIAjcPFaZq7,I Adore You (feat. Daecolm),"HUGEL, Topic, Arash, Daecolm",5,0,1,CH,2025-06-11,89,False,214000,I Adore You (feat. Daecolm),2024-07-19,0.704,0.787,11,-6.751,0,0.0462,0.00926,0.00538,0.159,0.31,119.996,4
2yWlGEgEfPot0lv3OAjuG3,Just Keep Watching (From F1® The Movie),"Tate McRae, F1 The Album",6,8,-2,CH,2025-06-11,91,False,142550,Just Keep Watching (From F1® The Movie),2025-05-30,0.656,0.796,9,-5.856,0,0.113,0.0767,0.0,0.509,0.425,129.956,4
6iOndD4OFo7GkaDypWQIou,La Plena - W Sound 05,"W Sound, Beéle, Ovy On The Drums",7,6,13,CH,2025-06-11,95,True,150001,La Plena (W Sound 05),2025-02-19,0.894,0.643,5,-3.485,1,0.132,0.543,0.000984,0.101,0.659,99.039,4
2uBKQbVcw8G9m34lGYM6VA,NINAO,GIMS,8,-2,3,CH,2025-06-11,80,False,167813,LE NORD SE SOUVIENT : L'ODYSSÉE,2025-02-20,0.805,0.57,7,-9.007,0,0.101,0.175,3.38e-06,0.115,0.867,122.984,4
0GRc3eGTg8HBdWLRGYgqIc,Azizam,Ed Sheeran,9,0,0,CH,2025-06-11,92,False,162029,Azizam,2025-04-04,0.663,0.899,6,-5.103,1,0.0473,0.00255,0.0,0.065,0.876,127.998,4
5HEnfAa0K1ajHfz5zHw87u,Energy,"Dafina Zeqiri, Luciano",10,0,-7,CH,2025-06-11,72,False,183076,Energy,2025-05-30,0.8,0.688,4,-7.279,0,0.0466,0.0398,2.73e-06,0.152,0.355,116.991,4
1BJJbSX6muJVF2AK7uH1x4,Move,"Adam Port, Stryv, Keinemusik, Orso, Malachiii",11,-4,2,CH,2025-06-11,89,False,177598,Move,2024-06-07,0.727,0.782,8,-8.529,0,0.042,0.0563,0.336,0.225,0.655,119.992,4
35ISBknsCeZQtq66xABI9g,Messy,Lola Young,12,-4,-2,CH,2025-06-11,89,True,284066,This Wasn't Meant For You Anyway,2024-06-21,0.798,0.562,9,-5.913,1,0.0375,0.11,0.00606,0.122,0.647,110.991,4
3sK8wGT43QFpWrvNQsrQya,DtMF,Bad Bunny,13,-1,-1,CH,2025-06-11,97,True,237117,DeBÍ TiRAR MáS FOToS,2025-01-05,0.625,0.131,7,-27.405,0,0.0717,0.177,0.218,0.0807,0.032,136.02,4
0FTmksd2dxiE5e3rWyJXs6,back to friends,sombr,14,1,3,CH,2025-06-11,98,False,199032,back to friends,2024-12-27,0.436,0.723,1,-2.291,1,0.0301,9.37e-05,8.82e-05,0.0929,0.235,92.855,4
6nkFbmDY84a9rejFSbIMdj,Impardonnable,Damso,15,7,-7,CH,2025-06-11,80,True,190373,BĒYĀH,2025-05-30,0.643,0.648,5,-7.307,0,0.125,0.205,1.51e-06,0.126,0.64,187.577,3
0QCIpQV3twfqo9kh0t8Zza,Shake It To The Max (FLY) - Remix,"MOLIY, Silent Addy, Skillibeng, Shenseea",16,0,0,CH,2025-06-11,93,True,178775,Shake It To The Max (FLY) (Remix),2025-02-21,0.856,0.548,0,-6.609,0,0.123,0.561,0.0,0.155,0.562,97.997,4
22skzmqfdWrjJylampe0kt,Can't Hold Us (feat. Ray Dalton),"Macklemore, Ryan Lewis, Macklemore & Ryan Lewis, Ray Dalton",17,1,5,CH,2025-06-11,88,False,258431,The Heist,2012-10-09,0.633,0.927,2,-4.468,1,0.0839,0.0267,0.0,0.0986,0.88,146.097,4
3cmfbLQkCBkyAxVNlApBsP,BOTTEGA,RAF Camora,18,10,32,CH,2025-06-11,71,False,145023,BOTTEGA,2025-06-06,0.773,0.737,2,-6.867,1,0.0877,0.0999,8.2e-06,0.09,0.169,95.984,4
4wJ5Qq0jBN4ajy7ouZIV1c,APT.,"ROSÉ, Bruno Mars",19,-8,-1,CH,2025-06-11,89,False,169917,rosie,2024-12-06,0.777,0.783,0,-4.477,0,0.26,0.0283,0.0,0.355,0.939,149.027,4
4WFgvKVfEhb3IUAFGrutTR,Love Me Not,Ravyn Lenae,20,0,19,CH,2025-06-11,91,False,213466,Bird's Eye,2024-08-09,0.779,0.731,0,-6.176,1,0.0306,0.296,0.0,0.128,0.814,114.001,4
3xkHsmpQCBMytMJNiDf3Ii,Beautiful Things,Benson Boone,21,-2,4,CH,2025-06-11,93,False,180304,Fireworks & Rollerblades,2024-04-05,0.472,0.471,10,-5.692,1,0.0603,0.151,0.0,0.14,0.219,105.029,3
6WatFBLVB0x077xWeoVc2k,Si Antes Te Hubiera Conocido,KAROL G,22,5,10,CH,2025-06-11,94,False,195824,Si Antes Te Hubiera Conocido,2024-06-21,0.924,0.668,11,-6.795,1,0.0469,0.446,0.000594,0.0678,0.787,128.027,4
42UBPzRMh5yyz0EDPr6fr1,Manchild,Sabrina Carpenter,23,2,27,CH,2025-06-11,89,True,213645,Manchild,2025-06-05,0.731,0.685,7,-5.087,1,0.0572,0.122,0.0,0.317,0.811,123.01,4
1E7xmNFzqkkh1DMwBomBg3,Wenn das Liebe ist,Nina Chuba,24,11,-17,CH,2025-06-11,78,False,164991,Wenn das Liebe ist,2025-05-30,0.749,0.754,5,-4.695,0,0.0288,0.0399,0.000343,0.165,0.804,129.018,4
6ctcVdXaJKn5LVFDjMBqzc,Paris,Nono La Grinta,25,-1,-1,CH,2025-06-11,82,True,172259,Paris,2025-04-02,0.831,0.854,5,-5.52,0,0.0967,0.12,0.0,0.147,0.358,124.003,4
7so0lgd0zP2Sbgs2d7a1SZ,Die With A Smile,"Lady Gaga, Bruno Mars",26,-5,-5,CH,2025-06-11,91,False,251667,MAYHEM,2025-03-07,0.519,0.601,6,-7.727,0,0.0317,0.289,0.0,0.126,0.498,157.964,3
4AajxCEwGEsmHmT4H1TwjY,undressed,sombr,27,6,-8,CH,2025-06-11,96,False,182088,undressed,2025-03-21,0.642,0.887,0,-3.883,1,0.0406,0.137,0.0,0.0829,0.888,115.999,4
0D0np8Odu1PNamKfajA6AX,Afro Trap Pt. 3 (Champions League),MHD,28,4,-5,CH,2025-06-11,77,True,137133,MHD,2016-04-15,0.962,0.726,10,-5.697,1,0.4,0.152,0.0,0.0654,0.566,123.066,4
6dOtVTDdiauQNBQEDOtlAB,BIRDS OF A FEATHER,Billie Eilish,29,-6,-3,CH,2025-06-11,100,False,210373,HIT ME HARD AND SOFT,2024-05-17,0.747,0.507,2,-10.171,1,0.0358,0.2,0.0608,0.117,0.438,104.978,4
5TFD2bmFKGhoCRbX61nXY5,NUEVAYoL,Bad Bunny,30,0,7,CH,2025-06-11,94,False,183685,DeBÍ TiRAR MáS FOToS,2025-01-05,0.142,0.195,6,-20.024,1,0.139,0.265,0.995,0.204,0.12,137.922,4
2esZG2XFtuoWWA9AfDvSxy,Gata Only,"FloyyMenor, Cris Mj",31,0,16,CH,2025-06-11,83,True,222000,EL COMIENZO,2024-08-09,0.794,0.5,8,-8.454,0,0.049,0.438,3e-05,0.0905,0.659,99.985,4
5yJaXWIErrrsjQ3J0eR5aK,The Night We Met,Lord Huron,32,18,18,CH,2025-06-11,82,False,208226,Strange Trails,2015-04-07,0.44,0.378,2,-9.545,1,0.045,0.968,0.272,0.639,0.105,174.121,3
6YFNhYf7A33biVmMG1JSQf,AKON,Jazeek,33,4,-2,CH,2025-06-11,83,True,138354,MOST VALUABLE PLAYA,2025-03-28,0.956,0.674,7,-7.476,0,0.076,0.129,0.0,0.0824,0.852,120.042,4
1JjHQ4lfAjbDq7wmOmH9wM,Shabab(e)s im VIP,"Pashanim, Ceren",34,2,-7,CH,2025-06-11,85,True,115555,grünewürfelflow,2025-04-30,0.746,0.598,11,-10.112,0,0.133,0.0239,0.0126,0.0988,0.537,134.994,4
4uFOYZtzKEJElfzpbqbk6N,CONNECTED,"RAF Camora, reezy",35,7,-20,CH,2025-06-11,80,False,158012,CONNECTED,2025-05-16,0.421,0.818,6,-6.083,0,0.273,0.326,0.155,0.166,0.532,186.926,3
7heoPFrtuH6JU6AcfzjWHp,Pa Pa Paw,"Damso, SARAH SEY",36,14,-6,CH,2025-06-11,77,True,215813,BĒYĀH,2025-05-30,0.804,0.608,8,-6.753,0,0.209,0.212,0.000132,0.144,0.359,127.023,4
3gWBWLw3J3XTy3QTo36GqJ,Espresso Macchiato,Tommy Cash,37,13,13,CH,2025-06-11,79,False,173746,Espresso Macchiato,2024-12-07,0.678,0.694,11,-6.183,0,0.0487,0.0123,1.62e-05,0.133,0.646,119.87,4
2BLozyx403euofSN1j8Qrh,Don ti,Don Xhoni,38,12,12,CH,2025-06-11,61,False,141677,Don ti,2025-06-04,0.75,0.607,7,-5.766,0,0.262,0.234,6.36e-05,0.11,0.355,77.45,4
4sTlQPMyoFMPdhAJvErBN3,PASSO BEM SOLTO - Slowed,ATLXS,39,-13,-10,CH,2025-06-11,92,False,116072,PASSO BEM SOLTO,2024-04-23,0.602,0.867,1,-5.698,0,0.0312,0.00702,0.00442,0.259,0.399,115.899,4
3LPLRNr58Z9Pn0clnEtkXb,Anxiety,Doechii,40,-1,3,CH,2025-06-11,85,True,249302,Alligator Bites Never Heal (Extended),2025-03-14,0.807,0.596,0,-6.818,1,0.0394,0.321,0.000294,0.105,0.881,129.013,4
4oVMLxxYpQLYx8gx4JjuuY,SPIDER,"GIMS, DYSTINCT",41,-1,9,CH,2025-06-11,80,False,188818,LE NORD SE SOUVIENT,2024-09-13,0.823,0.691,9,-7.322,0,0.197,0.0774,1.73e-06,0.1,0.707,119.96,4
0QAUgW2vTmlUWhbiNeSkWm,Vaitimbora,"Mariana Froes, Trinix",42,8,8,CH,2025-06-11,80,False,135131,Vaitimbora,2025-05-02,0.848,0.509,1,-8.039,0,0.293,0.256,0.000843,0.191,0.478,95.954,4
17phhZDn6oGtzMe56NuWvj,Lose Control,Teddy Swims,43,-2,7,CH,2025-06-11,92,False,210688,I've Tried Everything But Therapy (Part 1),2023-09-15,0.561,0.604,9,-4.409,1,0.0337,0.199,1.9e-05,0.104,0.242,159.92,3
3BntzKsnLf2pc0dsvE3Zav,Bad Dreams,Teddy Swims,44,0,2,CH,2025-06-11,89,False,184577,I've Tried Everything But Therapy (Part 2),2025-01-24,0.707,0.68,8,-6.203,1,0.0884,0.274,0.0,0.0932,0.62,125.058,4
2uXlHCUbq9OMUwx3hrk06o,Riptide,Vance Joy,45,-11,5,CH,2025-06-11,87,False,204280,Dream Your Life Away (Deluxe Edition),2014-08-05,0.483,0.731,1,-6.696,1,0.0381,0.436,0.0,0.151,0.484,101.654,4
4TwEdnSiTPDR1vg1QZ5K8W,Beautiful People,"David Guetta, Sia",46,-1,-5,CH,2025-06-11,87,False,187086,Beautiful People,2025-03-07,0.739,0.761,9,-5.39,0,0.0904,0.107,0.0,0.131,0.417,127.033,4
6CRb7rnmx8Mqrb8cpixcVi,Mia,"SEYSEY, BOLEMVN",47,3,-11,CH,2025-06-11,76,True,179757,Mia,2023-06-23,0.655,0.821,7,-5.372,0,0.0445,0.765,0.00891,0.0924,0.666,105.059,3
2U07Gukj3QGlLh0krokPdG,Capri Sun,"Aymen, Amo",48,2,-3,CH,2025-06-11,76,True,119244,Capri Sun,2025-05-30,0.812,0.843,4,-5.554,0,0.241,0.159,0.0,0.104,0.782,139.99,4
7ne4VBA60CxGM75vw0EYad,That’s So True,Gracie Abrams,49,-6,-7,CH,2025-06-11,96,True,166300,The Secret of Us (Deluxe),2024-10-18,0.554,0.808,1,-4.169,1,0.0368,0.214,0.0,0.159,0.372,108.548,4
1EDPVGbyPKJPeGqATwXZvN,The Emptiness Machine,Linkin Park,50,0,-6,CH,2025-06-11,85,True,190427,From Zero,2024-11-15,0.466,0.872,7,-3.344,1,0.0336,0.0156,0.0,0.121,0.806,184.115,4
42UBPzRMh5yyz0EDPr6fr1,Manchild,Sabrina Carpenter,1,0,49,CA,2025-06-11,89,True,213645,Manchild,2025-06-05,0.731,0.685,7,-5.087,1,0.0572,0.122,0.0,0.317,0.811,123.01,4
2RkZ5LkEzeHGRsmDqKwmaJ,Ordinary,Alex Warren,2,0,-1,CA,2025-06-11,95,False,186964,"You'll Be Alright, Kid (Chapter 1)",2024-09-26,0.368,0.694,2,-6.141,1,0.06,0.704,6.59e-06,0.055,0.391,168.115,3
04emojnbYkrRmv5qtJcgVP,What I Want (feat. Tate McRae),"Morgan Wallen, Tate McRae",3,0,-1,CA,2025-06-11,92,False,184517,I’m The Problem,2025-05-16,0.657,0.699,9,-3.92,1,0.0262,0.639,0.0,0.148,0.495,115.998,4
0FTmksd2dxiE5e3rWyJXs6,back to friends,sombr,4,0,0,CA,2025-06-11,98,False,199032,back to friends,2024-12-27,0.436,0.723,1,-2.291,1,0.0301,9.37e-05,8.82e-05,0.0929,0.235,92.855,4
4AajxCEwGEsmHmT4H1TwjY,undressed,sombr,5,0,-2,CA,2025-06-11,96,False,182088,undressed,2025-03-21,0.642,0.887,0,-3.883,1,0.0406,0.137,0.0,0.0829,0.888,115.999,4
2yWlGEgEfPot0lv3OAjuG3,Just Keep Watching (From F1® The Movie),"Tate McRae, F1 The Album",6,0,-1,CA,2025-06-11,91,False,142550,Just Keep Watching (From F1® The Movie),2025-05-30,0.656,0.796,9,-5.856,0,0.113,0.0767,0.0,0.509,0.425,129.956,4
4WFgvKVfEhb3IUAFGrutTR,Love Me Not,Ravyn Lenae,7,0,6,CA,2025-06-11,91,False,213466,Bird's Eye,2024-08-09,0.779,0.731,0,-6.176,1,0.0306,0.296,0.0,0.128,0.814,114.001,4
5fZJQrFKWQLb7FpJXZ1g7K,A Bar Song (Tipsy),Shaboozey,8,2,-1,CA,2025-06-11,86,True,171291,"Where I've Been, Isn't Where I'm Going",2024-05-31,0.722,0.706,9,-4.857,1,0.0292,0.072,0.0,0.067,0.599,80.969,4
2u9S9JJ6hTZS3Vf22HOZKg,NOKIA,Drake,9,0,-3,CA,2025-06-11,94,True,241023,$ome $exy $ongs 4 U,2025-02-14,0.537,0.727,5,-4.184,1,0.15,0.247,0.0,0.173,0.508,106.037,4
6393yGahSJ9slVdOwSxOVR,Pink Pony Club,Chappell Roan,10,-2,1,CA,2025-06-11,88,False,258034,The Rise and Fall of a Midwest Princess,2023-09-21,0.61,0.65,6,-6.199,1,0.0474,0.399,0.0,0.11,0.507,106.719,4
3xkHsmpQCBMytMJNiDf3Ii,Beautiful Things,Benson Boone,11,0,-2,CA,2025-06-11,93,False,180304,Fireworks & Rollerblades,2024-04-05,0.472,0.471,10,-5.692,1,0.0603,0.151,0.0,0.14,0.219,105.029,3
5IZXB5IKAD2qlvTPJYDCFB,I Had Some Help (Feat. Morgan Wallen),"Post Malone, Morgan Wallen",12,1,3,CA,2025-06-11,88,True,178205,F-1 Trillion,2024-08-15,0.644,0.874,0,-4.723,1,0.0265,0.0113,0.0,0.227,0.753,128.017,4
7u7IqryLFAygWFz6bsEB7y,Blue Strips,Jessie Murph,13,-1,-1,CA,2025-06-11,89,False,147209,Blue Strips,2025-04-11,0.646,0.653,1,-4.132,1,0.0392,0.294,0.0,0.0968,0.235,133.936,4
0QCIpQV3twfqo9kh0t8Zza,Shake It To The Max (FLY) - Remix,"MOLIY, Silent Addy, Skillibeng, Shenseea",14,2,2,CA,2025-06-11,93,True,178775,Shake It To The Max (FLY) (Remix),2025-02-21,0.856,0.548,0,-6.609,0,0.123,0.561,0.0,0.155,0.562,97.997,4
0qmhTHMVxnXRmT5N92wTD9,Bloodline (with Jelly Roll),"Alex Warren, Jelly Roll",15,-1,-7,CA,2025-06-11,90,False,182008,Bloodline (with Jelly Roll),2025-05-22,0.621,0.779,4,-6.346,0,0.056,0.255,0.0,0.0683,0.513,127.925,4
5z0LSDpPpGwc2ZyJHpsE3J,Just In Case,Morgan Wallen,16,-1,-6,CA,2025-06-11,86,False,166206,I’m The Problem,2025-05-16,0.649,0.505,10,-6.664,1,0.0313,0.647,0.0,0.144,0.386,145.998,4
7so0lgd0zP2Sbgs2d7a1SZ,Die With A Smile,"Lady Gaga, Bruno Mars",17,0,1,CA,2025-06-11,91,False,251667,MAYHEM,2025-03-07,0.519,0.601,6,-7.727,0,0.0317,0.289,0.0,0.126,0.498,157.964,3
6dOtVTDdiauQNBQEDOtlAB,BIRDS OF A FEATHER,Billie Eilish,18,1,-1,CA,2025-06-11,100,False,210373,HIT ME HARD AND SOFT,2024-05-17,0.747,0.507,2,-10.171,1,0.0358,0.2,0.0608,0.117,0.438,104.978,4
4gfrYDtaRmp6HPvN80V2ob,I Got Better,Morgan Wallen,19,2,-5,CA,2025-06-11,88,False,204963,I’m The Problem,2025-05-16,0.598,0.798,0,-4.587,1,0.0295,0.576,0.000564,0.155,0.542,84.986,4
76JKIsdKrAfWUMjaA0u7v5,Too Sweet,Hozier,20,4,6,CA,2025-06-11,84,False,251424,Unreal Unearth: Unaired,2024-08-19,0.741,0.62,10,-5.505,1,0.0412,0.0295,0.000809,0.0398,0.934,117.038,4
7ne4VBA60CxGM75vw0EYad,That’s So True,Gracie Abrams,21,8,3,CA,2025-06-11,96,True,166300,The Secret of Us (Deluxe),2024-10-18,0.554,0.808,1,-4.169,1,0.0368,0.214,0.0,0.159,0.372,108.548,4
221eHga9f9Ne4f8D7WVgPT,Mystical Magical,Benson Boone,22,-4,-1,CA,2025-06-11,92,False,165746,Mystical Magical,2025-04-24,0.671,0.697,11,-3.851,1,0.116,0.19,0.0,0.393,0.848,119.867,4
5E3XPRJVgYnxhMAFI7nZ7N,OWA OWA,Lil Tecca,23,-3,10,CA,2025-06-11,85,True,132380,OWA OWA,2025-05-30,0.719,0.729,1,-7.874,1,0.0704,0.0368,0.0,0.101,0.444,126.005,3
2CGNAOSuO1MEFCbBRgUzjd,luther (with sza),"Kendrick Lamar, SZA",24,2,-5,CA,2025-06-11,92,False,177598,GNX,2024-11-21,0.707,0.575,2,-7.546,1,0.125,0.251,0.0,0.248,0.576,138.008,4
21IYMdzTrzSe191Cy5eMap,Sailor Song,Gigi Perez,25,3,0,CA,2025-06-11,89,False,211978,"At The Beach, In Every Life",2025-04-25,0.499,0.392,11,-10.441,1,0.0262,0.627,7.1e-05,0.192,0.272,95.076,4
17phhZDn6oGtzMe56NuWvj,Lose Control,Teddy Swims,26,-4,-4,CA,2025-06-11,92,False,210688,I've Tried Everything But Therapy (Part 1),2023-09-15,0.561,0.604,9,-4.409,1,0.0337,0.199,1.9e-05,0.104,0.242,159.92,3
0ofHAoxe9vBkTCp2UQIavz,Dreams - 2004 Remaster,Fleetwood Mac,27,-4,2,CA,2025-06-11,91,False,257800,Rumours (Super Deluxe),1977-02-04,0.828,0.492,0,-9.744,1,0.0276,0.0644,0.00428,0.128,0.789,120.151,4
7AeM1BGYM7emrqmQn1PuWv,I'm The Problem,Morgan Wallen,28,-3,-8,CA,2025-06-11,86,False,177811,I’m The Problem,2025-05-16,0.549,0.752,5,-4.94,0,0.0367,0.665,1.2e-05,0.102,0.446,92.053,1
5UJbgR4XF4y1DvbkxEqe8S,Sports car,Tate McRae,29,-2,-6,CA,2025-06-11,89,False,165045,So Close To What,2025-02-20,0.861,0.815,11,-3.672,0,0.0349,0.0505,0.00139,0.1,0.886,106.978,4
4wJ5Qq0jBN4ajy7ouZIV1c,APT.,"ROSÉ, Bruno Mars",30,1,-3,CA,2025-06-11,89,False,169917,rosie,2024-12-06,0.777,0.783,0,-4.477,0,0.26,0.0283,0.0,0.355,0.939,149.027,4
6Qyc6fS4DsZjB2mRW9DsQs,Iris,The Goo Goo Dolls,31,1,-1,CA,2025-06-11,94,False,289533,Dizzy up the Girl,1998-01-01,0.315,0.715,11,-8.072,0,0.0362,0.00125,7.97e-06,0.0942,0.497,155.925,3
0FIDCNYYjNvPVimz5icugS,Timeless (feat Playboi Carti),"The Weeknd, Playboi Carti",32,1,-4,CA,2025-06-11,95,True,256000,Hurry Up Tomorrow,2025-01-31,0.768,0.775,11,-5.06,0,0.0466,0.069,2.96e-06,0.138,0.6,119.999,4
2uXlHCUbq9OMUwx3hrk06o,Riptide,Vance Joy,33,1,-1,CA,2025-06-11,87,False,204280,Dream Your Life Away (Deluxe Edition),2014-08-05,0.483,0.731,1,-6.696,1,0.0381,0.436,0.0,0.151,0.484,101.654,4
73kIKvg65QWieOKXIwyLJP,All The Way (feat. Bailey Zimmerman),"BigXthaPlug, Bailey Zimmerman",34,-4,-3,CA,2025-06-11,88,True,165000,All The Way (feat. Bailey Zimmerman),2025-04-04,0.831,0.555,1,-6.331,0,0.0576,0.314,0.0,0.135,0.444,135.015,4
2HRqTpkrJO5ggZyyK6NPWz,Espresso,Sabrina Carpenter,35,1,3,CA,2025-06-11,91,True,175459,Short n' Sweet,2024-08-23,0.699,0.776,0,-5.282,1,0.0293,0.131,5.36e-06,0.205,0.708,103.963,4
4KULAymBBJcPRpk1yO4dOG,I Remember Everything (feat. Kacey Musgraves),"Zach Bryan, Kacey Musgraves",36,2,5,CA,2025-06-11,88,False,227195,Zach Bryan,2023-08-25,0.429,0.453,0,-7.746,1,0.0459,0.554,2e-06,0.102,0.155,77.639,4
5mAGsieQbw180sYdL3RMKk,Love Somebody,Morgan Wallen,37,-2,-2,CA,2025-06-11,83,False,204828,I’m The Problem,2025-05-16,0.622,0.852,5,-5.182,0,0.0281,0.00912,0.000118,0.145,0.719,122.038,4
2RdEC8Ff83WkX7kDVCHseE,party 4 u,Charli xcx,38,-1,1,CA,2025-06-11,93,False,296653,how i'm feeling now,2020-05-15,0.579,0.522,1,-8.393,1,0.0993,0.761,1.41e-05,0.655,0.245,79.453,4
4Q0qVhFQa7j6jRKzo3HDmP,Sapphire,Ed Sheeran,39,6,11,CA,2025-06-11,81,False,179082,Sapphire,2025-06-05,0.631,0.72,1,-6.152,1,0.0655,0.0163,0.0,0.347,0.394,95.011,4
0WbMK4wrZ1wFSty9F7FCgu,"Good Luck, Babe!",Chappell Roan,40,7,2,CA,2025-06-11,94,False,218423,"Good Luck, Babe!",2024-04-05,0.7,0.582,11,-5.96,0,0.0356,0.0502,0.0,0.0881,0.785,116.712,4
7EW7Yivb93qKAtp5qEm5of,Dark Thoughts,Lil Tecca,41,1,-4,CA,2025-06-11,91,True,136991,Dark Thoughts,2025-03-14,0.801,0.773,1,-3.756,0,0.155,0.055,0.0,0.189,0.709,101.935,4
3GCdLUSnKSMJhs4Tj6CV3s,All The Stars (with SZA),"Kendrick Lamar, SZA",42,-1,-6,CA,2025-06-11,94,True,232186,Black Panther The Album Music From And Inspired By,2018-02-09,0.695,0.633,8,-4.946,1,0.0599,0.0612,0.000195,0.0926,0.557,96.782,4
3WMj8moIAXJhHsyLaqIIHI,Something in the Orange,Zach Bryan,43,0,7,CA,2025-06-11,87,False,228013,Something in the Orange,2022-04-22,0.369,0.192,4,-12.151,0,0.04,0.555,8.35e-06,0.0954,0.148,175.212,3
0hta2Lb2zKJ7kEnAEZEE3G,Nope your too late i already died,"wifiskeleton, i wanna be a jack-o-lantern",44,-5,6,CA,2025-06-11,92,False,90067,suburban daredevil,2024-10-22,0.704,0.597,4,-10.458,0,0.036,0.105,0.00835,0.264,0.978,119.993,4
2uqYupMHANxnwgeiXTZXzd,Austin (Boots Stop Workin'),Dasha,45,5,2,CA,2025-06-11,88,True,171782,What Happens Now?,2024-02-16,0.756,0.672,0,-6.743,1,0.0522,0.464,3.37e-06,0.108,0.739,114.935,4
35ISBknsCeZQtq66xABI9g,Messy,Lola Young,46,-6,-3,CA,2025-06-11,89,True,284066,This Wasn't Meant For You Anyway,2024-06-21,0.798,0.562,9,-5.913,1,0.0375,0.11,0.00606,0.122,0.647,110.991,4
1BDLD4c07q0bmq2VCRsXoE,I Ain't Comin' Back (feat. Post Malone),"Morgan Wallen, Post Malone",47,-1,-13,CA,2025-06-11,83,False,175271,I’m The Problem,2025-05-16,0.372,0.727,11,-4.9,1,0.0358,0.566,0.0,0.298,0.741,200.363,4
1osfLqL6L2iQsirRf83ded,Worst Way,Riley Green,48,-4,-4,CA,2025-06-11,85,False,220558,Way Out Here,2024-04-12,0.366,0.492,11,-7.9,1,0.0324,0.0899,0.000994,0.132,0.349,197.768,3
6GG4yyk3UATdBfTHVgI8PB,Ain't No Love In Oklahoma (From Twisters: The Album),Luke Combs,49,0,-3,CA,2025-06-11,87,False,210950,Ain't No Love In Oklahoma (From Twisters: The Album),2024-05-16,0.487,0.658,5,-9.973,1,0.0296,0.00877,0.00777,0.1,0.282,142.18,4
7K3BhSpAxZBznislvUMVtn,Last Night,Morgan Wallen,50,0,0,CA,2025-06-11,83,True,163854,One Thing At A Time,2023-03-03,0.492,0.673,6,-5.431,1,0.0347,0.413,0.0,0.137,0.488,203.812,4
7tI8dRuH2Yc6RuoTjxo4dU,Who,Jimin,1,0,0,BY,2025-06-11,90,False,170887,MUSE,2024-07-19,0.66,0.756,0,-3.743,0,0.032,0.00289,0.0,0.193,0.838,116.034,4
7G7mSV4BebkoHWwKTDvXu9,Winter Ahead (with PARK HYO SHIN),"V, Park Hyo Shin",2,0,0,BY,2025-06-11,84,False,234895,Winter Ahead (with PARK HYO SHIN),2024-11-29,0.36,0.316,3,-9.954,1,0.0284,0.858,0.000212,0.23,0.229,76.844,3
1dpHnn6eh4Pz55UproSdJv,так похуй,madk1d,3,1,0,BY,2025-06-11,72,True,108000,sexyswag,2025-03-21,0.598,0.813,10,-4.188,0,0.169,0.00179,8.74e-05,0.128,0.764,80.008,4
3LWVXp636uLT356Rj08Jaz,Be Mine,Jimin,4,-1,0,BY,2025-06-11,76,False,207347,MUSE,2024-07-19,0.687,0.747,1,-5.496,0,0.0883,0.056,1.34e-06,0.11,0.56,66.495,5
69zCrlRTLn4sLeU4fJOzmE,Кухни,Бонд с кнопкой,5,1,0,BY,2025-06-11,66,False,140800,Кухни,2025-02-27,0.371,0.638,1,-5.155,1,0.0356,0.457,0.0,0.356,0.21,99.797,3
4C5BDHPQuJ5K49XsAK8uq2,Dirty,KRISTIEE,6,1,19,BY,2025-06-11,64,True,109817,Dirty,2025-05-30,0.763,0.379,5,-11.122,1,0.103,0.432,0.00635,0.0984,0.437,147.023,4
36DnMjOyWBOZLgWYm2KWFz,ты че обиделась,"madk1d, тёмный принц",7,1,-1,BY,2025-06-11,69,True,90000,sexyswag,2025-03-21,0.615,0.755,1,-5.813,1,0.128,0.00816,0.0908,0.209,0.717,159.911,4
5XIoRdNKbhG3uFDB0UXWuw,Наследство,"Icegergert, SKY RAE",8,1,0,BY,2025-06-11,67,True,130778,Наследство,2025-04-25,0.861,0.716,11,-4.071,1,0.234,0.0662,0.0,0.179,0.593,83.486,4
74kalpHrS2ngqa68XFL0dS,Fake ID,"kizaru, Icegergert",9,1,0,BY,2025-06-11,71,True,229500,Fake ID,2025-04-11,0.79,0.634,0,-5.894,1,0.291,0.0713,0.000102,0.366,0.155,160.016,4
71LcXxyXOLybJnTjno152t,Гектор,Icegergert,10,1,1,BY,2025-06-11,66,True,82269,Гектор,2024-08-09,0.898,0.643,11,-6.954,1,0.283,0.0958,8.78e-06,0.154,0.744,105.093,4
4HiXhD2daY4ca5nr977V4e,болен,"dope17, mapt0v",11,1,7,BY,2025-06-11,67,True,88093,болен,2024-09-06,0.545,0.761,7,-6.149,0,0.0499,0.11,0.0,0.424,0.406,78.492,4
2bqS0QtnXGjOYs3z6VtSyW,Контракт,Poshlaya Molly,12,2,0,BY,2025-06-11,65,False,204756,Контракт,2021-03-12,0.682,0.806,0,-6.184,1,0.0418,0.000461,0.0,0.217,0.872,109.972,4
4OjB6FkYwCeWqsSpTFF7O9,Сломана,"Baby Melo, FADE031",13,2,0,BY,2025-06-11,63,False,143294,Сломана,2025-02-07,0.483,0.939,3,-2.697,0,0.105,0.0136,0.0,0.208,0.664,169.92,4
3slzrpqPz7Bfe7Y6pczFyS,Casino,Icegergert,14,2,0,BY,2025-06-11,63,True,117333,Ave,2024-11-01,0.698,0.654,2,-8.284,1,0.247,0.0028,0.0,0.112,0.261,89.863,4
2HRgqmZQC0MC7GeNuDIXHN,Seven (feat. Latto) (Explicit Ver.),"Jung Kook, Latto",15,-2,-5,BY,2025-06-11,85,True,183550,GOLDEN,2023-11-03,0.79,0.831,11,-4.185,1,0.044,0.312,0.0,0.0797,0.872,124.987,4
0mXuEBzTaqYmzIovJhx20u,цена,"madk1d, паранойя",16,1,4,BY,2025-06-11,64,True,138305,sexyswag,2025-03-21,0.624,0.842,10,-3.272,0,0.11,0.0012,0.00234,0.427,0.619,117.905,4
7dOzvgGmCmoqGAHeoiM542,Ханнамонтана,Poshlaya Molly,17,7,2,BY,2025-06-11,64,True,190818,8 способов как бросить...,2017-02-24,0.566,0.906,7,-5.199,1,0.062,0.000741,0.0,0.343,0.417,140.892,4
7gMfVc4zfNIxuMyMGglOHa,Rebirth (Intro),Jimin,18,-13,-11,BY,2025-06-11,76,False,144624,MUSE,2024-07-19,0.372,0.567,5,-4.211,0,0.0361,0.142,0.0,0.0871,0.0928,172.024,4
0BryMsuHUY9EK5wC45PggL,мило материшься,volhey,19,7,2,BY,2025-06-11,66,False,120397,мило материшься,2024-12-06,0.436,0.686,1,-10.314,1,0.0513,0.281,0.301,0.0909,0.641,192.115,4
6zECxDYlNtEybq8hZ9Tp12,ParisLove,FORTUNA 812,20,1,-4,BY,2025-06-11,66,True,109870,ParisLove,2024-11-08,0.614,0.622,0,-6.989,1,0.0425,0.00984,3.96e-05,0.171,0.187,140.061,4
1MC8JLPV4fbvVBqvGSLoDf,Who (Rock Remix),Jimin,21,-2,-4,BY,2025-06-11,65,False,171995,MUSE (WONDER ver.),2024-07-23,0.65,0.806,0,-3.546,0,0.0333,0.018,0.0,0.0889,0.755,115.986,4
11gTRcdz4wK32fghA2vrX7,Lost Angeles,FRIENDLY THUG 52 NGG,22,-2,-7,BY,2025-06-11,66,True,114437,Cristoforo Colombo,2023-11-03,0.788,0.544,7,-9.738,0,0.324,0.141,0.0,0.0947,0.411,75.474,4
0rqe1Pt1EGu0VDAqPupREU,Все хотят меня поцеловать,Poshlaya Molly,23,8,6,BY,2025-06-11,63,True,144000,Грустная девчонка с глазами как у собаки,2018-01-12,0.549,0.74,9,-6.356,1,0.037,0.016,0.0,0.162,0.488,109.975,4
0nXNsOS6gKYKS6pdoTBeHR,No Gletcher Gang 2,FRIENDLY THUG 52 NGG,24,-1,-2,BY,2025-06-11,67,True,116052,Graf Monte-Cristo / Most Valuable Pirate,2025-04-25,0.614,0.399,2,-8.144,1,0.127,0.00898,0.00236,0.276,0.0461,151.883,4
3pUbDaO5cBfRCZHxSCVMh8,распять,"greyrock, tewiq, madk1d",25,3,7,BY,2025-06-11,65,False,119575,распять,2025-03-14,0.606,0.619,8,-4.714,0,0.0339,2.11e-05,0.00034,0.442,0.418,116.176,4
4GBfKfnvmcTcNrlJcV4OLV,Четыре тридцать,Violetta Sokolova,26,9,2,BY,2025-06-11,63,True,133475,Четыре тридцать,2022-05-13,0.432,0.793,4,-3.432,1,0.0561,0.313,0.0,0.589,0.723,200.075,4
3Ua0m0YmEjrMi9XErKcNiR,Like Crazy,Jimin,27,-9,-1,BY,2025-06-11,78,False,212241,FACE,2023-03-24,0.629,0.733,7,-5.445,1,0.0419,0.0025,0.0,0.357,0.362,120.001,4
5UW6yvwo3nVA609NgprdhK,Супермаркет,Poshlaya Molly,28,4,-5,BY,2025-06-11,64,True,214418,8 способов как бросить...,2017-02-24,0.536,0.848,1,-8.317,0,0.0262,0.00619,0.0,0.0838,0.853,130.073,4
1ySWoGgrduSzvtJ3PUzO41,Who (Shibuyakei Remix),Jimin,29,0,-5,BY,2025-06-11,63,False,166809,MUSE (WANDER ver.),2024-07-23,0.638,0.862,5,-4.712,0,0.0361,0.0347,0.000101,0.258,0.596,119.986,4
3Fdo0fNzj2QnPU1SgsNHcV,Катюха,whitek3d,30,7,6,BY,2025-06-11,63,True,77037,Катюха,2025-05-02,0.827,0.891,0,-3.137,1,0.247,0.134,0.0,0.323,0.685,162.006,4
7N1AiJjucLwjTBvRajtnW0,Hoodtrapstar,Icegergert,31,3,19,BY,2025-06-11,60,True,127767,From Sparta to Padre,2025-03-14,0.748,0.707,1,-5.295,1,0.183,0.0281,0.0,0.155,0.84,157.968,4
2pyjr4JKVkG03LmWBIusur,Адская колыбельная,Poshlaya Molly,32,-5,5,BY,2025-06-11,62,False,178296,Адская колыбельная,2024-08-30,0.681,0.726,4,-7.754,0,0.0322,0.000327,0.0015,0.183,0.184,109.989,4
6rOHlBLsBXzJx2k9ZROzEq,Turbo (Majestic),Big Baby Tape,33,3,-2,BY,2025-06-11,63,True,175610,Turbo (Majestic),2024-08-09,0.857,0.667,0,-3.431,1,0.0697,0.00743,0.000501,0.177,0.703,131.963,3
7GQY5kKP1uZGWSvZ5tOxsN,Плохая Сука,GONE.Fludd,34,5,13,BY,2025-06-11,63,True,128039,Плохая Сука,2021-06-04,0.734,0.711,6,-5.791,1,0.242,0.162,0.0,0.221,0.676,159.927,4
2t09oTrG0c2IvUC6J8Mvif,2 лимузина,Napylniik,35,-10,7,BY,2025-06-11,63,True,115087,2 лимузина,2025-02-07,0.627,0.529,1,-8.146,1,0.249,0.0383,0.0,0.123,0.511,85.421,4
2m3PVx1gsVB5upxi94IW8I,Жить в кайф,Max Korzh,36,-3,-6,BY,2025-06-11,61,False,174344,Жить в кайф,2013-10-21,0.762,0.822,0,-3.346,1,0.137,0.011,0.0,0.0858,0.565,127.054,4
1GaJ8rxMQPzCfdZeMGH82G,Страшный сон 2,Раковая Выхухоль,37,13,13,BY,2025-06-11,62,True,110168,Страшный сон 2,2024-10-25,0.693,0.456,5,-10.826,1,0.332,0.826,3.78e-05,0.324,0.388,153.325,4
2WQ09wqQBIOor7Q0VpIDBK,Rock That Body,Black Eyed Peas,38,8,-3,BY,2025-06-11,81,False,268840,THE E.N.D. (THE ENERGY NEVER DIES) [Deluxe Version],2009-01-01,0.715,0.907,7,-6.025,0,0.0993,0.0172,8.39e-05,0.426,0.841,124.991,4
1FAKK1hn0mSI78r3x695pn,Я тебя люблю,Whole Lotta Swag,39,-1,-6,BY,2025-06-11,61,True,118903,NO TYPE,2025-03-14,0.704,0.496,11,-9.264,0,0.195,0.768,1.49e-06,0.216,0.283,130.026,4
3d2bsbugow8JiNvuaRupFH,Slow Dance (feat. Sofia Carson),"Jimin, Sofia Carson",40,-18,1,BY,2025-06-11,75,False,188399,MUSE,2024-07-19,0.68,0.719,1,-6.078,1,0.0708,0.132,0.0,0.0295,0.8,87.016,4
3nNKws5aNnTa3tgQOIS5Sk,гладиатор/рыцарь,fallen777angel,41,4,-1,BY,2025-06-11,63,True,104026,glory of heartbroken,2024-08-23,0.546,0.534,1,-7.28,1,0.0334,0.118,0.0833,0.166,0.0934,120.173,4
0GGAbLItGQQ0ebKUISsAHW,NAME,"OBLADAET, Icegergert",42,0,6,BY,2025-06-11,62,True,168014,735,2025-03-07,0.785,0.473,1,-8.833,1,0.465,0.0241,0.0,0.111,0.173,159.978,4
0VGLb6IeeG5ZqonN5EavDu,Рассвет,Какая Разница,43,7,7,BY,2025-06-11,61,False,124800,Рассвет,2020-05-31,0.551,0.827,5,-6.908,1,0.0643,0.00688,0.000292,0.0707,0.18,99.97,4
3uMUdlo47oEes3kgL4T4EC,Нон стоп,Poshlaya Molly,44,3,-10,BY,2025-06-11,62,True,213954,8 способов как бросить...,2017-02-24,0.587,0.7,8,-5.857,0,0.0366,0.0107,0.0,0.0682,0.496,129.995,4
7iTyMRXGbIyGAprE9RMkGR,Любят суки,T.A. Loc,45,-4,5,BY,2025-06-11,59,True,246073,Любят суки,2022-03-15,0.655,0.599,3,-8.65,0,0.0453,0.0291,0.0,0.0542,0.701,127.993,4
01qFKNWq73UfEslI0GvumE,3D (feat. Jack Harlow),"Jung Kook, Jack Harlow",46,4,4,BY,2025-06-11,79,True,201812,3D : The Remixes,2023-10-02,0.853,0.824,1,-3.287,1,0.103,0.0322,0.0,0.0859,0.888,108.044,4
0PBTlQ84CBJF0tBnKGmQa6,FRI(END)S,V,47,-7,3,BY,2025-06-11,81,False,148082,FRI(END)S,2024-03-15,0.466,0.601,8,-4.468,1,0.053,0.0315,0.0,0.0927,0.627,53.376,4
2tSOz2c3qqs8jOdlyMvHww,мальчик,кис-кис,48,2,2,BY,2025-06-11,61,False,182410,Магазин игрушек для взрослых,2019-09-13,0.774,0.61,4,-7.029,1,0.038,0.221,0.0,0.11,0.655,105.003,4
7MjpBQViz7f1133ni9psvu,TOKYO,SQWOZ BAB,49,-6,-11,BY,2025-06-11,65,True,160824,TOKYO,2025-02-21,0.483,0.821,0,-5.357,1,0.0638,0.0495,0.000289,0.0821,0.312,96.972,4
475G1r5398lgxVY7Ld7m8r,Стань,Max Korzh,50,-2,-11,BY,2025-06-11,59,False,188240,Жить в кайф,2013-10-21,0.779,0.695,0,-3.37,1,0.0567,0.0879,0.0,0.222,0.819,124.907,4
6Emsu0BaMpG0ilZCRT8KHZ,Tubarões - Ao Vivo,Diego & Victor Hugo,1,0,0,BR,2025-06-11,88,False,162580,Tubarões (Ao Vivo),2025-02-13,0.429,0.793,5,-4.115,0,0.0428,0.185,0.0,0.939,0.506,123.729,4
5Nj2UVsxXAvhfYNpcre3al,FAMOSINHA,"Dj Caio Vieira, MC Meno K, Mc Rodrigo do CN",2,0,2,BR,2025-06-11,81,True,132922,FAMOSINHA,2025-02-28,0.945,0.661,9,-2.343,0,0.356,0.216,0.0,0.0698,0.773,130.069,4
7EknynLJTt9YMm1HL37s5D,P do Pecado - Ao Vivo,"Grupo Menos É Mais, Simone Mendes",3,0,-1,BR,2025-06-11,85,False,192367,P do Pecado (Ao Vivo),2025-04-29,0.616,0.845,7,-5.044,0,0.0729,0.611,0.0,0.876,0.746,166.874,4
17tg01y3RhlfRKMnd333yL,Apaga Apaga Apaga - Ao Vivo,Danilo e Davi,4,0,-1,BR,2025-06-11,87,False,178882,Toma Essa Verdade (Ao Vivo),2024-08-09,0.491,0.716,2,-4.48,1,0.125,0.323,0.0,0.422,0.406,187.984,4
2ejSYn4SfoE07mXPlnYVED,Ama Um Maloqueiro,"Rafa e Junior, Hugo & Guilherme, DJ Ari SL",5,0,1,BR,2025-06-11,79,False,162580,Ama Um Maloqueiro,2025-05-22,0.728,0.694,0,-6.075,1,0.0385,0.345,0.0,0.172,0.764,124.013,4
5aMgTcyBPH90hWHhbNKTwR,Entregador de Flor - Ao Vivo em Brasília,Diego & Victor Hugo,6,0,-1,BR,2025-06-11,84,False,190276,Diego & Victor Hugo Ao Vivo em Brasília,2019-07-12,0.375,0.832,2,-4.301,1,0.0748,0.559,0.0,0.414,0.308,124.908,4
1jxQFCC0ukN7AaUwXWK0N8,Tipo Nino Vs Kabrinha,"DJ Biel Divulga, DJ Dozabri, Mc Lekão",7,3,43,BR,2025-06-11,71,True,201230,Tipo Nino Vs Kabrinha,2025-05-31,0.963,0.862,0,-4.335,1,0.234,0.544,0.00158,0.193,0.919,130.113,4
3R8dmcSyROSR73XsdeSd7g,Opa Cadê Eu - Ao Vivo,Clayton & Romário,8,-1,2,BR,2025-06-11,85,False,154925,Ao Vivo em Brasília (Vol.2),2025-02-06,0.493,0.862,4,-4.558,1,0.0813,0.302,0.0,0.874,0.871,166.06,4
4Hk1gmBr2KVEXr3hHwSgUi,Mãe Solteira,"DG e Batidão Stronda, Mc Davi, J. Eskine, MC G15",9,4,-2,BR,2025-06-11,85,False,144000,Mãe Solteira,2025-03-03,0.745,0.881,4,-2.964,0,0.0335,0.192,0.0,0.0639,0.967,140.047,4
2E8sqeYKsbhxrEio1U7CxM,Medley de Igaratá 6,"Mc Negão Original, DJ Guh Mix",10,-2,31,BR,2025-06-11,73,True,235037,Medley de Igaratá 6,2025-05-31,0.907,0.752,10,-4.262,1,0.389,0.452,0.0,0.0817,0.939,130.049,4
2Z1DmmPWD3Lm0dWAxMfjxG,Pirocada Quente,"MC Jvila, Mc Negão Original, DJ Dael, DJ Guh Mix",11,1,-3,BR,2025-06-11,82,True,195692,Pirocada Quente,2025-01-28,0.882,0.87,11,-1.803,0,0.32,0.319,1.74e-06,0.101,0.75,130.0,4
4y93vvzu2h8MITw7YyUTcI,Última Saudade - Ao Vivo,Henrique & Juliano,12,-1,-3,BR,2025-06-11,79,False,150449,Manifesto Musical 2 (Ao Vivo / Vol.1),2024-12-13,0.443,0.7,6,-5.196,1,0.0422,0.605,0.0,0.634,0.572,153.383,4
40WZQRA3T6WZFIgskIAAz7,Saudade Proibida - Ao Vivo,Simone Mendes,13,5,0,BR,2025-06-11,84,False,160634,Saudade Proibida (Ao Vivo),2025-04-04,0.637,0.856,5,-3.622,1,0.045,0.0783,0.0,0.907,0.67,131.971,4
41Z4T7bmNgToR4MRaKZtxP,Mulher Sem Ciúme - Ao Vivo,Murilo Huff,14,-5,36,BR,2025-06-11,76,False,163379,"Acústico, Vol.2 (Ao Vivo)",2025-05-29,0.652,0.564,7,-5.107,1,0.064,0.745,0.0,0.804,0.775,97.866,4
6Kyl2nFgU0J8WBlbBvDv6g,Coração Partido (Corazón Partío) - Ao Vivo,Grupo Menos É Mais,15,2,-3,BR,2025-06-11,80,False,195794,Churrasquinho 3 (Ao Vivo),2024-11-14,0.651,0.756,6,-7.97,1,0.0865,0.643,0.0,0.214,0.791,160.03,4
0IBCX7PC9NcfFLuyoHxTNt,Escondendo o Ouro - Ao Vivo,Zé Neto & Cristiano,16,-2,-2,BR,2025-06-11,80,False,171207,"Magia das Estrelas, Vol. 1 (Ao Vivo)",2025-05-22,0.658,0.631,10,-5.153,1,0.0445,0.761,0.0,0.139,0.654,109.855,4
2tUIRX4wK0COoKEorOdEpZ,Veneno - Ao Vivo,"Murilo Huff, Zé Neto & Cristiano",17,-1,-2,BR,2025-06-11,85,False,178131,Veneno (Ao Vivo),2025-03-13,0.476,0.681,7,-3.926,1,0.103,0.672,0.0,0.383,0.643,104.716,4
7GNbFvEP3uKNASe3oaLl8U,Ta Rico Os Menino Do Gueto 🍀,"Mc IG, MC Ryan SP, Mc Negão Original, DJ Japa NK, DJ DAVI DOGDOG, DU'L, MC GP, MC Meno K, Mc guizinho niazi, Nickz Beatz, SiarBeats",18,-3,-7,BR,2025-06-11,75,True,459692,Feliz no Simples 🍀,2025-05-13,0.625,0.698,7,-5.204,0,0.403,0.375,0.0,0.108,0.55,129.837,4
6vGZfODFI1FxMImSUbdJhz,Resumindo - Ao Vivo,Zé Neto & Cristiano,19,0,0,BR,2025-06-11,79,False,145177,"Magia das Estrelas, Vol. 1 (Ao Vivo)",2025-05-22,0.552,0.631,4,-6.064,1,0.185,0.791,2.55e-06,0.335,0.851,195.763,4
1RnPdd7EKKhKN3E4o4DRsh,MONTAGEM BAILÃO,"Repsaj, ATLXS, Mc Jhey",20,0,7,BR,2025-06-11,86,True,103727,MONTAGEM BAILÃO,2025-04-04,0.67,0.976,1,-2.113,1,0.044,0.027,1.59e-06,0.124,0.34,130.103,4
3vpmGewnBcIfbm252E3Xx8,Cara da Serenata - Live,"Luccas & Rodrigo, Vitor e Luan",21,1,1,BR,2025-06-11,81,False,134516,Cara da Serenata (Live),2025-04-10,0.639,0.675,8,-6.141,0,0.0933,0.653,0.0,0.876,0.576,95.488,4
10MsXPpQLz5ZrOEZxTtkIm,Olha Onde Eu Tô,Ana Castela,22,-1,18,BR,2025-06-11,76,False,181693,Let's Go Rodeo,2025-05-29,0.731,0.832,4,-4.324,1,0.0431,0.0223,0.0,0.307,0.732,117.949,4
2ZrC9CTs01XkbFPtLbpHzl,Senta e Cala a Boca,"Mc Jacaré, DJ JHOW BEATS",23,0,-5,BR,2025-06-11,82,False,147221,Senta e Cala a Boca,2025-02-04,0.568,0.614,4,-1.888,0,0.152,0.434,0.0,0.542,0.46,162.56,5
2RkZ5LkEzeHGRsmDqKwmaJ,Ordinary,Alex Warren,24,2,-1,BR,2025-06-11,95,False,186964,"You'll Be Alright, Kid (Chapter 1)",2024-09-26,0.368,0.694,2,-6.141,1,0.06,0.704,6.59e-06,0.055,0.391,168.115,3
2j7IPPMZt5nE5R4r2AbKZ8,12 Horas / Pra Você Acreditar - Ao Vivo,"Panda, Humberto & Ronaldo, Ícaro e Gilmar, MJ Records",25,-1,4,BR,2025-06-11,77,False,250453,Cê Tá Doido (Ao Vivo),2025-02-20,0.338,0.777,0,-4.309,1,0.0468,0.532,0.0,0.32,0.461,148.274,4
3M4HJl7D77l86gL1QXGJHG,Saudade Burra - Ao Vivo,"Lauana Prado, Simone Mendes",26,-1,-2,BR,2025-06-11,77,False,157173,Transcende (Ao Vivo),2025-03-07,0.662,0.851,0,-3.708,1,0.0358,0.123,0.0,0.346,0.55,115.856,4
07kLShG3HTeLXTqnFCqNAJ,Amigo Da Minha Saudade - Ao Vivo,Henrique & Juliano,27,2,-10,BR,2025-06-11,83,False,150992,Manifesto Musical 2 (Ao Vivo / Vol.1),2024-12-13,0.676,0.8,5,-4.35,0,0.0462,0.404,0.0,0.861,0.706,103.919,4
1S9fKs0sAdZPlL8ViOARnS,João 20 + pra Sempre - Ao Vivo,Vitor Santana,28,-1,21,BR,2025-06-11,78,False,289313,João 20 + pra Sempre - Ao Vivo,2024-12-01,0.387,0.709,2,-5.91,1,0.0404,0.274,0.0,0.0694,0.384,131.197,4
4pOGEJRVOuaa9oyy7qTGf6,Fui Mlk,"Nilo, Mc Paiva ZS, DJ Di Marques, Tropa da W&S, FamousKyo",29,7,-1,BR,2025-06-11,83,False,174110,Fui Mlk,2024-11-22,0.635,0.636,5,-3.72,1,0.309,0.636,0.0,0.317,0.691,128.528,4
6id4TFeHJgvVtCzrJEysl0,Saudade De Quem Eu Sou - Ao Vivo,Henrique & Juliano,30,-2,-10,BR,2025-06-11,83,False,153103,Manifesto Musical 2 (Ao Vivo / EP4),2025-03-14,0.684,0.76,11,-5.838,0,0.0866,0.39,0.0,0.886,0.536,100.155,4
2OMkXPz6pHdKJSkzxG0MwZ,Descer,"Kew, Dj LK da Escócia",31,15,5,BR,2025-06-11,85,True,111653,Descer,2025-01-30,0.84,0.72,9,-4.23,1,0.0538,0.143,3.36e-05,0.0587,0.828,130.029,4
280QfKhmWGn3LbyB39aA7u,Cópia Proibida,Léo Foguete,32,2,5,BR,2025-06-11,81,False,159480,Obrigado Deus,2024-10-26,0.558,0.708,9,-6.507,0,0.0318,0.35,0.0,0.061,0.922,133.942,4
1VpOT1TfTivUmFjSGSRt1U,Olha pra Cara de Quem Te...,"MC LUUKY, MC Jvila, DJ Dael",33,-3,-12,BR,2025-06-11,81,True,120916,Olha pra Cara de Quem Te...,2025-03-06,0.939,0.701,2,-3.701,1,0.246,0.515,0.000116,0.113,0.863,131.024,4
2TSYxcrcrtLpdbsLY9NmzL,Me Ama Ou Me Larga - Ao Vivo,Simone Mendes,34,4,-2,BR,2025-06-11,83,False,148719,Me Ama Ou Me Larga (Ao Vivo),2025-01-31,0.632,0.861,1,-4.096,0,0.039,0.399,1.04e-06,0.375,0.608,118.016,4
44CTudFZ0kbaIF9n0jk7oU,Ilusão De Ótica - Ao Vivo,"Matheus & Kauan, Ana Castela",35,0,-4,BR,2025-06-11,74,False,179504,Envolvente (Ao Vivo / Vol.2),2025-03-14,0.618,0.887,9,-3.337,1,0.0672,0.392,0.0,0.252,0.802,162.992,4
7so0lgd0zP2Sbgs2d7a1SZ,Die With A Smile,"Lady Gaga, Bruno Mars",36,1,-6,BR,2025-06-11,91,False,251667,MAYHEM,2025-03-07,0.519,0.601,6,-7.727,0,0.0317,0.289,0.0,0.126,0.498,157.964,3
4jUZymsR3lkia9wkP0o9cX,MTG NA IMAGINAÇÃO - TOPO SESSIONS VOL. 1,"DJ TOPO, Mc Livinho",37,4,9,BR,2025-06-11,81,False,144923,MTG NA IMAGINAÇÃO (TOPO SESSIONS VOL. 1),2024-09-13,0.64,0.588,2,-0.766,0,0.177,0.605,1.51e-05,0.0979,0.379,162.568,5
6v46jy0bNem1EIbjtfJyee,DONA - Ao Vivo,"Luan Santana, Léo Foguete",38,-6,12,BR,2025-06-11,81,False,222034,DONA (Ao Vivo),2025-04-24,0.485,0.776,7,-6.222,1,0.0471,0.539,0.0,0.396,0.45,141.874,4
1h0yBDChztCJRTqmI5U6ou,É Tudo Sobre Você / Ser Mudado - Ao Vivo,MORADA,39,6,6,BR,2025-06-11,77,False,442406,Uma Só Voz - Vol. 01 (Ao Vivo),2021-06-15,0.428,0.681,9,-7.114,0,0.0317,0.546,7.48e-06,0.968,0.301,137.912,4
2LzXPUzL9sgeRl9a5miHMA,OUTRA,"tarisiix, fire hair, WenHard",40,-9,-6,BR,2025-06-11,79,True,128000,OUTRA,2025-04-15,0.887,0.5,9,-6.805,0,0.349,0.11,0.0206,0.103,0.58,90.023,3
6XXqPj8USz1oebSmMPCBLC,Tipo Nino Abravanel,"DJ Gouveia, DJ Dozabri, Mc Rodrigo do CN",41,3,-3,BR,2025-06-11,79,True,131076,Tipo Nino Abravanel,2025-01-23,0.961,0.666,11,-0.687,1,0.0934,0.119,1.07e-05,0.0548,0.736,130.059,4
708yXS1fLm1gAXFyIQxtX2,Romântico - Ao Vivo,Henrique & Juliano,42,-9,-9,BR,2025-06-11,78,False,183758,Manifesto Musical 2 (Ao Vivo / Vol.1),2024-12-13,0.602,0.49,7,-7.93,1,0.062,0.565,2.95e-06,0.753,0.686,93.844,4
3bpNcH1SCEMn6zuynZGY5e,Fashion,"Orochi, TkN, RUXN, Kizzy, ProdSmile",43,4,-1,BR,2025-06-11,79,False,213284,Mixtape Chiró,2025-02-28,0.582,0.472,7,-8.188,0,0.0817,0.319,0.0,0.144,0.146,136.794,4
6lrQgEPTuOKyvn4bQJuaRU,NÃO ERA LOVE,"Luan Pereira, MC Tuto, Grelo",44,-5,-19,BR,2025-06-11,84,False,144457,NÃO ERA LOVE,2025-04-03,0.792,0.712,9,-4.467,1,0.0449,0.393,0.0,0.264,0.87,138.943,4
3iDZj9V0RSElRwVgtmMYgJ,Lei Anti O.R.U.A.M,"Oruam, Victor WAO, Maurin",45,5,-1,BR,2025-06-11,79,False,158608,Liberdade,2025-02-21,0.665,0.477,11,-7.596,0,0.529,0.653,0.0,0.0817,0.304,115.369,4
5AoOD6SAzOOE6jwxvRIBPq,Baile do Panta,"Nego Trufa, Dj TC, DJ Japa NK",46,-4,-11,BR,2025-06-11,81,False,129229,Baile do Panta,2025-04-01,0.768,0.543,7,-5.68,0,0.398,0.644,0.0,0.36,0.795,129.799,4
7tz0PRdO9wOCHL5wr8Rne4,Princesa - Ao Vivo,"Gustavo Mioto, Ana Castela",47,-7,3,BR,2025-06-11,55,False,208917,Atemporal (Ao Vivo),2025-05-30,0.627,0.538,0,-5.39,1,0.0293,0.698,0.0,0.77,0.401,130.051,4
42UBPzRMh5yyz0EDPr6fr1,Manchild,Sabrina Carpenter,48,-5,2,BR,2025-06-11,89,True,213645,Manchild,2025-06-05,0.731,0.685,7,-5.087,1,0.0572,0.122,0.0,0.317,0.811,123.01,4
3FBs8ttL0pPOLTbC6xWpTj,THE BOX MEDLEY FUNK 6,"THE BOX, Oruam, Real Fuba, Didi, Luanzin, Neo Beats, Victor WAO",49,-1,1,BR,2025-06-11,71,True,378218,THE BOX MEDLEY FUNK 6,2025-05-29,0.587,0.365,9,-11.853,0,0.482,0.83,0.0,0.0741,0.773,81.772,5
25CffgwZg6vlUdCsHJijZo,Baqueado - Ao Vivo,"Panda, Ícaro e Gilmar, MJ Records",50,-1,0,BR,2025-06-11,73,False,146750,Panda Sem Moderação (Ao Vivo),2024-12-19,0.618,0.746,2,-5.756,1,0.0367,0.489,0.0,0.243,0.52,108.537,4
6iOndD4OFo7GkaDypWQIou,La Plena - W Sound 05,"W Sound, Beéle, Ovy On The Drums",1,0,1,BO,2025-06-11,95,True,150001,La Plena (W Sound 05),2025-02-19,0.894,0.643,5,-3.485,1,0.132,0.543,0.000984,0.101,0.659,99.039,4
27xkOIER6uDLKALIelHylZ,Don’t Say You Love Me,Jin,2,0,-1,BO,2025-06-11,93,False,180716,Echo,2025-05-16,0.729,0.562,8,-5.49,1,0.0304,0.484,0.0,0.105,0.757,111.976,4
1HEwEN64NjgTaHmo7LfkX8,no tiene sentido,Beéle,3,0,0,BO,2025-06-11,89,False,158036,BORONDO,2025-05-15,0.671,0.596,2,-7.565,0,0.0556,0.0871,1.97e-05,0.119,0.497,121.976,4
1PREzVLuDT6PSE9sej4wnV,COQUETA,"Fuerza Regida, Grupo Frontera",4,0,0,BO,2025-06-11,90,False,241648,MALA MÍA,2024-12-19,0.74,0.819,1,-4.853,0,0.0866,0.244,0.0,0.107,0.884,78.975,4
2lTm559tuIvatlT1u0JYG2,BAILE INoLVIDABLE,Bad Bunny,5,0,0,BO,2025-06-11,96,True,367725,DeBÍ TiRAR MáS FOToS,2025-01-05,0.168,0.00332,10,-46.113,1,0.0615,0.192,0.79,0.112,0.219,119.387,3
0DMJz677XfXiiruhIELu2e,VITAMINA,"Jombriel, DFZM, Jøtta",6,0,0,BO,2025-06-11,92,False,208743,VITAMINA,2025-02-27,0.815,0.746,10,-4.855,0,0.0528,0.015,2.26e-06,0.056,0.768,92.007,4
4zhk2RS2EZODmBW6il55Qj,mi refe,"Beéle, Ovy On The Drums",7,0,0,BO,2025-06-11,85,False,159404,BORONDO,2025-05-15,0.637,0.648,7,-5.306,0,0.271,0.403,5.41e-05,0.119,0.441,123.108,4
4DnrAI8WyUY6gkOwl8GlPN,capaz (merengueton),"Alleh, Yorghaki",8,0,0,BO,2025-06-11,90,False,173858,LA CIUDAD,2024-12-24,0.872,0.614,3,-5.618,0,0.181,0.0815,0.000207,0.135,0.785,126.957,4
7bywjHOc0wSjGGbj04XbVi,LUNA,"Feid, ATL Jacob",9,4,7,BO,2025-06-11,89,False,196800,FERXXOCALIPSIS,2023-12-01,0.774,0.86,7,-2.888,0,0.13,0.131,0.0,0.116,0.446,100.019,4
2JPctdUgvkQSpnUdfROxvY,Te Quería Ver,"Alemán, Neton Vega",10,-1,-1,BO,2025-06-11,84,False,176129,De Vuelta a las Andadas,2025-05-09,0.807,0.763,4,-5.172,0,0.0624,0.186,1.69e-05,0.0917,0.448,100.033,4
3sK8wGT43QFpWrvNQsrQya,DtMF,Bad Bunny,11,0,-1,BO,2025-06-11,97,True,237117,DeBÍ TiRAR MáS FOToS,2025-01-05,0.625,0.131,7,-27.405,0,0.0717,0.177,0.218,0.0807,0.032,136.02,4
1YYfyJ2yCvGFCxwjsIqEK9,Khé?,"Rauw Alejandro, Romeo Santos",12,2,2,BO,2025-06-11,88,False,206066,Cosa Nuestra,2024-11-15,0.687,0.627,7,-4.975,1,0.181,0.326,0.0,0.0893,0.47,155.865,4
5MKbWaXeSQSmzmo7gPQha1,Amor de Vago,"La T y La M, Malandro",13,-1,2,BO,2025-06-11,80,False,188423,Amor de Vago,2024-08-23,0.65,0.507,2,-7.27,1,0.111,0.706,2.47e-06,0.0725,0.603,179.984,4
6ifUES3keWjwXgae8pXI3o,Me Rehúso,Danny Ocean,14,7,9,BO,2025-06-11,86,False,205714,54+1,2019-03-22,0.744,0.804,1,-6.327,1,0.0677,0.0231,0.0,0.0494,0.426,104.823,4
2SkB7jADnfiWH8qAE9H8cO,En Privado,"Xavi, Manuel Turizo",15,0,-3,BO,2025-06-11,89,False,199399,En Privado,2025-02-06,0.833,0.863,7,-3.822,1,0.0377,0.111,4.75e-06,0.135,0.91,126.973,4
3Btqti3QpzZZr6uz5mlNzz,Es un Secreto,Plan B,16,2,5,BO,2025-06-11,74,False,190560,House Of Pleasure,2010-07-20,0.843,0.786,6,-4.938,0,0.0434,0.103,2.41e-06,0.0535,0.502,95.0,4
7tI8dRuH2Yc6RuoTjxo4dU,Who,Jimin,17,-7,18,BO,2025-06-11,90,False,170887,MUSE,2024-07-19,0.66,0.756,0,-3.743,0,0.032,0.00289,0.0,0.193,0.838,116.034,4
6J5kc12BW5HuP3d7C3vvx8,EoO,Bad Bunny,18,-1,-5,BO,2025-06-11,94,True,204768,DeBÍ TiRAR MáS FOToS,2025-01-05,0.36,0.464,10,-29.598,0,0.0702,0.749,0.859,0.0825,0.184,63.662,4
3D24ErT1MMmUfXWotSj2A2,ME JALO,"Fuerza Regida, Grupo Frontera",19,-3,-8,BO,2025-06-11,92,True,212002,MALA MÍA,2024-12-19,0.47,0.75,2,-5.887,0,0.112,0.216,0.0,0.169,0.62,79.814,4
6WatFBLVB0x077xWeoVc2k,Si Antes Te Hubiera Conocido,KAROL G,20,0,-3,BO,2025-06-11,94,False,195824,Si Antes Te Hubiera Conocido,2024-06-21,0.924,0.668,11,-6.795,1,0.0469,0.446,0.000594,0.0678,0.787,128.027,4
0l0vcZMU7AOeQmUIREoI2U,Qué Pasaría...,"Rauw Alejandro, Bad Bunny",21,-2,-3,BO,2025-06-11,91,True,191018,Cosa Nuestra,2024-11-15,0.833,0.563,4,-5.593,0,0.204,0.528,1.27e-05,0.139,0.343,105.008,4
0fea68AdmYNygeTGI4RC18,LA CANCIÓN,"J Balvin, Bad Bunny",22,5,7,BO,2025-06-11,90,False,242573,OASIS,2019-06-28,0.756,0.646,7,-5.795,1,0.319,0.152,1.81e-05,0.108,0.429,176.088,4
2F6PBqz7aPA7K309aFKMHt,Con Otra,Cazzu,23,-1,-3,BO,2025-06-11,76,False,231016,Latinaje,2025-04-24,0.431,0.69,10,-4.502,0,0.0395,0.12,0.0,0.961,0.575,167.972,4
7d6yK8v8J484SWH5prIQiE,VeLDÁ,"Bad Bunny, Omar Courtz, Dei V",24,-1,0,BO,2025-06-11,92,True,235336,DeBÍ TiRAR MáS FOToS,2025-01-05,0.613,0.981,1,-18.638,1,0.149,0.29,0.0023,0.437,0.0337,101.852,3
6kPCcIAGoTeRrh8qrmKa90,Piel,"Tiago PZK, Ke Personajes",25,5,7,BO,2025-06-11,77,True,142041,GOTTI A,2024-07-04,0.646,0.907,0,-1.617,1,0.0593,0.422,0.0,0.14,0.816,168.004,4
4OwhwvKESFtuu06dTgct7i,Tiroteo - Remix,"Marc Seguí, Rauw Alejandro, Pol Granch",26,3,24,BO,2025-06-11,84,False,321555,Tiroteo (Remix),2021-04-01,0.75,0.522,9,-7.018,1,0.0293,0.282,0.0,0.0743,0.601,110.427,4
59D4DOkspUbWyMmbAPQkxZ,VOY A LLeVARTE PA PR,Bad Bunny,27,-3,-2,BO,2025-06-11,93,True,156364,DeBÍ TiRAR MáS FOToS,2025-01-05,0.148,0.604,7,-35.032,1,0.0588,0.921,0.453,0.405,1e-05,106.295,3
4MUrUT38U98olfnyzMBCzm,KLOuFRENS,Bad Bunny,28,-3,3,BO,2025-06-11,90,True,199114,DeBÍ TiRAR MáS FOToS,2025-01-05,0.326,0.125,1,-32.45,1,0.148,0.703,0.706,0.18,0.306,106.974,4
5FLzweTtgQurkLPs0E7uEO,Priti,"Danny Ocean, Sech",29,-3,-7,BO,2025-06-11,87,False,130968,Priti,2025-03-20,0.8,0.681,9,-7.307,1,0.0499,0.163,0.0,0.101,0.523,121.915,4
0STW8nw4lNN4TEQ8KmNer6,Parte & Choke,"Jombriel, Alex Krack, Jøtta",30,1,-11,BO,2025-06-11,84,False,205264,Parte & Choke,2024-11-05,0.728,0.654,5,-3.976,0,0.365,0.00581,0.0,0.131,0.884,117.337,5
2BvPMS2XWfnCpHHvWeOyeC,DETRÁS DE TU ALMA,Mora,31,2,12,BO,2025-06-11,83,True,237000,LO MISMO DE SIEMPRE,2025-05-18,0.433,0.733,4,-5.54,0,0.128,0.503,0.0,0.244,0.263,89.405,4
5mp6OBKCAjN4UYRvhOuUze,Tu Boda,"Oscar Maydon, Fuerza Regida",32,-4,18,BO,2025-06-11,68,True,225880,"Rico o Muerto, Vol. 1",2025-06-06,0.694,0.651,6,-6.968,1,0.0785,0.496,1.36e-05,0.0787,0.472,112.648,3
6uroNiDEDd0xFLiri0aQNk,Triple Lavada,Esau Ortiz,33,-1,-3,BO,2025-06-11,91,True,165790,Triple Lavada,2025-03-28,0.909,0.583,10,-5.735,0,0.0847,0.417,0.0,0.137,0.557,100.012,4
32SJM4tQyJHsB8rgVtZURn,WASSUP,Young Miko,34,0,-6,BO,2025-06-11,87,True,162263,WASSUP,2025-04-25,0.86,0.681,1,-4.757,0,0.0399,0.00481,6.09e-06,0.142,0.656,145.023,4
61C7zXd4t2Zuhz6DRwgsLM,Volver,"Piso 21, Marc Anthony, Beéle",35,0,5,BO,2025-06-11,85,False,232149,Volver,2025-02-06,0.478,0.793,11,-4.449,1,0.387,0.235,0.0,0.146,0.604,92.294,4
6C1RD7YQVvt3YQj0CmuTeu,Diles,"Bad Bunny, Ozuna, Farruko, Arcángel, Ñengo Flow, DJ Luian, Mambo Kingz",36,14,14,BO,2025-06-11,84,True,286040,Diles,2016-08-26,0.813,0.56,2,-5.904,0,0.0618,0.108,0.0,0.268,0.287,118.033,4
18m5dJOPB2geFwOymXNaWg,AURORA,"Mora, De La Rose",37,-1,-3,BO,2025-06-11,85,True,192853,LO MISMO DE SIEMPRE,2025-05-18,0.595,0.761,11,-4.966,0,0.042,0.592,0.0,0.202,0.367,111.926,4
7so0lgd0zP2Sbgs2d7a1SZ,Die With A Smile,"Lady Gaga, Bruno Mars",38,3,-1,BO,2025-06-11,91,False,251667,MAYHEM,2025-03-07,0.519,0.601,6,-7.727,0,0.0317,0.289,0.0,0.126,0.498,157.964,3
0Lahr7sUDdtYnX3n3KobR6,PONTE LOKITA,"Katteyes, Kidd Voodoo, Swift 047",39,0,-1,BO,2025-06-11,83,True,183673,PONTE LOKITA,2025-02-14,0.771,0.725,7,-3.574,0,0.0592,0.274,3.38e-05,0.0745,0.791,98.019,4
0vcuJjViqrFCCWUrjrZW1X,RAMEN PARA DOS,"Maria Becerra, Paulo Londra, XROSS",40,10,-13,BO,2025-06-11,84,True,231999,RAMEN PARA DOS,2025-05-08,0.789,0.627,1,-4.211,0,0.0444,0.155,0.0,0.375,0.601,130.021,4
4zbEItKoaRId1vRZkoO0Uh,Imagínate,"Danny Ocean, Kapo",41,2,5,BO,2025-06-11,88,False,170365,Imagínate,2024-11-07,0.779,0.737,11,-4.667,1,0.109,0.134,0.0,0.0974,0.445,101.923,4
4SJHHpKhcuXwDsCsPqshXj,El Efecto,"Rauw Alejandro, Chencho Corleone",42,-4,8,BO,2025-06-11,83,False,217142,El Efecto,2019-03-15,0.849,0.781,0,-4.635,0,0.159,0.406,0.0,0.0801,0.893,84.041,4
5xSt1wxZobFcLzHrFakv6z,COSAS QUE NO TE DIJE,SAIKO,43,2,7,BO,2025-06-11,80,False,224725,COSAS QUE NO TE DIJE,2021-09-17,0.616,0.673,2,-3.948,1,0.0327,0.563,0.0,0.122,0.21,99.971,4
6DUdDIRgLqCGq1DwkNWQTN,Borro Cassette,Maluma,44,6,6,BO,2025-06-11,85,False,207306,"Pretty Boy, Dirty Boy",2015-10-30,0.73,0.701,5,-5.885,0,0.106,0.132,0.0,0.151,0.785,175.95,4
7MVIfkyzuUmQ716j8U7yGR,Rara Vez,"Milo j, Taiu",45,-1,-4,BO,2025-06-11,82,False,128677,Rara Vez,2023-02-08,0.838,0.708,5,-4.668,0,0.166,0.176,0.0,0.343,0.96,119.984,4
4d4cW91CpcogH1COrpNaH2,Bailando Conmigo,Luis Vega,46,-4,4,BO,2025-06-11,55,False,193820,Bailando Conmigo,2023-02-10,0.726,0.685,9,-5.944,1,0.0547,0.43,0.0,0.0822,0.954,79.968,4
3fmw8iIyQDS2L7nE6Wd0xG,sobelove,Beéle,47,0,-5,BO,2025-06-11,81,False,131827,BORONDO,2025-05-15,0.756,0.721,8,-4.046,0,0.191,0.36,9.88e-06,0.0794,0.715,111.994,4
5WEF0icHWmAZBBMglBd599,WELTiTA,"Bad Bunny, Chuwi",48,-8,-3,BO,2025-06-11,89,False,187507,DeBÍ TiRAR MáS FOToS,2025-01-05,0.458,0.297,4,-32.354,0,0.6,0.866,0.329,0.346,0.357,96.14,3
5DdLSEyKh8zgCrJq2hFj92,Yo sé,"Yan Block, TORRRES",49,-1,0,BO,2025-06-11,86,True,129705,Yo sé,2024-05-23,0.716,0.462,5,-9.847,0,0.128,0.68,0.0,0.132,0.626,136.045,4
5Fhr3wqeieN5WDkAsqL1JJ,MONA LISA,j-hope,50,-13,-11,BO,2025-06-11,87,False,137191,MONA LISA,2025-03-21,0.799,0.805,1,-5.009,1,0.0372,0.0278,9.03e-06,0.0535,0.96,137.952,4
3Z0bGsiJF9ErQF1iMHsa1G,Danoto kopay,"Emanuela, Tedi Aleksandrova",1,0,0,BG,2025-06-11,57,False,248159,Danoto kopay,2025-05-22,0.734,0.772,7,-7.689,0,0.048,0.00967,0.0,0.323,0.372,125.977,4
1r8idx9lRikl6t0qA8Nqvm,"Реже, Реже",VANE$$A,2,0,0,BG,2025-06-11,52,False,195862,"Реже, Реже",2025-05-23,0.617,0.938,1,-4.025,1,0.0898,0.0203,0.0,0.227,0.696,173.989,4
2BPBJe9D4sSYmidE1OX6FO,Правена в България,Djordan,3,0,12,BG,2025-06-11,47,False,180000,Правена в България,2025-05-22,0.701,0.86,0,-5.618,1,0.0996,0.124,0.0,0.284,0.74,168.069,4
3Ta7Nz7ZaaHe9wDlfOdwOe,Bum Lake Pare,"Adam, Mirela",4,0,5,BG,2025-06-11,55,False,173023,Bum Lake Pare,2025-03-02,0.714,0.903,11,-4.701,0,0.195,0.0221,0.0,0.214,0.898,171.972,4
2Exu33bEQ8U2ZSCwLXJ2I5,Мисли му,"Kiara, Monkey",5,0,-2,BG,2025-06-11,55,False,175813,Мисли му,2025-03-14,0.689,0.869,4,-4.285,0,0.058,0.0591,0.0,0.0317,0.653,171.907,4
7rpYxeb9bA0qUa4KdeIfS6,Май полудях,"SIMONA, Ivayla",6,5,4,BG,2025-06-11,52,False,176923,Май полудях,2025-03-20,0.734,0.928,6,-4.409,0,0.123,0.0472,0.0,0.306,0.873,155.981,4
6Rov6lAeKFILrSHmkUyvxw,22:22,Galena,7,-1,0,BG,2025-06-11,55,False,215918,22:22,2025-05-10,0.619,0.818,6,-6.939,1,0.132,0.0582,0.0,0.0928,0.571,146.906,4
1l3XkislBJaCvh7B2Lp2SD,RAZ DVA TRI,"V:RGO, Atanas Kolev",8,0,-4,BG,2025-06-11,54,True,149004,RAZ DVA TRI,2025-05-14,0.917,0.786,6,-4.222,1,0.141,0.0339,0.0,0.266,0.949,100.032,4
1lYu0w0V6kGnFhH4jq1ZtS,Only Fans,MBT,9,0,-3,BG,2025-06-11,55,True,157090,Dopamina,2025-05-05,0.909,0.539,8,-11.001,0,0.287,0.0575,1.57e-05,0.193,0.145,109.958,4
7G7mSV4BebkoHWwKTDvXu9,Winter Ahead (with PARK HYO SHIN),"V, Park Hyo Shin",10,29,-2,BG,2025-06-11,84,False,234895,Winter Ahead (with PARK HYO SHIN),2024-11-29,0.36,0.316,3,-9.954,1,0.0284,0.858,0.000212,0.23,0.229,76.844,3
0b2D7UMjaaIYJndNYBbdRU,Мераклия,Djordan,11,5,6,BG,2025-06-11,52,False,188780,Мераклия,2024-12-15,0.682,0.878,10,-4.562,1,0.0634,0.00302,0.0,0.03,0.681,164.049,4
3dZvjnXX0kBOdsiF3lboNJ,Milkyway,MBT,12,-2,0,BG,2025-06-11,53,True,165142,Dopamina,2025-05-05,0.792,0.561,0,-10.581,0,0.366,0.0226,0.0,0.12,0.559,104.918,4
36UkdnNAjc21ZoBJMp2EA6,Pandora,MBT,13,0,-2,BG,2025-06-11,54,True,156019,Dopamina,2025-05-05,0.948,0.505,1,-10.739,1,0.338,0.0508,2.13e-05,0.122,0.491,123.034,4
7tI8dRuH2Yc6RuoTjxo4dU,Who,Jimin,14,-7,-9,BG,2025-06-11,90,False,170887,MUSE,2024-07-19,0.66,0.756,0,-3.743,0,0.032,0.00289,0.0,0.193,0.838,116.034,4
0Ksj1ehwR3eJl6L3bB9VZk,Losha,Andrea,15,8,19,BG,2025-06-11,51,False,218468,Losha,2012-01-01,0.61,0.752,6,-6.829,0,0.0423,0.467,0.0819,0.904,0.617,94.985,4
7HunT1JA3wToGQD41HnDXc,"Звъня ти, ало",Galin,16,-1,-2,BG,2025-06-11,53,False,243130,"Звъня ти, ало",2025-03-27,0.694,0.877,7,-4.892,0,0.135,0.134,0.0,0.0939,0.52,114.982,4
5TjlAP414QjsGyni3HZa4H,Mi Amor,"Dessita, Djordan",17,0,5,BG,2025-06-11,51,False,198000,Mi Amor,2024-06-06,0.784,0.885,6,-5.721,1,0.0558,0.0481,0.0,0.0705,0.538,125.98,4
5muTWlhHQ2MjzTrEQB2MYg,Sinite ti ochi,Emanuela,18,-4,12,BG,2025-06-11,50,False,210374,Sinite ti ochi,2025-02-14,0.699,0.794,1,-4.782,1,0.11,0.135,0.0,0.138,0.793,160.018,4
653RTe2vklxgMHS2yfYWqo,Ministarat Na Veselieto,"Krisko, Lora Karajova, Bobo",19,2,26,BG,2025-06-11,50,False,206917,Ministarat Na Veselieto,2013-01-01,0.866,0.742,1,-4.182,1,0.0579,0.0889,0.0,0.243,0.737,100.026,4
7hHj8t02EJi2aFs4EoQJqu,Матурата,Lidia,20,9,-4,BG,2025-06-11,48,False,193793,Матурата,2025-04-30,0.645,0.907,9,-5.319,1,0.224,0.0341,0.0,0.116,0.697,173.967,4
542H35VsHuyhN1mBzDpAaT,Mazalyak,"Emanuela, Monkey",21,3,7,BG,2025-06-11,51,False,218181,Mazalyak,2024-12-04,0.668,0.899,0,-4.684,1,0.143,0.095,0.0,0.102,0.764,175.936,4
2keBOP6Rp3PfbLXrFjNDKq,088,"Martin, Mirela",22,-10,-3,BG,2025-06-11,47,False,161086,088,2024-09-12,0.772,0.806,1,-5.517,0,0.0745,0.133,0.0,0.119,0.798,137.945,4
3nppacUxD6iC4iycwtXLFJ,Fokusi,MBT,23,-5,-10,BG,2025-06-11,53,True,140000,Dopamina,2025-05-05,0.853,0.455,8,-9.823,1,0.485,0.045,1.44e-05,0.0869,0.311,138.004,4
21z8pee2qYV0SzbqQCb72g,Разкажи ѝ,Dessita,24,6,-3,BG,2025-06-11,52,False,211578,Разкажи ѝ,2025-01-24,0.688,0.869,1,-5.753,0,0.0555,0.0885,0.0,0.161,0.668,152.056,4
5nPbKG04fhLkIAjcPFaZq7,I Adore You (feat. Daecolm),"HUGEL, Topic, Arash, Daecolm",25,-3,0,BG,2025-06-11,89,False,214000,I Adore You (feat. Daecolm),2024-07-19,0.704,0.787,11,-6.751,0,0.0462,0.00926,0.00538,0.159,0.31,119.996,4
3cZTfGt9LFi9j4apzfvx0l,Налей,"Robi, Tino",26,0,18,BG,2025-06-11,48,False,163448,Налей,2025-04-22,0.8,0.525,3,-8.046,1,0.0542,0.13,0.0,0.0884,0.509,115.993,4
7qr5mzv5mvJjgeNorhxcEm,Кокона,Ilian Boyd,27,-2,-4,BG,2025-06-11,48,False,192972,Кокона,2025-05-02,0.819,0.932,8,-3.265,0,0.128,0.0789,0.0,0.126,0.95,147.991,4
67v4GN0tIrfPGosPzSyo2I,Къде си сега,Galin,28,-9,-1,BG,2025-06-11,49,False,197560,Къде си сега,2025-04-17,0.671,0.808,7,-5.096,1,0.147,0.21,0.0,0.0771,0.768,81.906,4
3dka3n7xJ9gPiqPhWPy4su,Окадар,"DJ Damyan, Emanuela",29,2,11,BG,2025-06-11,52,False,244090,Окадар,2024-05-26,0.615,0.89,6,-3.902,0,0.0982,0.0859,0.0,0.0544,0.826,176.095,4
5ydjxBSUIDn26MFzU3asP4,Rainy Days,V,30,20,-6,BG,2025-06-11,71,False,179560,Layover,2023-08-11,0.633,0.454,9,-8.016,0,0.0875,0.739,0.0,0.148,0.282,74.828,4
3Dv0uWv5LK9wewOrwaj3pb,Egati matskata,"Fiki, Sali Okka",31,-4,-11,BG,2025-06-11,49,False,171034,Egati matskata,2025-04-23,0.653,0.914,11,-5.167,0,0.141,0.127,6.74e-05,0.429,0.76,173.949,4
61PO2bzBunnLuxwyJt5eA9,Зиг-Заг,Galena,32,-4,18,BG,2025-06-11,48,False,168800,GALENAXX,2024-06-20,0.78,0.862,5,-3.473,1,0.0896,0.151,0.0,0.251,0.714,149.969,4
2yWlGEgEfPot0lv3OAjuG3,Just Keep Watching (From F1® The Movie),"Tate McRae, F1 The Album",33,2,-4,BG,2025-06-11,91,False,142550,Just Keep Watching (From F1® The Movie),2025-05-30,0.656,0.796,9,-5.856,0,0.113,0.0767,0.0,0.509,0.425,129.956,4
42UBPzRMh5yyz0EDPr6fr1,Manchild,Sabrina Carpenter,34,-2,16,BG,2025-06-11,89,True,213645,Manchild,2025-06-05,0.731,0.685,7,-5.087,1,0.0572,0.122,0.0,0.317,0.811,123.01,4
1BJJbSX6muJVF2AK7uH1x4,Move,"Adam Port, Stryv, Keinemusik, Orso, Malachiii",35,1,6,BG,2025-06-11,89,False,177598,Move,2024-06-07,0.727,0.782,8,-8.529,0,0.042,0.0563,0.336,0.225,0.655,119.992,4
7qQg0QPm4KoquSjo6rkzH4,Как,"Molec, Robi",36,-3,-4,BG,2025-06-11,49,False,180779,Как,2025-05-13,0.766,0.459,6,-4.874,0,0.167,0.719,0.0,0.135,0.772,76.943,4
2TKc0nGOVXS2ECxQGAMsZd,Биткойн кючек,"DJ Damyan, Monkey",37,-3,-11,BG,2025-06-11,51,False,198139,Биткойн кючек,2025-02-09,0.697,0.957,1,-2.919,1,0.226,0.0248,0.0,0.0658,0.871,171.984,4
7cMp1gzM4aSdbX6vJKmDh4,"Така съм аз, така си ти","Adam, Ivayla",38,8,5,BG,2025-06-11,48,False,172235,"Така съм аз, така си ти",2024-07-03,0.55,0.918,1,-5.954,1,0.157,0.0185,0.0,0.134,0.818,116.039,5
7FBNPUsn2musvsPGHRzSwN,MNOGO SI DOBRA,"Fiki, Costi",39,2,-3,BG,2025-06-11,47,False,203333,MNOGO SI DOBRA,2025-05-21,0.687,0.946,0,-2.901,0,0.236,0.194,3.06e-05,0.149,0.822,89.972,4
0QCIpQV3twfqo9kh0t8Zza,Shake It To The Max (FLY) - Remix,"MOLIY, Silent Addy, Skillibeng, Shenseea",40,-2,-7,BG,2025-06-11,93,True,178775,Shake It To The Max (FLY) (Remix),2025-02-21,0.856,0.548,0,-6.609,0,0.123,0.561,0.0,0.155,0.562,97.997,4
7gMfVc4zfNIxuMyMGglOHa,Rebirth (Intro),Jimin,41,-21,-23,BG,2025-06-11,76,False,144624,MUSE,2024-07-19,0.372,0.567,5,-4.211,0,0.0361,0.142,0.0,0.0871,0.0928,172.024,4
0FQVI0C86ASSO1TW4YIoUG,Бавария,"VANE$$A, Konstantin",42,-5,6,BG,2025-06-11,48,False,197030,Бавария,2023-11-18,0.683,0.958,5,-2.929,0,0.0804,0.303,7.81e-05,0.101,0.897,172.083,4
1fTNb11PK6Ode6hx4bC8pl,Нашата,"Galin, Lidia, Dessita, SIMONA, Adam, Costi",43,1,7,BG,2025-06-11,49,False,196000,Нашата,2022-07-01,0.654,0.909,5,-2.584,0,0.0611,0.0301,4.26e-06,0.121,0.86,180.04,4
4Rl34RU1EMpxsuxuHCpo1k,Chasat,"MBT, BM",44,-1,-13,BG,2025-06-11,51,True,181333,Dopamina,2025-05-05,0.716,0.544,0,-6.388,0,0.0811,0.0044,0.524,0.085,0.302,180.095,4
2RkZ5LkEzeHGRsmDqKwmaJ,Ordinary,Alex Warren,45,0,2,BG,2025-06-11,95,False,186964,"You'll Be Alright, Kid (Chapter 1)",2024-09-26,0.368,0.694,2,-6.141,1,0.06,0.704,6.59e-06,0.055,0.391,168.115,3
4zDHpQmJTbUfvdiFTXgF0j,JACKPOT,"V:RGO, Dimoff",46,4,-4,BG,2025-06-11,45,False,169833,JACKPOT,2025-05-28,0.886,0.854,2,-3.102,1,0.364,0.000759,0.0,0.0766,0.682,155.024,4
3xH6QvmqSbvQaN5iNqwZYn,Ne dalja nishto,Krisko,47,0,3,BG,2025-06-11,47,False,213472,Ne dalja nishto,2012-01-01,0.724,0.814,7,-3.954,1,0.113,0.116,0.0,0.103,0.934,167.975,4
0uoFYncPoFjOb7uU33yyl0,AMG Isteria,"Tedi Aleksandrova, Silver",48,0,2,BG,2025-06-11,49,False,240000,AMG Isteria,2024-08-16,0.691,0.818,5,-5.593,0,0.124,0.0248,0.0,0.0853,0.673,174.116,4
42z5ag3XE4nIApxnqnRCCO,"Бом, Бом",Djordan,49,1,1,BG,2025-06-11,49,False,178356,"Бом, Бом",2024-07-24,0.737,0.924,5,-2.998,0,0.0674,0.0219,0.0,0.0822,0.869,145.979,4
1ZNaBYL73COjUVvINlKPlV,Влака,"VANE$$A, Konstantin",50,0,0,BG,2025-06-11,47,False,174352,Влака,2024-12-15,0.683,0.954,5,-1.381,0,0.156,0.0659,1.74e-05,0.127,0.881,169.967,4
2RkZ5LkEzeHGRsmDqKwmaJ,Ordinary,Alex Warren,1,0,2,BE,2025-06-11,95,False,186964,"You'll Be Alright, Kid (Chapter 1)",2024-09-26,0.368,0.694,2,-6.141,1,0.06,0.704,6.59e-06,0.055,0.391,168.115,3
6nkFbmDY84a9rejFSbIMdj,Impardonnable,Damso,2,1,-1,BE,2025-06-11,80,True,190373,BĒYĀH,2025-05-30,0.643,0.648,5,-7.307,0,0.125,0.205,1.51e-06,0.126,0.64,187.577,3
2t5LPLptBemV0W8IGLBLju,KYKY2BONDY,Hamza,3,-1,-1,BE,2025-06-11,87,True,137173,KYKY2BONDY,2025-05-02,0.906,0.402,0,-8.708,0,0.474,0.075,0.0,0.118,0.746,140.103,4
7heoPFrtuH6JU6AcfzjWHp,Pa Pa Paw,"Damso, SARAH SEY",4,3,0,BE,2025-06-11,77,True,215813,BĒYĀH,2025-05-30,0.804,0.608,8,-6.753,0,0.209,0.212,0.000132,0.144,0.359,127.023,4
6zdmJ79GtRfpJJdaDPECYm,Atlas,Pommelien Thijs,5,-1,1,BE,2025-06-11,78,False,180013,Atlas,2025-03-21,0.732,0.558,7,-6.816,1,0.124,0.49,0.0,0.0909,0.637,119.999,4
6ctcVdXaJKn5LVFDjMBqzc,Paris,Nono La Grinta,6,3,3,BE,2025-06-11,82,True,172259,Paris,2025-04-02,0.831,0.854,5,-5.52,0,0.0967,0.12,0.0,0.147,0.358,124.003,4
2uBKQbVcw8G9m34lGYM6VA,NINAO,GIMS,7,-1,5,BE,2025-06-11,80,False,167813,LE NORD SE SOUVIENT : L'ODYSSÉE,2025-02-20,0.805,0.57,7,-9.007,0,0.101,0.175,3.38e-06,0.115,0.867,122.984,4
35ISBknsCeZQtq66xABI9g,Messy,Lola Young,8,-3,2,BE,2025-06-11,89,True,284066,This Wasn't Meant For You Anyway,2024-06-21,0.798,0.562,9,-5.913,1,0.0375,0.11,0.00606,0.122,0.647,110.991,4
0GRc3eGTg8HBdWLRGYgqIc,Azizam,Ed Sheeran,9,-1,2,BE,2025-06-11,92,False,162029,Azizam,2025-04-04,0.663,0.899,6,-5.103,1,0.0473,0.00255,0.0,0.065,0.876,127.998,4
5ITV0zqzjOYfFWpW0xBmRa,Show Me Love,"WizTheMc, bees & honey",10,0,3,BE,2025-06-11,94,False,176965,Show Me Love,2025-02-07,0.714,0.691,1,-7.333,1,0.0434,0.0212,0.000292,0.111,0.155,107.15,4
4WFgvKVfEhb3IUAFGrutTR,Love Me Not,Ravyn Lenae,11,0,15,BE,2025-06-11,91,False,213466,Bird's Eye,2024-08-09,0.779,0.731,0,-6.176,1,0.0306,0.296,0.0,0.128,0.814,114.001,4
7sGKXFxcDp0SD1hDk6rWH4,Love is blind,Damso,12,3,-7,BE,2025-06-11,76,True,200706,BĒYĀH,2025-05-30,0.774,0.503,8,-7.733,0,0.0504,0.371,3.4e-05,0.237,0.331,123.032,4
0FTmksd2dxiE5e3rWyJXs6,back to friends,sombr,13,-1,17,BE,2025-06-11,98,False,199032,back to friends,2024-12-27,0.436,0.723,1,-2.291,1,0.0301,9.37e-05,8.82e-05,0.0929,0.235,92.855,4
2yWlGEgEfPot0lv3OAjuG3,Just Keep Watching (From F1® The Movie),"Tate McRae, F1 The Album",14,7,0,BE,2025-06-11,91,False,142550,Just Keep Watching (From F1® The Movie),2025-05-30,0.656,0.796,9,-5.856,0,0.113,0.0767,0.0,0.509,0.425,129.956,4
4oVMLxxYpQLYx8gx4JjuuY,SPIDER,"GIMS, DYSTINCT",15,5,13,BE,2025-06-11,80,False,188818,LE NORD SE SOUVIENT,2024-09-13,0.823,0.691,9,-7.322,0,0.197,0.0774,1.73e-06,0.1,0.707,119.96,4
1HCJ5RO87crtux9fWtXvDQ,JCVDEMS,Damso,16,13,-9,BE,2025-06-11,76,True,228573,BĒYĀH,2025-05-30,0.872,0.464,1,-8.904,0,0.277,0.134,0.0,0.12,0.408,119.007,4
7jtQIBanIiJOMS6RyCx6jZ,Another Love,Tom Odell,17,33,33,BE,2025-06-11,67,True,244360,Long Way Down,2013-06-17,0.442,0.538,4,-8.55,0,0.0451,0.717,2.95e-05,0.09,0.139,122.758,4
4AajxCEwGEsmHmT4H1TwjY,undressed,sombr,18,0,3,BE,2025-06-11,96,False,182088,undressed,2025-03-21,0.642,0.887,0,-3.883,1,0.0406,0.137,0.0,0.0829,0.888,115.999,4
3hRV0jL3vUpRrcy398teAU,The Night We Met,Lord Huron,19,31,31,BE,2025-06-11,92,False,208211,Strange Trails,2015-04-06,0.448,0.369,9,-9.514,1,0.0452,0.968,0.272,0.638,0.0998,174.097,3
3xkHsmpQCBMytMJNiDf3Ii,Beautiful Things,Benson Boone,20,-1,12,BE,2025-06-11,93,False,180304,Fireworks & Rollerblades,2024-04-05,0.472,0.471,10,-5.692,1,0.0603,0.151,0.0,0.14,0.219,105.029,3
4wJ5Qq0jBN4ajy7ouZIV1c,APT.,"ROSÉ, Bruno Mars",21,-8,4,BE,2025-06-11,89,False,169917,rosie,2024-12-06,0.777,0.783,0,-4.477,0,0.26,0.0283,0.0,0.355,0.939,149.027,4
26AJYfDkqXUTOXLW7fYOZO,Magic (feat. I.A.),"Damso, I.A.",22,13,-14,BE,2025-06-11,75,True,180360,BĒYĀH,2025-05-30,0.65,0.625,3,-6.439,0,0.0613,0.195,0.000368,0.101,0.606,190.001,4
7ne4VBA60CxGM75vw0EYad,That’s So True,Gracie Abrams,23,2,1,BE,2025-06-11,96,True,166300,The Secret of Us (Deluxe),2024-10-18,0.554,0.808,1,-4.169,1,0.0368,0.214,0.0,0.159,0.372,108.548,4
4GB4R2CJe5kLrjWTusDR8p,Los Angeles,Siaka,24,2,3,BE,2025-06-11,79,False,185693,Los Angeles,2021-11-29,0.79,0.575,3,-9.229,0,0.283,0.767,2.82e-06,0.109,0.444,137.108,4
7so0lgd0zP2Sbgs2d7a1SZ,Die With A Smile,"Lady Gaga, Bruno Mars",25,-2,6,BE,2025-06-11,91,False,251667,MAYHEM,2025-03-07,0.519,0.601,6,-7.727,0,0.0317,0.289,0.0,0.126,0.498,157.964,3
6CRb7rnmx8Mqrb8cpixcVi,Mia,"SEYSEY, BOLEMVN",26,5,-7,BE,2025-06-11,76,True,179757,Mia,2023-06-23,0.655,0.821,7,-5.372,0,0.0445,0.765,0.00891,0.0924,0.666,105.059,3
0QCIpQV3twfqo9kh0t8Zza,Shake It To The Max (FLY) - Remix,"MOLIY, Silent Addy, Skillibeng, Shenseea",27,0,8,BE,2025-06-11,93,True,178775,Shake It To The Max (FLY) (Remix),2025-02-21,0.856,0.548,0,-6.609,0,0.123,0.561,0.0,0.155,0.562,97.997,4
4zpNfuWJA3K4d9TS4qnOIB,Espresso Macchiato,Tommy Cash,28,22,22,BE,2025-06-11,84,False,173746,Espresso Macchiato,2024-12-07,0.682,0.699,4,-6.168,0,0.045,0.0116,9.82e-06,0.135,0.697,119.889,4
42UBPzRMh5yyz0EDPr6fr1,Manchild,Sabrina Carpenter,29,3,21,BE,2025-06-11,89,True,213645,Manchild,2025-06-05,0.731,0.685,7,-5.087,1,0.0572,0.122,0.0,0.317,0.811,123.01,4
4TwEdnSiTPDR1vg1QZ5K8W,Beautiful People,"David Guetta, Sia",30,-8,-7,BE,2025-06-11,87,False,187086,Beautiful People,2025-03-07,0.739,0.761,9,-5.39,0,0.0904,0.107,0.0,0.131,0.417,127.033,4
1RiCNSkK4AfT1j8ZM4JnVs,CIEL,GIMS,31,-7,2,BE,2025-06-11,78,False,186461,LE NORD SE SOUVIENT,2024-09-13,0.797,0.605,4,-9.587,0,0.0769,0.129,0.0,0.13,0.874,129.933,4
6dOtVTDdiauQNBQEDOtlAB,BIRDS OF A FEATHER,Billie Eilish,32,-2,6,BE,2025-06-11,100,False,210373,HIT ME HARD AND SOFT,2024-05-17,0.747,0.507,2,-10.171,1,0.0358,0.2,0.0608,0.117,0.438,104.978,4
3SBBYSbzkLvx96bKzneYsF,Melrose Place,"KeBlack, Guy2Bezbar",33,0,-11,BE,2025-06-11,78,True,156676,Focus Mentalité,2025-04-04,0.603,0.782,6,-5.86,0,0.165,0.0319,0.0,0.0452,0.497,121.029,4
58rVY9wmIYBOzdLXygVs6i,Mood,KeBlack,34,2,16,BE,2025-06-11,76,True,171537,Focus,2024-11-22,0.752,0.694,11,-7.437,0,0.117,0.151,0.0713,0.132,0.696,127.045,4
3LPLRNr58Z9Pn0clnEtkXb,Anxiety,Doechii,35,-7,4,BE,2025-06-11,85,True,249302,Alligator Bites Never Heal (Extended),2025-03-14,0.807,0.596,0,-6.818,1,0.0394,0.321,0.000294,0.105,0.881,129.013,4
1sccu8ze6ETRiNbNH9pj5N,SOIS PAS TIMIDE,GIMS,36,2,11,BE,2025-06-11,78,False,165978,LE NORD SE SOUVIENT,2024-09-13,0.917,0.658,1,-7.253,1,0.0933,0.0896,9.78e-06,0.0733,0.795,127.936,4
2gkgXcvs3tQvUecGcy3IFO,Frère,Damso,37,13,-22,BE,2025-06-11,73,True,165800,BĒYĀH,2025-05-30,0.783,0.457,5,-8.015,1,0.402,0.191,1.56e-05,0.126,0.401,124.606,4
5nPbKG04fhLkIAjcPFaZq7,I Adore You (feat. Daecolm),"HUGEL, Topic, Arash, Daecolm",38,-4,-1,BE,2025-06-11,89,False,214000,I Adore You (feat. Daecolm),2024-07-19,0.704,0.787,11,-6.751,0,0.0462,0.00926,0.00538,0.159,0.31,119.996,4
78nx0HDJIFD5xDq2L5420Z,Blessings,"Calvin Harris, Clementine Douglas",39,4,5,BE,2025-06-11,89,False,219650,Blessings,2025-05-09,0.721,0.875,11,-4.125,0,0.0557,0.0022,0.0285,0.0888,0.642,129.913,4
2uXlHCUbq9OMUwx3hrk06o,Riptide,Vance Joy,40,-3,10,BE,2025-06-11,87,False,204280,Dream Your Life Away (Deluxe Edition),2014-08-05,0.483,0.731,1,-6.696,1,0.0381,0.436,0.0,0.151,0.484,101.654,4
3RTNVjAZmNJ6dIwqP5vbOj,Qui m’a demandé,Damso,41,9,-24,BE,2025-06-11,73,True,211893,BĒYĀH,2025-05-30,0.689,0.548,10,-7.346,0,0.0619,0.177,2.39e-05,0.0831,0.741,169.852,4
0D0np8Odu1PNamKfajA6AX,Afro Trap Pt. 3 (Champions League),MHD,42,8,7,BE,2025-06-11,77,True,137133,MHD,2016-04-15,0.962,0.726,10,-5.697,1,0.4,0.152,0.0,0.0654,0.566,123.066,4
4liOLSxxEllQ61qaR4pFJL,Pélican,L2B,43,3,7,BE,2025-06-11,75,True,165653,Nés Pour Briller : Book I,2025-02-20,0.825,0.554,5,-9.631,0,0.395,0.239,0.0,0.0459,0.763,93.021,3
3QaPy1KgI7nu9FJEQUgn6h,WILDFLOWER,Billie Eilish,44,-3,6,BE,2025-06-11,96,False,261466,HIT ME HARD AND SOFT,2024-05-17,0.467,0.247,6,-12.002,0,0.0431,0.612,0.000271,0.17,0.126,148.101,4
3x3K1RP3Zfi2qeMR8kyrNO,Sorry I'm Here For Someone Else,Benson Boone,45,-6,5,BE,2025-06-11,91,False,156582,Sorry I'm Here For Someone Else,2025-02-27,0.533,0.758,2,-4.613,1,0.034,0.0437,0.0,0.16,0.515,149.719,4
3iqcqAwtnurPNJAcvwVIyt,Mimi,Jul,46,1,-5,BE,2025-06-11,82,True,219293,D&P à vie,2025-04-25,0.718,0.894,8,-4.347,0,0.0551,0.0218,0.000185,0.0903,0.725,109.67,4
1BJJbSX6muJVF2AK7uH1x4,Move,"Adam Port, Stryv, Keinemusik, Orso, Malachiii",47,-5,3,BE,2025-06-11,89,False,177598,Move,2024-06-07,0.727,0.782,8,-8.529,0,0.042,0.0563,0.336,0.225,0.655,119.992,4
2LHNTC9QZxsL3nWpt8iaSR,Abracadabra,Lady Gaga,48,-8,2,BE,2025-06-11,88,False,223398,MAYHEM,2025-03-07,0.679,0.906,10,-3.443,0,0.0632,0.0119,0.0,0.229,0.652,126.01,4
21IYMdzTrzSe191Cy5eMap,Sailor Song,Gigi Perez,49,-4,1,BE,2025-06-11,89,False,211978,"At The Beach, In Every Life",2025-04-25,0.499,0.392,11,-10.441,1,0.0262,0.627,7.1e-05,0.192,0.272,95.076,4
0qmhTHMVxnXRmT5N92wTD9,Bloodline (with Jelly Roll),"Alex Warren, Jelly Roll",50,0,-2,BE,2025-06-11,90,False,182008,Bloodline (with Jelly Roll),2025-05-22,0.621,0.779,4,-6.346,0,0.056,0.255,0.0,0.0683,0.513,127.925,4
2RkZ5LkEzeHGRsmDqKwmaJ,Ordinary,Alex Warren,1,0,0,AU,2025-06-11,95,False,186964,"You'll Be Alright, Kid (Chapter 1)",2024-09-26,0.368,0.694,2,-6.141,1,0.06,0.704,6.59e-06,0.055,0.391,168.115,3
4AajxCEwGEsmHmT4H1TwjY,undressed,sombr,2,0,0,AU,2025-06-11,96,False,182088,undressed,2025-03-21,0.642,0.887,0,-3.883,1,0.0406,0.137,0.0,0.0829,0.888,115.999,4
42UBPzRMh5yyz0EDPr6fr1,Manchild,Sabrina Carpenter,3,0,47,AU,2025-06-11,89,True,213645,Manchild,2025-06-05,0.731,0.685,7,-5.087,1,0.0572,0.122,0.0,0.317,0.811,123.01,4
0FTmksd2dxiE5e3rWyJXs6,back to friends,sombr,4,0,-1,AU,2025-06-11,98,False,199032,back to friends,2024-12-27,0.436,0.723,1,-2.291,1,0.0301,9.37e-05,8.82e-05,0.0929,0.235,92.855,4
4WFgvKVfEhb3IUAFGrutTR,Love Me Not,Ravyn Lenae,5,0,-1,AU,2025-06-11,91,False,213466,Bird's Eye,2024-08-09,0.779,0.731,0,-6.176,1,0.0306,0.296,0.0,0.128,0.814,114.001,4
2yWlGEgEfPot0lv3OAjuG3,Just Keep Watching (From F1® The Movie),"Tate McRae, F1 The Album",6,0,-1,AU,2025-06-11,91,False,142550,Just Keep Watching (From F1® The Movie),2025-05-30,0.656,0.796,9,-5.856,0,0.113,0.0767,0.0,0.509,0.425,129.956,4
6dOtVTDdiauQNBQEDOtlAB,BIRDS OF A FEATHER,Billie Eilish,7,1,-1,AU,2025-06-11,100,False,210373,HIT ME HARD AND SOFT,2024-05-17,0.747,0.507,2,-10.171,1,0.0358,0.2,0.0608,0.117,0.438,104.978,4
04emojnbYkrRmv5qtJcgVP,What I Want (feat. Tate McRae),"Morgan Wallen, Tate McRae",8,1,0,AU,2025-06-11,92,False,184517,I’m The Problem,2025-05-16,0.657,0.699,9,-3.92,1,0.0262,0.639,0.0,0.148,0.495,115.998,4
7ne4VBA60CxGM75vw0EYad,That’s So True,Gracie Abrams,9,2,-2,AU,2025-06-11,96,True,166300,The Secret of Us (Deluxe),2024-10-18,0.554,0.808,1,-4.169,1,0.0368,0.214,0.0,0.159,0.372,108.548,4
17phhZDn6oGtzMe56NuWvj,Lose Control,Teddy Swims,10,0,2,AU,2025-06-11,92,False,210688,I've Tried Everything But Therapy (Part 1),2023-09-15,0.561,0.604,9,-4.409,1,0.0337,0.199,1.9e-05,0.104,0.242,159.92,3
3xkHsmpQCBMytMJNiDf3Ii,Beautiful Things,Benson Boone,11,1,2,AU,2025-06-11,93,False,180304,Fireworks & Rollerblades,2024-04-05,0.472,0.471,10,-5.692,1,0.0603,0.151,0.0,0.14,0.219,105.029,3
6393yGahSJ9slVdOwSxOVR,Pink Pony Club,Chappell Roan,12,-5,-3,AU,2025-06-11,88,False,258034,The Rise and Fall of a Midwest Princess,2023-09-21,0.61,0.65,6,-6.199,1,0.0474,0.399,0.0,0.11,0.507,106.719,4
6Qyc6fS4DsZjB2mRW9DsQs,Iris,The Goo Goo Dolls,13,0,3,AU,2025-06-11,94,False,289533,Dizzy up the Girl,1998-01-01,0.315,0.715,11,-8.072,0,0.0362,0.00125,7.97e-06,0.0942,0.497,155.925,3
7so0lgd0zP2Sbgs2d7a1SZ,Die With A Smile,"Lady Gaga, Bruno Mars",14,0,-3,AU,2025-06-11,91,False,251667,MAYHEM,2025-03-07,0.519,0.601,6,-7.727,0,0.0317,0.289,0.0,0.126,0.498,157.964,3
0ofHAoxe9vBkTCp2UQIavz,Dreams - 2004 Remaster,Fleetwood Mac,15,0,5,AU,2025-06-11,91,False,257800,Rumours (Super Deluxe),1977-02-04,0.828,0.492,0,-9.744,1,0.0276,0.0644,0.00428,0.128,0.789,120.151,4
2CGNAOSuO1MEFCbBRgUzjd,luther (with sza),"Kendrick Lamar, SZA",16,1,-2,AU,2025-06-11,92,False,177598,GNX,2024-11-21,0.707,0.575,2,-7.546,1,0.125,0.251,0.0,0.248,0.576,138.008,4
2FAZskT9yRjp2Oow9szJD8,The Days - NOTION Remix,"Chrystal, NOTION",17,1,-2,AU,2025-06-11,92,False,233229,The Days (NOTION Remix),2024-11-08,0.62,0.843,6,-5.321,0,0.0844,0.0062,4.63e-06,0.55,0.237,137.812,4
0qmhTHMVxnXRmT5N92wTD9,Bloodline (with Jelly Roll),"Alex Warren, Jelly Roll",18,2,-8,AU,2025-06-11,90,False,182008,Bloodline (with Jelly Roll),2025-05-22,0.621,0.779,4,-6.346,0,0.056,0.255,0.0,0.0683,0.513,127.925,4
5fZJQrFKWQLb7FpJXZ1g7K,A Bar Song (Tipsy),Shaboozey,19,0,3,AU,2025-06-11,86,True,171291,"Where I've Been, Isn't Where I'm Going",2024-05-31,0.722,0.706,9,-4.857,1,0.0292,0.072,0.0,0.067,0.599,80.969,4
21IYMdzTrzSe191Cy5eMap,Sailor Song,Gigi Perez,20,1,-1,AU,2025-06-11,89,False,211978,"At The Beach, In Every Life",2025-04-25,0.499,0.392,11,-10.441,1,0.0262,0.627,7.1e-05,0.192,0.272,95.076,4
4wJ5Qq0jBN4ajy7ouZIV1c,APT.,"ROSÉ, Bruno Mars",21,-5,0,AU,2025-06-11,89,False,169917,rosie,2024-12-06,0.777,0.783,0,-4.477,0,0.26,0.0283,0.0,0.355,0.939,149.027,4
2u9S9JJ6hTZS3Vf22HOZKg,NOKIA,Drake,22,0,-4,AU,2025-06-11,94,True,241023,$ome $exy $ongs 4 U,2025-02-14,0.537,0.727,5,-4.184,1,0.15,0.247,0.0,0.173,0.508,106.037,4
5IZXB5IKAD2qlvTPJYDCFB,I Had Some Help (Feat. Morgan Wallen),"Post Malone, Morgan Wallen",23,3,4,AU,2025-06-11,88,True,178205,F-1 Trillion,2024-08-15,0.644,0.874,0,-4.723,1,0.0265,0.0113,0.0,0.227,0.753,128.017,4
7u7IqryLFAygWFz6bsEB7y,Blue Strips,Jessie Murph,24,1,2,AU,2025-06-11,89,False,147209,Blue Strips,2025-04-11,0.646,0.653,1,-4.132,1,0.0392,0.294,0.0,0.0968,0.235,133.936,4
35ISBknsCeZQtq66xABI9g,Messy,Lola Young,25,-2,-2,AU,2025-06-11,89,True,284066,This Wasn't Meant For You Anyway,2024-06-21,0.798,0.562,9,-5.913,1,0.0375,0.11,0.00606,0.122,0.647,110.991,4
3GCdLUSnKSMJhs4Tj6CV3s,All The Stars (with SZA),"Kendrick Lamar, SZA",26,-2,-9,AU,2025-06-11,94,True,232186,Black Panther The Album Music From And Inspired By,2018-02-09,0.695,0.633,8,-4.946,1,0.0599,0.0612,0.000195,0.0926,0.557,96.782,4
3WMj8moIAXJhHsyLaqIIHI,Something in the Orange,Zach Bryan,27,2,11,AU,2025-06-11,87,False,228013,Something in the Orange,2022-04-22,0.369,0.192,4,-12.151,0,0.04,0.555,8.35e-06,0.0954,0.148,175.212,3
5UJbgR4XF4y1DvbkxEqe8S,Sports car,Tate McRae,28,-1,-4,AU,2025-06-11,89,False,165045,So Close To What,2025-02-20,0.861,0.815,11,-3.672,0,0.0349,0.0505,0.00139,0.1,0.886,106.978,4
1wOp7yTVyH176bW1z9WAiv,Carry You Home,Alex Warren,29,6,4,AU,2025-06-11,88,False,166880,"You'll Be Alright, Kid (Chapter 1)",2024-09-26,0.525,0.66,10,-7.094,1,0.111,0.468,3.3e-06,0.128,0.458,123.787,4
4KULAymBBJcPRpk1yO4dOG,I Remember Everything (feat. Kacey Musgraves),"Zach Bryan, Kacey Musgraves",30,1,5,AU,2025-06-11,88,False,227195,Zach Bryan,2023-08-25,0.429,0.453,0,-7.746,1,0.0459,0.554,2e-06,0.102,0.155,77.639,4
0WbMK4wrZ1wFSty9F7FCgu,"Good Luck, Babe!",Chappell Roan,31,3,-3,AU,2025-06-11,94,False,218423,"Good Luck, Babe!",2024-04-05,0.7,0.582,11,-5.96,0,0.0356,0.0502,0.0,0.0881,0.785,116.712,4
2RdEC8Ff83WkX7kDVCHseE,party 4 u,Charli xcx,32,-4,-7,AU,2025-06-11,93,False,296653,how i'm feeling now,2020-05-15,0.579,0.522,1,-8.393,1,0.0993,0.761,1.41e-05,0.655,0.245,79.453,4
7B3BwNecBhKvNwSMOOl7Gk,Fame is a Gun,Addison Rae,33,-1,17,AU,2025-06-11,76,False,183237,Addison,2025-06-06,0.692,0.399,3,-7.325,0,0.035,0.165,0.00109,0.1,0.411,137.976,4
3BntzKsnLf2pc0dsvE3Zav,Bad Dreams,Teddy Swims,34,-1,-5,AU,2025-06-11,89,False,184577,I've Tried Everything But Therapy (Part 2),2025-01-24,0.707,0.68,8,-6.203,1,0.0884,0.274,0.0,0.0932,0.62,125.058,4
19XpFsce28aByvCC4g89tJ,Too Sweet,Hozier,35,15,6,AU,2025-06-11,87,False,251424,Unreal Unearth: Unaired,2024-08-19,0.74,0.643,10,-5.446,1,0.0413,0.041,0.00229,0.0407,0.96,117.025,4
221eHga9f9Ne4f8D7WVgPT,Mystical Magical,Benson Boone,36,-6,-2,AU,2025-06-11,92,False,165746,Mystical Magical,2025-04-24,0.671,0.697,11,-3.851,1,0.116,0.19,0.0,0.393,0.848,119.867,4
5G2f63n7IPVPPjfNIGih7Q,Taste,Sabrina Carpenter,37,3,-1,AU,2025-06-11,92,False,157279,Short n' Sweet,2024-08-23,0.674,0.907,3,-4.086,1,0.064,0.101,0.0,0.297,0.721,112.964,4
2HRqTpkrJO5ggZyyK6NPWz,Espresso,Sabrina Carpenter,38,-2,1,AU,2025-06-11,91,True,175459,Short n' Sweet,2024-08-23,0.699,0.776,0,-5.282,1,0.0293,0.131,5.36e-06,0.205,0.708,103.963,4
3QaPy1KgI7nu9FJEQUgn6h,WILDFLOWER,Billie Eilish,39,-1,-9,AU,2025-06-11,96,False,261466,HIT ME HARD AND SOFT,2024-05-17,0.467,0.247,6,-12.002,0,0.0431,0.612,0.000271,0.17,0.126,148.101,4
003vvx7Niy0yvhvHt4a68B,Mr. Brightside,The Killers,40,1,-3,AU,2025-06-11,90,False,222973,Hot Fuss,2004-01-01,0.352,0.911,1,-5.23,1,0.0747,0.00121,0.0,0.0995,0.236,148.033,4
1KZG1H1OCugGqIRmk1wF9m,Indigo (feat. Avery Anna),"Sam Barber, Avery Anna",41,-2,-1,AU,2025-06-11,87,False,286634,Restless Mind,2024-11-01,0.495,0.327,4,-9.921,0,0.0281,0.462,2.74e-05,0.1,0.101,82.937,3
3Vr3zh0r7ALn8VLqCiRR10,Stargazing,Myles Smith,42,2,-11,AU,2025-06-11,91,False,172533,Stargazing,2024-05-10,0.635,0.601,1,-6.129,0,0.0295,0.246,0.0,0.11,0.332,123.994,4
541sN2qNfIlllGn9nGOQoC,Revolving door,Tate McRae,43,-6,-11,AU,2025-06-11,91,True,180032,So Close To What,2025-02-21,0.452,0.737,6,-6.22,1,0.27,0.354,0.0,0.105,0.179,147.822,4
6KFQdIB3njXBQNcg1xUh9U,One Thing,Lola Young,44,-1,6,AU,2025-06-11,86,True,208829,One Thing,2025-05-16,0.751,0.663,5,-6.456,0,0.0443,0.0875,0.0143,0.091,0.921,98.029,4
3x3K1RP3Zfi2qeMR8kyrNO,Sorry I'm Here For Someone Else,Benson Boone,45,1,-3,AU,2025-06-11,91,False,156582,Sorry I'm Here For Someone Else,2025-02-27,0.533,0.758,2,-4.613,1,0.034,0.0437,0.0,0.16,0.515,149.719,4
4ZJ4vzLQekI0WntDbanNC7,Pink Skies,Zach Bryan,46,1,-1,AU,2025-06-11,88,False,194920,Pink Skies,2024-05-24,0.525,0.488,0,-6.909,1,0.038,0.191,5.14e-05,0.135,0.253,84.999,4
7G7tgVYORlDuVprcYHuFJh,Don't Dream It's Over,Crowded House,47,3,3,AU,2025-06-11,83,False,236933,Crowded House,1986-01-01,0.439,0.421,8,-17.227,1,0.0411,0.0148,4.88e-05,0.0697,0.551,81.833,4
7gKxCvTDWwV9wBhdeBbr3l,Nice To Each Other,Olivia Dean,48,0,2,AU,2025-06-11,79,False,209000,Nice To Each Other,2025-05-30,0.761,0.737,0,-6.869,1,0.049,0.406,0.00166,0.364,0.738,131.998,4
3AJwUDP919kvQ9QcozQPxg,Yellow,Coldplay,49,1,1,AU,2025-06-11,93,False,266773,Parachutes,2000-07-10,0.429,0.661,11,-7.227,1,0.0281,0.00239,0.000121,0.234,0.285,173.372,4
5fVZC9GiM4e8vu99W0Xf6J,How to Save a Life,The Fray,50,0,0,AU,2025-06-11,87,False,262533,How To Save A Life,2005-09-13,0.64,0.743,10,-4.08,1,0.0379,0.269,0.0,0.101,0.361,122.035,4
4PopABdZyZ9FXF8oJf5Pxa,Tec-9,"Jala Brat, Buba Corelli",1,17,49,AT,2025-06-11,65,False,156666,Roze Suze,2025-06-06,0.83,0.638,5,-7.256,0,0.116,0.219,4.4e-06,0.157,0.599,125.973,4
4IPLxGA6rQX7QgcvVAMadK,Numb,"Jala Brat, Buba Corelli, Rick Ross",2,48,48,AT,2025-06-11,62,False,187741,Roze Suze,2025-06-06,0.726,0.694,9,-6.018,0,0.0533,0.137,0.0,0.093,0.168,155.021,4
2RkZ5LkEzeHGRsmDqKwmaJ,Ordinary,Alex Warren,3,-2,-2,AT,2025-06-11,95,False,186964,"You'll Be Alright, Kid (Chapter 1)",2024-09-26,0.368,0.694,2,-6.141,1,0.06,0.704,6.59e-06,0.055,0.391,168.115,3
3cmfbLQkCBkyAxVNlApBsP,BOTTEGA,RAF Camora,4,-2,46,AT,2025-06-11,71,False,145023,BOTTEGA,2025-06-06,0.773,0.737,2,-6.867,1,0.0877,0.0999,8.2e-06,0.09,0.169,95.984,4
5cUrGKBu1MQ1eKd41W9PuF,6 Ujutru,"Jala Brat, Buba Corelli, Teodora",5,45,45,AT,2025-06-11,61,False,128910,Roze Suze,2025-06-06,0.79,0.728,11,-5.856,0,0.0457,0.071,0.000697,0.097,0.459,100.988,4
6ZCwpYWGvitQKTPNO32I2q,Roze suze,"Jala Brat, Buba Corelli",6,44,44,AT,2025-06-11,63,False,167796,Roze Suze,2025-06-06,0.932,0.495,1,-6.373,1,0.149,0.0821,4.19e-06,0.097,0.742,118.013,4
7iOadzb2kNGSR0vuZk1DD9,Tutto Bene,"Dardan, Morad",7,-2,43,AT,2025-06-11,72,True,219733,Tutto Bene,2025-06-06,0.773,0.889,5,-4.601,0,0.0507,0.23,0.0,0.227,0.803,119.994,4
1E7xmNFzqkkh1DMwBomBg3,Wenn das Liebe ist,Nina Chuba,8,-1,-6,AT,2025-06-11,78,False,164991,Wenn das Liebe ist,2025-05-30,0.749,0.754,5,-4.695,0,0.0288,0.0399,0.000343,0.165,0.804,129.018,4
6YFNhYf7A33biVmMG1JSQf,AKON,Jazeek,9,-6,-4,AT,2025-06-11,83,True,138354,MOST VALUABLE PLAYA,2025-03-28,0.956,0.674,7,-7.476,0,0.076,0.129,0.0,0.0824,0.852,120.042,4
1JjHQ4lfAjbDq7wmOmH9wM,Shabab(e)s im VIP,"Pashanim, Ceren",10,-6,-6,AT,2025-06-11,85,True,115555,grünewürfelflow,2025-04-30,0.746,0.598,11,-10.112,0,0.133,0.0239,0.0126,0.0988,0.537,134.994,4
2yWlGEgEfPot0lv3OAjuG3,Just Keep Watching (From F1® The Movie),"Tate McRae, F1 The Album",11,-2,-3,AT,2025-06-11,91,False,142550,Just Keep Watching (From F1® The Movie),2025-05-30,0.656,0.796,9,-5.856,0,0.113,0.0767,0.0,0.509,0.425,129.956,4
1prNhzt3DdgRoxKoALTEYo,tau mich auf,Zartmann,12,-6,-6,AT,2025-06-11,75,False,110902,schönhauser EP,2025-04-04,0.888,0.791,2,-7.766,1,0.0992,0.256,2.42e-06,0.183,0.821,124.981,4
4uFOYZtzKEJElfzpbqbk6N,CONNECTED,"RAF Camora, reezy",13,-2,-10,AT,2025-06-11,80,False,158012,CONNECTED,2025-05-16,0.421,0.818,6,-6.083,0,0.273,0.326,0.155,0.166,0.532,186.926,3
1EDPVGbyPKJPeGqATwXZvN,The Emptiness Machine,Linkin Park,14,1,-1,AT,2025-06-11,85,True,190427,From Zero,2024-11-15,0.466,0.872,7,-3.344,1,0.0336,0.0156,0.0,0.121,0.806,184.115,4
3zadSXykCJFdmRKxsfOQ2h,DRAGO AUGUSTINO,"Tream, treamiboii",15,5,35,AT,2025-06-11,68,False,157402,DRAGO AUGUSTINO,2025-06-05,0.708,0.881,10,-5.947,0,0.118,0.107,0.0,0.0912,0.687,153.966,5
4AajxCEwGEsmHmT4H1TwjY,undressed,sombr,16,-2,-6,AT,2025-06-11,96,False,182088,undressed,2025-03-21,0.642,0.887,0,-3.883,1,0.0406,0.137,0.0,0.0829,0.888,115.999,4
0FTmksd2dxiE5e3rWyJXs6,back to friends,sombr,17,-4,-3,AT,2025-06-11,98,False,199032,back to friends,2024-12-27,0.436,0.723,1,-2.291,1,0.0301,9.37e-05,8.82e-05,0.0929,0.235,92.855,4
3gWBWLw3J3XTy3QTo36GqJ,Espresso Macchiato,Tommy Cash,18,-10,-9,AT,2025-06-11,79,False,173746,Espresso Macchiato,2024-12-07,0.678,0.694,11,-6.183,0,0.0487,0.0123,1.62e-05,0.133,0.646,119.87,4
2U07Gukj3QGlLh0krokPdG,Capri Sun,"Aymen, Amo",19,-2,-4,AT,2025-06-11,76,True,119244,Capri Sun,2025-05-30,0.812,0.843,4,-5.554,0,0.241,0.159,0.0,0.104,0.782,139.99,4
42UBPzRMh5yyz0EDPr6fr1,Manchild,Sabrina Carpenter,20,1,30,AT,2025-06-11,89,True,213645,Manchild,2025-06-05,0.731,0.685,7,-5.087,1,0.0572,0.122,0.0,0.317,0.811,123.01,4
5ITV0zqzjOYfFWpW0xBmRa,Show Me Love,"WizTheMc, bees & honey",21,-9,-4,AT,2025-06-11,94,False,176965,Show Me Love,2025-02-07,0.714,0.691,1,-7.333,1,0.0434,0.0212,0.000292,0.111,0.155,107.15,4
321yySUTzRXUbzkRTeTzDB,Wasted Love,JJ,22,-12,-15,AT,2025-06-11,84,False,164998,Wasted Love,2025-03-06,0.293,0.833,1,-4.497,0,0.0519,0.237,0.0,0.18,0.274,133.165,4
0QCIpQV3twfqo9kh0t8Zza,Shake It To The Max (FLY) - Remix,"MOLIY, Silent Addy, Skillibeng, Shenseea",23,-7,-7,AT,2025-06-11,93,True,178775,Shake It To The Max (FLY) (Remix),2025-02-21,0.856,0.548,0,-6.609,0,0.123,0.561,0.0,0.155,0.562,97.997,4
4WFgvKVfEhb3IUAFGrutTR,Love Me Not,Ravyn Lenae,24,-5,-5,AT,2025-06-11,91,False,213466,Bird's Eye,2024-08-09,0.779,0.731,0,-6.176,1,0.0306,0.296,0.0,0.128,0.814,114.001,4
5LrWZ8K4SPr1Qe0ZBqJGTq,Borderline,"Ely Oaks, LAVINIA",25,-1,-14,AT,2025-06-11,82,False,118449,Borderline,2025-04-24,0.567,0.876,9,-5.558,1,0.049,0.00109,0.0949,0.406,0.333,154.039,4
6d5msgeW9rIr8GkUhh6SH6,Blokada,"Jala Brat, Buba Corelli",26,7,24,AT,2025-06-11,64,False,152337,Roze Suze,2025-06-06,0.798,0.832,7,-6.355,1,0.127,0.101,9.55e-05,0.087,0.442,117.019,4
6dOtVTDdiauQNBQEDOtlAB,BIRDS OF A FEATHER,Billie Eilish,27,-4,-6,AT,2025-06-11,100,False,210373,HIT ME HARD AND SOFT,2024-05-17,0.747,0.507,2,-10.171,1,0.0358,0.2,0.0608,0.117,0.438,104.978,4
2GN2pbQi4Yz7Qp99Wbp2vZ,Unsicher,Nina Chuba,28,0,-16,AT,2025-06-11,80,False,138032,Unsicher,2025-04-04,0.591,0.435,3,-8.557,1,0.0324,0.607,0.0,0.116,0.289,133.525,4
4IgsV4j9x88UgXTiYSzMK5,Camilla,YUNG SAINT PAUL,29,2,-9,AT,2025-06-11,74,True,192312,Camilla,2025-05-02,0.9,0.569,9,-9.739,1,0.35,0.23,5.5e-05,0.102,0.554,120.079,4
5nPbKG04fhLkIAjcPFaZq7,I Adore You (feat. Daecolm),"HUGEL, Topic, Arash, Daecolm",30,-5,-8,AT,2025-06-11,89,False,214000,I Adore You (feat. Daecolm),2024-07-19,0.704,0.787,11,-6.751,0,0.0462,0.00926,0.00538,0.159,0.31,119.996,4
4x7j9ed3FRH6CHj27kiTQ3,Wackelkontakt,Oimara,31,-9,0,AT,2025-06-11,80,False,168801,Wackelkontakt,2024-08-02,0.739,0.77,7,-3.009,1,0.292,0.0374,8.59e-06,0.356,0.521,169.963,4
5XlJP2J81wF20QariDKRJW,Plug,Aymen,32,5,-9,AT,2025-06-11,79,True,152923,Plug,2025-04-11,0.82,0.741,11,-6.469,0,0.0714,0.0117,0.000811,0.165,0.783,125.982,4
2FAZskT9yRjp2Oow9szJD8,The Days - NOTION Remix,"Chrystal, NOTION",33,-3,-9,AT,2025-06-11,92,False,233229,The Days (NOTION Remix),2024-11-08,0.62,0.843,6,-5.321,0,0.0844,0.0062,4.63e-06,0.55,0.237,137.812,4
35ISBknsCeZQtq66xABI9g,Messy,Lola Young,34,-7,-9,AT,2025-06-11,89,True,284066,This Wasn't Meant For You Anyway,2024-06-21,0.798,0.562,9,-5.913,1,0.0375,0.11,0.00606,0.122,0.647,110.991,4
2wlqlfnyf7Hulg2b9E8Qhy,Walzer,Provinz,35,13,15,AT,2025-06-11,44,False,201325,Pazifik,2025-02-21,0.402,0.489,9,-6.916,1,0.0359,0.431,0.0,0.0768,0.213,171.111,3
5yJaXWIErrrsjQ3J0eR5aK,The Night We Met,Lord Huron,36,-7,-6,AT,2025-06-11,82,False,208226,Strange Trails,2015-04-07,0.44,0.378,2,-9.545,1,0.045,0.968,0.272,0.639,0.105,174.121,3
0GRc3eGTg8HBdWLRGYgqIc,Azizam,Ed Sheeran,37,-1,-3,AT,2025-06-11,92,False,162029,Azizam,2025-04-04,0.663,0.899,6,-5.103,1,0.0473,0.00255,0.0,0.065,0.876,127.998,4
7ne4VBA60CxGM75vw0EYad,That’s So True,Gracie Abrams,38,-3,-5,AT,2025-06-11,96,True,166300,The Secret of Us (Deluxe),2024-10-18,0.554,0.808,1,-4.169,1,0.0368,0.214,0.0,0.159,0.372,108.548,4
4wJ5Qq0jBN4ajy7ouZIV1c,APT.,"ROSÉ, Bruno Mars",39,-13,-10,AT,2025-06-11,89,False,169917,rosie,2024-12-06,0.777,0.783,0,-4.477,0,0.26,0.0283,0.0,0.355,0.939,149.027,4
5UJbgR4XF4y1DvbkxEqe8S,Sports car,Tate McRae,40,-8,10,AT,2025-06-11,89,False,165045,So Close To What,2025-02-20,0.861,0.815,11,-3.672,0,0.0349,0.0505,0.00139,0.1,0.886,106.978,4
1gdLbE8nrxz1WUPNVns2A9,Toronto,"Jala Brat, Buba Corelli",41,9,9,AT,2025-06-11,63,False,128297,Roze Suze,2025-06-06,0.813,0.76,7,-4.916,1,0.165,0.367,0.0,0.0887,0.884,94.007,4
7K8XoQXZBffc4xG2xIQHMO,Rock That Body,Black Eyed Peas,42,-3,8,AT,2025-06-11,78,False,268840,THE E.N.D. (THE ENERGY NEVER DIES),2009-01-01,0.715,0.907,7,-6.025,0,0.0993,0.0172,8.39e-05,0.426,0.841,124.991,4
60a0Rd6pjrkxjPbaKzXjfq,In the End,Linkin Park,43,6,5,AT,2025-06-11,91,False,216880,Hybrid Theory (Bonus Edition),2000-10-24,0.556,0.864,3,-5.87,0,0.0584,0.00958,0.0,0.209,0.4,105.143,4
7K2DFO1NYMtBdNP6vNlhWI,The Glen - Levi Heron Edit,Levi Heron,44,6,6,AT,2025-06-11,78,False,173056,The Glen (Levi Heron Edit),2025-05-09,0.636,0.996,2,-3.908,1,0.155,0.0102,0.00325,0.186,0.379,74.997,4
1BJJbSX6muJVF2AK7uH1x4,Move,"Adam Port, Stryv, Keinemusik, Orso, Malachiii",45,-7,2,AT,2025-06-11,89,False,177598,Move,2024-06-07,0.727,0.782,8,-8.529,0,0.042,0.0563,0.336,0.225,0.655,119.992,4
2uXlHCUbq9OMUwx3hrk06o,Riptide,Vance Joy,46,-12,-7,AT,2025-06-11,87,False,204280,Dream Your Life Away (Deluxe Edition),2014-08-05,0.483,0.731,1,-6.696,1,0.0381,0.436,0.0,0.151,0.484,101.654,4
3U5JVgI2x4rDyHGObzJfNf,Unwritten,Natasha Bedingfield,47,-7,-12,AT,2025-06-11,90,False,259333,Unwritten,2004-08-30,0.706,0.8,5,-6.333,1,0.0399,0.00584,0.0,0.0822,0.629,100.011,4
5ejTcCJOozPqRPMs9gW3pN,Be Mine,KAMRAD,48,2,2,AT,2025-06-11,71,False,156463,Be Mine,2025-05-16,0.695,0.855,7,-5.563,0,0.0353,0.0201,6.21e-06,0.33,0.609,125.972,4
0D0np8Odu1PNamKfajA6AX,Afro Trap Pt. 3 (Champions League),MHD,49,1,-5,AT,2025-06-11,77,True,137133,MHD,2016-04-15,0.962,0.726,10,-5.697,1,0.4,0.152,0.0,0.0654,0.566,123.066,4
4aAZTaXHlm625nZhF6Zr12,bad bunnies,Zsá Zsá,50,-4,-32,AT,2025-06-11,79,True,137114,bad bunnies,2025-05-02,0.585,0.773,1,-5.615,1,0.0677,0.131,1.45e-05,0.323,0.51,170.176,4
6iOndD4OFo7GkaDypWQIou,La Plena - W Sound 05,"W Sound, Beéle, Ovy On The Drums",1,0,0,AR,2025-06-11,95,True,150001,La Plena (W Sound 05),2025-02-19,0.894,0.643,5,-3.485,1,0.132,0.543,0.000984,0.101,0.659,99.039,4
6X8DTIJEgHUjZynuds0E2f,Tu jardín con enanitos,"Roze Oficial, Max Carra, Valen, RAMKY EN LOS CONTROLES",2,0,1,AR,2025-06-11,75,False,175059,Tu jardín con enanitos,2025-05-22,0.49,0.638,7,-5.894,1,0.0398,0.0721,0.0,0.313,0.484,138.061,3
0vcuJjViqrFCCWUrjrZW1X,RAMEN PARA DOS,"Maria Becerra, Paulo Londra, XROSS",3,1,-1,AR,2025-06-11,84,True,231999,RAMEN PARA DOS,2025-05-08,0.789,0.627,1,-4.211,0,0.0444,0.155,0.0,0.375,0.601,130.021,4
2iDDnYmaz1HhedjI91fbmp,MOTINHA 2.0 (Mete Marcha) - Remix,"DENNIS, Luísa Sonza, Emilia",4,-1,0,AR,2025-06-11,81,False,118081,MOTINHA 2.0 (Mete Marcha) - Remix,2025-04-24,0.861,0.894,0,-1.306,0,0.13,0.0511,0.0,0.333,0.918,135.078,4
4DnrAI8WyUY6gkOwl8GlPN,capaz (merengueton),"Alleh, Yorghaki",5,0,0,AR,2025-06-11,90,False,173858,LA CIUDAD,2024-12-24,0.872,0.614,3,-5.618,0,0.181,0.0815,0.000207,0.135,0.785,126.957,4
7dCGkDZgWIDSZyxInMkdIv,Pa las girlas,Mattei,6,0,2,AR,2025-06-11,80,False,150578,Pa las girlas,2025-02-24,0.584,0.848,1,-4.285,0,0.0801,0.126,0.0,0.242,0.727,196.074,4
0DMJz677XfXiiruhIELu2e,VITAMINA,"Jombriel, DFZM, Jøtta",7,0,-1,AR,2025-06-11,92,False,208743,VITAMINA,2025-02-27,0.815,0.746,10,-4.855,0,0.0528,0.015,2.26e-06,0.056,0.768,92.007,4
6WJ2QzbVnjmPGKpmb6tmmO,amor de veraNO,La T y La M,8,0,5,AR,2025-06-11,72,False,198469,amor de veraNO,2025-03-07,0.795,0.656,1,-6.813,0,0.0473,0.63,0.0111,0.366,0.969,82.008,4
2efbgTtEGNpsUZaOfgRTR6,blackout 🧊,"Emilia, TINI, Nicki Nicole",9,0,-2,AR,2025-06-11,85,False,182282,blackout 🧊,2025-03-25,0.778,0.787,9,-2.447,0,0.0478,0.245,0.000106,0.111,0.957,137.994,4
5MKbWaXeSQSmzmo7gPQha1,Amor de Vago,"La T y La M, Malandro",10,0,5,AR,2025-06-11,80,False,188423,Amor de Vago,2024-08-23,0.65,0.507,2,-7.27,1,0.111,0.706,2.47e-06,0.0725,0.603,179.984,4
7d6yK8v8J484SWH5prIQiE,VeLDÁ,"Bad Bunny, Omar Courtz, Dei V",11,0,0,AR,2025-06-11,92,True,235336,DeBÍ TiRAR MáS FOToS,2025-01-05,0.613,0.981,1,-18.638,1,0.149,0.29,0.0023,0.437,0.0337,101.852,3
2lTm559tuIvatlT1u0JYG2,BAILE INoLVIDABLE,Bad Bunny,12,0,-3,AR,2025-06-11,96,True,367725,DeBÍ TiRAR MáS FOToS,2025-01-05,0.168,0.00332,10,-46.113,1,0.0615,0.192,0.79,0.112,0.219,119.387,3
5DdLSEyKh8zgCrJq2hFj92,Yo sé,"Yan Block, TORRRES",13,0,-1,AR,2025-06-11,86,True,129705,Yo sé,2024-05-23,0.716,0.462,5,-9.847,0,0.128,0.68,0.0,0.132,0.626,136.045,4
0mmWol32PnowJQf0rZx5ab,Golfista,Duki,14,0,-4,AR,2025-06-11,75,False,158927,Golfista,2025-05-29,0.775,0.751,1,-3.854,1,0.0522,0.00121,1.42e-05,0.0956,0.591,159.986,4
3xdbqyli0ZUKupnyKQfGJp,Tengo Una Cadena,Salastkbron,15,0,6,AR,2025-06-11,74,True,120012,Tengo Una Cadena,2025-04-30,0.754,0.647,1,-5.677,1,0.08,0.108,0.0,0.115,0.607,97.999,4
2F6PBqz7aPA7K309aFKMHt,Con Otra,Cazzu,16,0,-2,AR,2025-06-11,76,False,231016,Latinaje,2025-04-24,0.431,0.69,10,-4.502,0,0.0395,0.12,0.0,0.961,0.575,167.972,4
3UEIObvIQMJzF09RWRcqcP,bunda 🍑,"Emilia, Luísa Sonza",17,0,-1,AR,2025-06-11,81,True,223855,bunda 🍑,2025-02-20,0.558,0.584,9,-5.454,0,0.0529,0.269,0.0,0.322,0.824,130.03,4
5vHWh24GAsXJ7tnIu8v7UN,Por Mil Noches,Airbag,18,1,0,AR,2025-06-11,75,False,283884,Libertad,2013-11-27,0.553,0.672,1,-7.489,0,0.0291,0.0169,5.35e-05,0.186,0.286,111.965,4
0iwmZVScrpLcbbfHbdJGT0,Como Eran Las Cosas,Babasonicos,19,31,-2,AR,2025-06-11,60,False,242520,Lo + tranquilo,2020-06-26,0.696,0.448,8,-9.099,1,0.0333,0.452,2.43e-05,0.0904,0.569,95.004,4
59D4DOkspUbWyMmbAPQkxZ,VOY A LLeVARTE PA PR,Bad Bunny,20,-2,0,AR,2025-06-11,93,True,156364,DeBÍ TiRAR MáS FOToS,2025-01-05,0.148,0.604,7,-35.032,1,0.0588,0.921,0.453,0.405,1e-05,106.295,3
2ANtIUI9cipWNI685VdlZb,Resentia,Pablo Chill-E,21,0,1,AR,2025-06-11,82,True,200526,Los Gangsters Tambien Lloran,2024-03-29,0.754,0.692,1,-5.732,1,0.075,0.163,0.0,0.127,0.811,95.015,4
1HEwEN64NjgTaHmo7LfkX8,no tiene sentido,Beéle,22,1,24,AR,2025-06-11,89,False,158036,BORONDO,2025-05-15,0.671,0.596,2,-7.565,0,0.0556,0.0871,1.97e-05,0.119,0.497,121.976,4
4KRlNVLHn2ZgGvpjnga31N,Si No Es Muy Tarde - Versión Cumbia,"Luciano Pereyra, Ezequiel Y La Clave, Un Poco de Ruido, Pinky SD",23,1,1,AR,2025-06-11,75,False,196559,Si No Es Muy Tarde - Versión Cumbia,2025-04-04,0.652,0.796,7,-5.78,1,0.0398,0.0999,0.0,0.0817,0.436,86.022,4
44m9PAUZYeOEGeaTYh6NAl,Tan Lejos,"No Te Va Gustar, Juan Casanova",24,4,10,AR,2025-06-11,73,False,298000,El Camino Más Largo,2008-10-23,0.652,0.577,0,-7.877,1,0.0328,0.0264,1.17e-06,0.0758,0.662,120.037,4
1o4xkdBe0RjSf2u6VXi4OI,444,"Yan Block, Panda Black",25,1,-2,AR,2025-06-11,85,True,175280,444,2024-04-04,0.435,0.61,1,-8.114,0,0.0895,0.152,1.21e-05,0.142,0.22,118.653,5
1KfiYYMCZkP7no8DdkXFDl,Tiene,"Tobal Mj, Lucky Brown, Nacho G Flow",26,1,0,AR,2025-06-11,80,False,225000,Tiene,2025-02-26,0.734,0.611,0,-7.034,1,0.0439,0.123,0.000398,0.186,0.392,98.009,4
0cOoWbqupIz03ZUHi8NRq6,Puesto,Babasonicos,27,23,23,AR,2025-06-11,48,False,206093,Paisajes Sonoros: Argentina,2020-10-12,0.592,0.739,5,-6.433,1,0.0236,0.377,0.00559,0.123,0.642,102.989,4
27xkOIER6uDLKALIelHylZ,Don’t Say You Love Me,Jin,28,-6,-9,AR,2025-06-11,93,False,180716,Echo,2025-05-16,0.729,0.562,8,-5.49,1,0.0304,0.484,0.0,0.105,0.757,111.976,4
3oqWr0jDWNXxWufNogGREp,Crimen,Gustavo Cerati,29,-4,13,AR,2025-06-11,76,False,232026,Ahí Vamos,2006-04-04,0.537,0.502,4,-8.406,1,0.025,0.44,0.0709,0.199,0.288,80.511,4
4zhk2RS2EZODmBW6il55Qj,mi refe,"Beéle, Ovy On The Drums",30,-1,8,AR,2025-06-11,85,False,159404,BORONDO,2025-05-15,0.637,0.648,7,-5.306,0,0.271,0.403,5.41e-05,0.119,0.441,123.108,4
0STW8nw4lNN4TEQ8KmNer6,Parte & Choke,"Jombriel, Alex Krack, Jøtta",31,1,-6,AR,2025-06-11,84,False,205264,Parte & Choke,2024-11-05,0.728,0.654,5,-3.976,0,0.365,0.00581,0.0,0.131,0.884,117.337,5
0CgpCtEPvyDizcg2p47VrU,A las Nueve,No Te Va Gustar,32,3,-3,AR,2025-06-11,74,False,207533,El Calor Del Pleno Invierno,2012-10-18,0.625,0.804,4,-5.652,0,0.0268,0.236,8.22e-05,0.308,0.827,129.931,4
6MuJUSYCqA4FpMogUHzb2R,Ese Maldito Momento,No Te Va Gustar,33,-3,0,AR,2025-06-11,73,False,185866,El Calor Del Pleno Invierno,2012-10-18,0.643,0.616,11,-6.358,0,0.0266,0.469,5.74e-05,0.0886,0.652,139.931,4
4MUrUT38U98olfnyzMBCzm,KLOuFRENS,Bad Bunny,34,-1,3,AR,2025-06-11,90,True,199114,DeBÍ TiRAR MáS FOToS,2025-01-05,0.326,0.125,1,-32.45,1,0.148,0.703,0.706,0.18,0.306,106.974,4
3sK8wGT43QFpWrvNQsrQya,DtMF,Bad Bunny,35,1,-3,AR,2025-06-11,97,True,237117,DeBÍ TiRAR MáS FOToS,2025-01-05,0.625,0.131,7,-27.405,0,0.0717,0.177,0.218,0.0807,0.032,136.02,4
6C1RD7YQVvt3YQj0CmuTeu,Diles,"Bad Bunny, Ozuna, Farruko, Arcángel, Ñengo Flow, DJ Luian, Mambo Kingz",36,10,14,AR,2025-06-11,84,True,286040,Diles,2016-08-26,0.813,0.56,2,-5.904,0,0.0618,0.108,0.0,0.268,0.287,118.033,4
6kPCcIAGoTeRrh8qrmKa90,Piel,"Tiago PZK, Ke Personajes",37,5,8,AR,2025-06-11,77,True,142041,GOTTI A,2024-07-04,0.646,0.907,0,-1.617,1,0.0593,0.422,0.0,0.14,0.816,168.004,4
2oZqk6nAy2CSAcmINCMi2N,QUE CABRONA,Lauty Gram,38,-4,-11,AR,2025-06-11,74,False,168374,QUE CABRONA,2025-03-06,0.77,0.741,9,-4.288,1,0.0518,0.0977,0.0,0.413,0.424,100.011,4
6ifUES3keWjwXgae8pXI3o,Me Rehúso,Danny Ocean,39,11,11,AR,2025-06-11,86,False,205714,54+1,2019-03-22,0.744,0.804,1,-6.327,1,0.0677,0.0231,0.0,0.0494,0.426,104.823,4
3I4YGWwJoqBdBGVnkRjnVw,secuestro,"Slayter, Yan Block, NTG",40,-1,0,AR,2025-06-11,78,True,194062,dile no a las drogas,2025-04-10,0.764,0.568,10,-6.004,0,0.134,0.639,0.0151,0.144,0.674,94.02,4
6WatFBLVB0x077xWeoVc2k,Si Antes Te Hubiera Conocido,KAROL G,41,-1,2,AR,2025-06-11,94,False,195824,Si Antes Te Hubiera Conocido,2024-06-21,0.924,0.668,11,-6.795,1,0.0469,0.446,0.000594,0.0678,0.787,128.027,4
23FJGRug9hlYUIBnrmkIBX,Cicatrices,Airbag,42,-1,-3,AR,2025-06-11,71,False,228541,Mentira La Verdad,2016-09-16,0.292,0.704,8,-4.394,1,0.0292,0.000426,0.01,0.186,0.4,88.554,4
6J5kc12BW5HuP3d7C3vvx8,EoO,Bad Bunny,43,-5,-7,AR,2025-06-11,94,True,204768,DeBÍ TiRAR MáS FOToS,2025-01-05,0.36,0.464,10,-29.598,0,0.0702,0.749,0.859,0.0825,0.184,63.662,4
0Sr7ssScx54yxdM2ols7nW,Q U E V A S H A C E R H O Y ?,"Omar Courtz, De La Rose",44,5,6,AR,2025-06-11,86,True,224022,PRIMERA MUSA,2024-09-20,0.56,0.681,6,-6.304,0,0.244,0.103,0.0,0.106,0.388,155.079,4
6wDig9zSE2qpDbw1W3qqIX,MASNA REMIX,"FMK, Emilia, Nicki Nicole, Tiago PZK",45,-8,5,AR,2025-06-11,66,False,248000,MASNA REMIX,2025-06-05,0.62,0.759,5,-3.834,1,0.0654,0.199,1.57e-05,0.128,0.344,179.932,4
31we7ZzWdSBEOKs5Ln6QVF,NUBES,"De La Rose, Omar Courtz",46,4,4,AR,2025-06-11,85,True,271801,NUBES,2025-04-03,0.657,0.666,7,-3.786,1,0.0302,0.243,0.0,0.101,0.19,99.945,4
4581iSIX0QZNNzAQRysF3k,Nunca Lo Olvides,Airbag,47,-4,-12,AR,2025-06-11,59,False,299810,El Club de la Pelea I,2025-05-28,0.366,0.744,2,-3.612,1,0.0276,0.00811,0.0,0.292,0.298,157.989,4
18m5dJOPB2geFwOymXNaWg,AURORA,"Mora, De La Rose",48,0,-17,AR,2025-06-11,85,True,192853,LO MISMO DE SIEMPRE,2025-05-18,0.595,0.761,11,-4.966,0,0.042,0.592,0.0,0.202,0.367,111.926,4
0l0vcZMU7AOeQmUIREoI2U,Qué Pasaría...,"Rauw Alejandro, Bad Bunny",49,-4,-2,AR,2025-06-11,91,True,191018,Cosa Nuestra,2024-11-15,0.833,0.563,4,-5.593,0,0.204,0.528,1.27e-05,0.139,0.343,105.008,4
36x1AGih4bK9cnPjbbChgG,MEJOR QUE VOS,"Lali, Miranda!",50,-6,-6,AR,2025-06-11,69,False,166794,NO VAYAS A ATENDER CUANDO EL DEMONIO LLAMA,2025-04-30,0.65,0.832,11,-4.456,0,0.0292,0.00238,1.46e-06,0.444,0.761,123.964,4
27xkOIER6uDLKALIelHylZ,Don’t Say You Love Me,Jin,1,0,0,AE,2025-06-11,93,False,180716,Echo,2025-05-16,0.729,0.562,8,-5.49,1,0.0304,0.484,0.0,0.105,0.757,111.976,4
50zAEIE4B1QqhPjRMK2Xmh,Running Wild,Jin,2,0,0,AE,2025-06-11,79,False,151646,Happy - :') (Remixes),2024-11-19,0.487,0.711,8,-4.22,1,0.0322,0.000175,0.0,0.152,0.317,146.921,4
4Q0qVhFQa7j6jRKzo3HDmP,Sapphire,Ed Sheeran,3,1,47,AE,2025-06-11,81,False,179082,Sapphire,2025-06-05,0.631,0.72,1,-6.152,1,0.0655,0.0163,0.0,0.347,0.394,95.011,4
0FTmksd2dxiE5e3rWyJXs6,back to friends,sombr,4,-1,0,AE,2025-06-11,98,False,199032,back to friends,2024-12-27,0.436,0.723,1,-2.291,1,0.0301,9.37e-05,8.82e-05,0.0929,0.235,92.855,4
2RkZ5LkEzeHGRsmDqKwmaJ,Ordinary,Alex Warren,5,0,0,AE,2025-06-11,95,False,186964,"You'll Be Alright, Kid (Chapter 1)",2024-09-26,0.368,0.694,2,-6.141,1,0.06,0.704,6.59e-06,0.055,0.391,168.115,3
6dOtVTDdiauQNBQEDOtlAB,BIRDS OF A FEATHER,Billie Eilish,6,0,-3,AE,2025-06-11,100,False,210373,HIT ME HARD AND SOFT,2024-05-17,0.747,0.507,2,-10.171,1,0.0358,0.2,0.0608,0.117,0.438,104.978,4
7so0lgd0zP2Sbgs2d7a1SZ,Die With A Smile,"Lady Gaga, Bruno Mars",7,0,-1,AE,2025-06-11,91,False,251667,MAYHEM,2025-03-07,0.519,0.601,6,-7.727,0,0.0317,0.289,0.0,0.126,0.498,157.964,3
42UBPzRMh5yyz0EDPr6fr1,Manchild,Sabrina Carpenter,8,1,42,AE,2025-06-11,89,True,213645,Manchild,2025-06-05,0.731,0.685,7,-5.087,1,0.0572,0.122,0.0,0.317,0.811,123.01,4
5tlb0AxuzsMWL2GtEppXGX,Multo,Cup of Joe,9,-1,-1,AE,2025-06-11,86,False,237692,Silakbo,2025-01-17,0.473,0.561,11,-7.504,1,0.0445,0.433,0.00455,0.0973,0.442,208.053,4
7f88cYg6oaAaSJMfF2GANl,Minnalvala,"Jakes Bejoy, Sid Sriram, Sithara Krishnakumar",10,0,-3,AE,2025-06-11,62,False,299055,Narivetta (Original Motion Picture Soundtrack),2025-05-23,0.696,0.59,8,-8.724,0,0.0356,0.545,0.000823,0.0985,0.849,126.92,3
0QCIpQV3twfqo9kh0t8Zza,Shake It To The Max (FLY) - Remix,"MOLIY, Silent Addy, Skillibeng, Shenseea",11,0,-2,AE,2025-06-11,93,True,178775,Shake It To The Max (FLY) (Remix),2025-02-21,0.856,0.548,0,-6.609,0,0.123,0.561,0.0,0.155,0.562,97.997,4
4WFgvKVfEhb3IUAFGrutTR,Love Me Not,Ravyn Lenae,12,0,3,AE,2025-06-11,91,False,213466,Bird's Eye,2024-08-09,0.779,0.731,0,-6.176,1,0.0306,0.296,0.0,0.128,0.814,114.001,4
3QaPy1KgI7nu9FJEQUgn6h,WILDFLOWER,Billie Eilish,13,1,-1,AE,2025-06-11,96,False,261466,HIT ME HARD AND SOFT,2024-05-17,0.467,0.247,6,-12.002,0,0.0431,0.612,0.000271,0.17,0.126,148.101,4
2CGNAOSuO1MEFCbBRgUzjd,luther (with sza),"Kendrick Lamar, SZA",14,-1,-3,AE,2025-06-11,92,False,177598,GNX,2024-11-21,0.707,0.575,2,-7.546,1,0.125,0.251,0.0,0.248,0.576,138.008,4
4wJ5Qq0jBN4ajy7ouZIV1c,APT.,"ROSÉ, Bruno Mars",15,0,-2,AE,2025-06-11,89,False,169917,rosie,2024-12-06,0.777,0.783,0,-4.477,0,0.26,0.0283,0.0,0.355,0.939,149.027,4
0FIDCNYYjNvPVimz5icugS,Timeless (feat Playboi Carti),"The Weeknd, Playboi Carti",16,0,-6,AE,2025-06-11,95,True,256000,Hurry Up Tomorrow,2025-01-31,0.768,0.775,11,-5.06,0,0.0466,0.069,2.96e-06,0.138,0.6,119.999,4
2HRqTpkrJO5ggZyyK6NPWz,Espresso,Sabrina Carpenter,17,1,3,AE,2025-06-11,91,True,175459,Short n' Sweet,2024-08-23,0.699,0.776,0,-5.282,1,0.0293,0.131,5.36e-06,0.205,0.708,103.963,4
4XTgFBxBHN6var1BzAgE1m,Jhol,"Maanu, Annural Khalid",18,-1,5,AE,2025-06-11,81,False,265817,Jhol,2024-06-14,0.485,0.481,7,-8.145,0,0.0852,0.596,0.0,0.34,0.296,155.368,4
2u9S9JJ6hTZS3Vf22HOZKg,NOKIA,Drake,19,1,-5,AE,2025-06-11,94,True,241023,$ome $exy $ongs 4 U,2025-02-14,0.537,0.727,5,-4.184,1,0.15,0.247,0.0,0.173,0.508,106.037,4
3GCdLUSnKSMJhs4Tj6CV3s,All The Stars (with SZA),"Kendrick Lamar, SZA",20,-1,-4,AE,2025-06-11,94,True,232186,Black Panther The Album Music From And Inspired By,2018-02-09,0.695,0.633,8,-4.946,1,0.0599,0.0612,0.000195,0.0926,0.557,96.782,4
7ne4VBA60CxGM75vw0EYad,That’s So True,Gracie Abrams,21,3,0,AE,2025-06-11,96,True,166300,The Secret of Us (Deluxe),2024-10-18,0.554,0.808,1,-4.169,1,0.0368,0.214,0.0,0.159,0.372,108.548,4
0fK7ie6XwGxQTIkpFoWkd1,like JENNIE,JENNIE,22,-1,-5,AE,2025-06-11,95,True,123517,Ruby,2025-03-07,0.811,0.743,10,-5.321,0,0.0611,0.281,0.00671,0.0868,0.815,130.019,4
4AajxCEwGEsmHmT4H1TwjY,undressed,sombr,23,0,-5,AE,2025-06-11,96,False,182088,undressed,2025-03-21,0.642,0.887,0,-3.883,1,0.0406,0.137,0.0,0.0829,0.888,115.999,4
3siwsiaEoU4Kuuc9WKMUy5,No One Noticed,The Marías,24,-2,-5,AE,2025-06-11,93,False,236906,Submarine,2024-05-31,0.705,0.339,7,-10.612,1,0.0278,0.552,0.0814,0.12,0.457,97.989,4
2yWlGEgEfPot0lv3OAjuG3,Just Keep Watching (From F1® The Movie),"Tate McRae, F1 The Album",25,0,-3,AE,2025-06-11,91,False,142550,Just Keep Watching (From F1® The Movie),2025-05-30,0.656,0.796,9,-5.856,0,0.113,0.0767,0.0,0.509,0.425,129.956,4
7CyPwkp0oE8Ro9Dd5CUDjW,"One Of The Girls (with JENNIE, Lily Rose Depp)","The Weeknd, JENNIE, Lily-Rose Depp",26,3,0,AE,2025-06-11,94,False,244684,The Idol Episode 4 (Music from the HBO Original Series),2023-06-23,0.264,0.64,8,-6.221,1,0.0442,0.0393,2.31e-06,0.151,0.19,84.828,4
2zbq6eS68i4NIJWekIuW1s,Marilag,Dionela,27,-1,2,AE,2025-06-11,84,False,157692,Marilag,2024-11-08,0.639,0.583,1,-9.346,1,0.209,0.472,4.14e-06,0.101,0.907,155.92,4
5nPbKG04fhLkIAjcPFaZq7,I Adore You (feat. Daecolm),"HUGEL, Topic, Arash, Daecolm",28,2,0,AE,2025-06-11,89,False,214000,I Adore You (feat. Daecolm),2024-07-19,0.704,0.787,11,-6.751,0,0.0462,0.00926,0.00538,0.159,0.31,119.996,4
21IYMdzTrzSe191Cy5eMap,Sailor Song,Gigi Perez,29,2,-5,AE,2025-06-11,89,False,211978,"At The Beach, In Every Life",2025-04-25,0.499,0.392,11,-10.441,1,0.0262,0.627,7.1e-05,0.192,0.272,95.076,4
2RdEC8Ff83WkX7kDVCHseE,party 4 u,Charli xcx,30,-3,-3,AE,2025-06-11,93,False,296653,how i'm feeling now,2020-05-15,0.579,0.522,1,-8.393,1,0.0993,0.761,1.41e-05,0.655,0.245,79.453,4
4LMlVCXHJtCE9abhmn0mYo,Pal Pal,"Afusic, AliSoomroMusic",31,2,0,AE,2025-06-11,80,False,147000,Pal Pal,2025-02-17,0.752,0.596,5,-9.177,0,0.0505,0.67,0.00166,0.106,0.249,105.088,4
1UPB5rYJ0bzn6mNSoAHrZC,You'll Be in My Heart,NIKI,32,-4,3,AE,2025-06-11,93,False,241776,You'll Be In My Heart,2022-09-14,0.486,0.613,9,-8.748,1,0.0394,0.0569,0.00139,0.126,0.633,187.531,4
4sTlQPMyoFMPdhAJvErBN3,PASSO BEM SOLTO - Slowed,ATLXS,33,3,-8,AE,2025-06-11,92,False,116072,PASSO BEM SOLTO,2024-04-23,0.602,0.867,1,-5.698,0,0.0312,0.00702,0.00442,0.259,0.399,115.899,4
2Dhdu4YB3y5U3RiIcCJduv,Tibok,Earl Agustin,34,-2,-2,AE,2025-06-11,85,False,326666,Tibok,2023-06-16,0.568,0.537,10,-9.004,1,0.0263,0.097,0.00261,0.215,0.68,143.974,4
4H6s1mTZcjHAMU36ZF3Xoz,Nothing Without Your Love,Jin,35,0,15,AE,2025-06-11,80,False,176126,Echo,2025-05-16,0.494,0.837,7,-4.18,1,0.0616,0.00907,0.0,0.0925,0.246,129.843,4
6PxB85rPecatl7jZcFHlYK,"Thattathil (From ""Abhilasham"")","Sreehari K Nair, Sharfu",36,1,14,AE,2025-06-11,68,False,250800,"Thattathil (From ""Abhilasham"")",2025-02-26,0.675,0.524,10,-9.365,0,0.0295,0.627,0.0,0.205,0.636,100.085,3
0GRc3eGTg8HBdWLRGYgqIc,Azizam,Ed Sheeran,37,6,10,AE,2025-06-11,92,False,162029,Azizam,2025-04-04,0.663,0.899,6,-5.103,1,0.0473,0.00255,0.0,0.065,0.876,127.998,4
3be9ACTxtcL6Zm4vJRUiPG,blue,yung kai,38,1,-5,AE,2025-06-11,92,False,214357,blue,2024-08-02,0.746,0.317,4,-11.982,1,0.0342,0.933,0.0186,0.121,0.585,97.49,3
1BJJbSX6muJVF2AK7uH1x4,Move,"Adam Port, Stryv, Keinemusik, Orso, Malachiii",39,2,-5,AE,2025-06-11,89,False,177598,Move,2024-06-07,0.727,0.782,8,-8.529,0,0.042,0.0563,0.336,0.225,0.655,119.992,4
4WrkJNGb4zUwARc0FD3iNf,Loser (feat. YENA),"Jin, YENA",40,0,10,AE,2025-06-11,80,False,155638,Echo,2025-05-16,0.561,0.914,5,-1.911,0,0.0694,0.0128,0.0,0.252,0.697,148.008,4
2HRgqmZQC0MC7GeNuDIXHN,Seven (feat. Latto) (Explicit Ver.),"Jung Kook, Latto",41,-3,2,AE,2025-06-11,85,True,183550,GOLDEN,2023-11-03,0.79,0.831,11,-4.185,1,0.044,0.312,0.0,0.0797,0.872,124.987,4
5ITV0zqzjOYfFWpW0xBmRa,Show Me Love,"WizTheMc, bees & honey",42,-8,-12,AE,2025-06-11,94,False,176965,Show Me Love,2025-02-07,0.714,0.691,1,-7.333,1,0.0434,0.0212,0.000292,0.111,0.155,107.15,4
3AJwUDP919kvQ9QcozQPxg,Yellow,Coldplay,43,7,7,AE,2025-06-11,93,False,266773,Parachutes,2000-07-10,0.429,0.661,11,-7.227,1,0.0281,0.00239,0.000121,0.234,0.285,173.372,4
3xkHsmpQCBMytMJNiDf3Ii,Beautiful Things,Benson Boone,44,6,-5,AE,2025-06-11,93,False,180304,Fireworks & Rollerblades,2024-04-05,0.472,0.471,10,-5.692,1,0.0603,0.151,0.0,0.14,0.219,105.029,3
5566hAPt0WmMPr9Xn749L7,Rope It,Jin,45,0,5,AE,2025-06-11,79,False,165809,Echo,2025-05-16,0.547,0.856,5,-2.29,1,0.0854,0.0362,0.0,0.617,0.597,124.075,4
0eaVIYo2zeOaGJeqZ5TwYz,No Pole,Don Toliver,46,-2,-9,AE,2025-06-11,90,True,187613,Love Sick (Deluxe),2023-02-28,0.328,0.631,5,-5.169,0,0.0465,0.0714,0.0,0.567,0.382,85.262,4
5ThyDv6aRVU8AH4vXQNldF,Finding Her,"Kushagra, Bharath, Saaheal",47,-1,2,AE,2025-06-11,88,False,207000,Finding Her,2025-01-29,0.558,0.378,0,-6.419,1,0.0526,0.894,2.32e-06,0.0799,0.44,170.195,3
0cQVqPuHQP4KEwc7ZUQmj6,Sweater Weather,The Neighbourhood,48,1,-2,AE,2025-06-11,71,False,240426,I Love You.,2013-04-19,0.613,0.808,10,-2.851,1,0.0346,0.0426,0.0159,0.102,0.38,124.037,4
5O2P9iiztwhomNh8xkR9lJ,Night Changes,One Direction,49,1,1,AE,2025-06-11,90,False,226600,FOUR (Deluxe),2014-11-17,0.672,0.52,8,-7.747,1,0.0353,0.859,0.0,0.115,0.37,120.001,4
0hta2Lb2zKJ7kEnAEZEE3G,Nope your too late i already died,"wifiskeleton, i wanna be a jack-o-lantern",50,-2,0,AE,2025-06-11,92,False,90067,suburban daredevil,2024-10-22,0.704,0.597,4,-10.458,0,0.036,0.105,0.00835,0.264,0.978,119.993,4
42UBPzRMh5yyz0EDPr6fr1,Manchild,Sabrina Carpenter,1,3,49,,2025-06-10,87,True,213645,Manchild,2025-06-05,0.731,0.685,7,-5.087,1,0.0572,0.122,0.0,0.317,0.811,123.01,4
2RkZ5LkEzeHGRsmDqKwmaJ,Ordinary,Alex Warren,2,-1,-1,,2025-06-10,95,False,186964,"You'll Be Alright, Kid (Chapter 1)",2024-09-26,0.368,0.694,2,-6.141,1,0.06,0.704,6.59e-06,0.055,0.391,168.115,3
0FTmksd2dxiE5e3rWyJXs6,back to friends,sombr,3,-1,0,,2025-06-10,98,False,199032,back to friends,2024-12-27,0.436,0.723,1,-2.291,1,0.0301,9.37e-05,8.82e-05,0.0929,0.235,92.855,4
7so0lgd0zP2Sbgs2d7a1SZ,Die With A Smile,"Lady Gaga, Bruno Mars",4,1,0,,2025-06-10,91,False,251667,MAYHEM,2025-03-07,0.519,0.601,6,-7.727,0,0.0317,0.289,0.0,0.126,0.498,157.964,3
27xkOIER6uDLKALIelHylZ,Don’t Say You Love Me,Jin,5,-2,-3,,2025-06-10,92,False,180716,Echo,2025-05-16,0.729,0.562,8,-5.49,1,0.0304,0.484,0.0,0.105,0.757,111.976,4
6dOtVTDdiauQNBQEDOtlAB,BIRDS OF A FEATHER,Billie Eilish,6,0,-1,,2025-06-10,100,False,210373,HIT ME HARD AND SOFT,2024-05-17,0.747,0.507,2,-10.171,1,0.0358,0.2,0.0608,0.117,0.438,104.978,4
6iOndD4OFo7GkaDypWQIou,La Plena - W Sound 05,"W Sound, Beéle, Ovy On The Drums",7,0,0,,2025-06-10,95,True,150001,La Plena (W Sound 05),2025-02-19,0.894,0.643,5,-3.485,1,0.132,0.543,0.000984,0.101,0.659,99.039,4
4AajxCEwGEsmHmT4H1TwjY,undressed,sombr,8,1,-2,,2025-06-10,96,False,182088,undressed,2025-03-21,0.642,0.887,0,-3.883,1,0.0406,0.137,0.0,0.0829,0.888,115.999,4
4WFgvKVfEhb3IUAFGrutTR,Love Me Not,Ravyn Lenae,9,1,6,,2025-06-10,90,False,213466,Bird's Eye,2024-08-09,0.779,0.731,0,-6.176,1,0.0306,0.296,0.0,0.128,0.814,114.001,4
4wJ5Qq0jBN4ajy7ouZIV1c,APT.,"ROSÉ, Bruno Mars",10,-2,-2,,2025-06-10,89,False,169917,rosie,2024-12-06,0.777,0.783,0,-4.477,0,0.26,0.0283,0.0,0.355,0.939,149.027,4
7tI8dRuH2Yc6RuoTjxo4dU,Who,Jimin,11,2,-2,,2025-06-10,90,False,170887,MUSE,2024-07-19,0.66,0.756,0,-3.743,0,0.032,0.00289,0.0,0.193,0.838,116.034,4
3QaPy1KgI7nu9FJEQUgn6h,WILDFLOWER,Billie Eilish,12,0,-2,,2025-06-10,96,False,261466,HIT ME HARD AND SOFT,2024-05-17,0.467,0.247,6,-12.002,0,0.0431,0.612,0.000271,0.17,0.126,148.101,4
2yWlGEgEfPot0lv3OAjuG3,Just Keep Watching (From F1® The Movie),"Tate McRae, F1 The Album",13,2,7,,2025-06-10,90,False,142550,Just Keep Watching (From F1® The Movie),2025-05-30,0.656,0.796,9,-5.856,0,0.113,0.0767,0.0,0.509,0.425,129.956,4
6eLQXa6uk2EW8drsiKbABZ,TU SANCHO,Fuerza Regida,14,-3,-3,,2025-06-10,90,True,177994,111XPANTIA,2025-05-02,0.689,0.84,8,-6.423,1,0.0457,0.576,0.0,0.126,0.631,120.012,3
21IYMdzTrzSe191Cy5eMap,Sailor Song,Gigi Perez,15,2,-3,,2025-06-10,89,False,211978,"At The Beach, In Every Life",2025-04-25,0.499,0.392,11,-10.441,1,0.0262,0.627,7.1e-05,0.192,0.272,95.076,4
2HRqTpkrJO5ggZyyK6NPWz,Espresso,Sabrina Carpenter,16,-2,6,,2025-06-10,91,True,175459,Short n' Sweet,2024-08-23,0.699,0.776,0,-5.282,1,0.0293,0.131,5.36e-06,0.205,0.708,103.963,4
3xkHsmpQCBMytMJNiDf3Ii,Beautiful Things,Benson Boone,17,-1,-1,,2025-06-10,93,False,180304,Fireworks & Rollerblades,2024-04-05,0.472,0.471,10,-5.692,1,0.0603,0.151,0.0,0.14,0.219,105.029,3
0QCIpQV3twfqo9kh0t8Zza,Shake It To The Max (FLY) - Remix,"MOLIY, Silent Addy, Skillibeng, Shenseea",18,2,-5,,2025-06-10,93,True,178775,Shake It To The Max (FLY) (Remix),2025-02-21,0.856,0.548,0,-6.609,0,0.123,0.561,0.0,0.155,0.562,97.997,4
3sK8wGT43QFpWrvNQsrQya,DtMF,Bad Bunny,19,0,-5,,2025-06-10,97,True,237117,DeBÍ TiRAR MáS FOToS,2025-01-05,0.625,0.131,7,-27.405,0,0.0717,0.177,0.218,0.0807,0.032,136.02,4
1HEwEN64NjgTaHmo7LfkX8,no tiene sentido,Beéle,20,4,12,,2025-06-10,89,False,158036,BORONDO,2025-05-15,0.671,0.596,2,-7.565,0,0.0556,0.0871,1.97e-05,0.119,0.497,121.976,4
7ne4VBA60CxGM75vw0EYad,That’s So True,Gracie Abrams,21,-3,-3,,2025-06-10,96,True,166300,The Secret of Us (Deluxe),2024-10-18,0.554,0.808,1,-4.169,1,0.0368,0.214,0.0,0.159,0.372,108.548,4
2CGNAOSuO1MEFCbBRgUzjd,luther (with sza),"Kendrick Lamar, SZA",22,0,-5,,2025-06-10,92,False,177598,GNX,2024-11-21,0.707,0.575,2,-7.546,1,0.125,0.251,0.0,0.248,0.576,138.008,4
6Qyc6fS4DsZjB2mRW9DsQs,Iris,The Goo Goo Dolls,23,0,-4,,2025-06-10,94,False,289533,Dizzy up the Girl,1998-01-01,0.315,0.715,11,-8.072,0,0.0362,0.00125,7.97e-06,0.0942,0.497,155.925,3
4e6TmHCC4PRUj75knNplNP,Mangu,"Fourtwnty, Charita Utami",24,-3,-3,,2025-06-10,87,False,261048,Nalar,2023-04-18,0.534,0.295,7,-8.733,1,0.0238,0.647,2.96e-06,0.0794,0.197,94.048,4
5yJaXWIErrrsjQ3J0eR5aK,The Night We Met,Lord Huron,25,5,4,,2025-06-10,82,False,208226,Strange Trails,2015-04-07,0.44,0.378,2,-9.545,1,0.045,0.968,0.272,0.639,0.105,174.121,3
17phhZDn6oGtzMe56NuWvj,Lose Control,Teddy Swims,26,5,2,,2025-06-10,92,False,210688,I've Tried Everything But Therapy (Part 1),2023-09-15,0.561,0.604,9,-4.409,1,0.0337,0.199,1.9e-05,0.104,0.242,159.92,3
3GCdLUSnKSMJhs4Tj6CV3s,All The Stars (with SZA),"Kendrick Lamar, SZA",27,-1,-2,,2025-06-10,94,True,232186,Black Panther The Album Music From And Inspired By,2018-02-09,0.695,0.633,8,-4.946,1,0.0599,0.0612,0.000195,0.0926,0.557,96.782,4
3hpm0fTeSqlhJbnqAgaLZs,Marlboro Rojo,Fuerza Regida,28,-3,-2,,2025-06-10,91,True,184173,111XPANTIA,2025-05-02,0.773,0.645,4,-6.376,0,0.0349,0.342,3.38e-06,0.32,0.923,114.996,1
4Q0qVhFQa7j6jRKzo3HDmP,Sapphire,Ed Sheeran,29,21,21,,2025-06-10,79,False,179082,Sapphire,2025-06-05,0.631,0.72,1,-6.152,1,0.0655,0.0163,0.0,0.347,0.394,95.011,4
1UPB5rYJ0bzn6mNSoAHrZC,You'll Be in My Heart,NIKI,30,3,6,,2025-06-10,93,False,241776,You'll Be In My Heart,2022-09-14,0.486,0.613,9,-8.748,1,0.0394,0.0569,0.00139,0.126,0.633,187.531,4
35ISBknsCeZQtq66xABI9g,Messy,Lola Young,31,1,0,,2025-06-10,89,True,284066,This Wasn't Meant For You Anyway,2024-06-21,0.798,0.562,9,-5.913,1,0.0375,0.11,0.00606,0.122,0.647,110.991,4
7CyPwkp0oE8Ro9Dd5CUDjW,"One Of The Girls (with JENNIE, Lily Rose Depp)","The Weeknd, JENNIE, Lily-Rose Depp",32,2,2,,2025-06-10,94,False,244684,The Idol Episode 4 (Music from the HBO Original Series),2023-06-23,0.264,0.64,8,-6.221,1,0.0442,0.0393,2.31e-06,0.151,0.19,84.828,4
0fK7ie6XwGxQTIkpFoWkd1,like JENNIE,JENNIE,33,-4,-10,,2025-06-10,95,True,123517,Ruby,2025-03-07,0.811,0.743,10,-5.321,0,0.0611,0.281,0.00671,0.0868,0.815,130.019,4
2lTm559tuIvatlT1u0JYG2,BAILE INoLVIDABLE,Bad Bunny,34,-7,-10,,2025-06-10,96,True,367725,DeBÍ TiRAR MáS FOToS,2025-01-05,0.168,0.00332,10,-46.113,1,0.0615,0.192,0.79,0.112,0.219,119.387,3
2RdEC8Ff83WkX7kDVCHseE,party 4 u,Charli xcx,35,2,-2,,2025-06-10,93,False,296653,how i'm feeling now,2020-05-15,0.579,0.522,1,-8.393,1,0.0993,0.761,1.41e-05,0.655,0.245,79.453,4
0FIDCNYYjNvPVimz5icugS,Timeless (feat Playboi Carti),"The Weeknd, Playboi Carti",36,0,-6,,2025-06-10,95,True,256000,Hurry Up Tomorrow,2025-01-31,0.768,0.775,11,-5.06,0,0.0466,0.069,2.96e-06,0.138,0.6,119.999,4
5XeFesFbtLpXzIVDNQP22n,I Wanna Be Yours,Arctic Monkeys,37,1,-2,,2025-06-10,94,False,183956,AM,2013-09-09,0.464,0.417,0,-9.345,0,0.0256,0.136,0.022,0.0974,0.479,67.528,4
4oB8Xd7gMlUEtWoD8bmCXW,Morena,"Neton Vega, Peso Pluma",38,-10,1,,2025-06-10,92,False,193728,Mi Vida Mi Muerte,2025-02-14,0.697,0.776,4,-7.409,0,0.0308,0.379,0.00148,0.341,0.189,118.007,3
0WbMK4wrZ1wFSty9F7FCgu,"Good Luck, Babe!",Chappell Roan,39,0,3,,2025-06-10,94,False,218423,"Good Luck, Babe!",2024-04-05,0.7,0.582,11,-5.96,0,0.0356,0.0502,0.0,0.0881,0.785,116.712,4
2QjOHCTQ1Jl3zawyYOpxh6,Sweater Weather,The Neighbourhood,40,7,3,,2025-06-10,93,False,240400,I Love You.,2013-04-22,0.612,0.807,10,-2.81,1,0.0336,0.0495,0.0177,0.101,0.398,124.053,4
04emojnbYkrRmv5qtJcgVP,What I Want (feat. Tate McRae),"Morgan Wallen, Tate McRae",41,-1,-14,,2025-06-10,92,False,184517,I’m The Problem,2025-05-16,0.657,0.699,9,-3.92,1,0.0262,0.639,0.0,0.148,0.495,115.998,4
5ITV0zqzjOYfFWpW0xBmRa,Show Me Love,"WizTheMc, bees & honey",42,-1,-5,,2025-06-10,94,False,176965,Show Me Love,2025-02-07,0.714,0.691,1,-7.333,1,0.0434,0.0212,0.000292,0.111,0.155,107.15,4
6393yGahSJ9slVdOwSxOVR,Pink Pony Club,Chappell Roan,43,-8,7,,2025-06-10,88,False,258034,The Rise and Fall of a Midwest Princess,2023-09-21,0.61,0.65,6,-6.199,1,0.0474,0.399,0.0,0.11,0.507,106.719,4
3siwsiaEoU4Kuuc9WKMUy5,No One Noticed,The Marías,44,1,6,,2025-06-10,93,False,236906,Submarine,2024-05-31,0.705,0.339,7,-10.612,1,0.0278,0.552,0.0814,0.12,0.457,97.989,4
6J5kc12BW5HuP3d7C3vvx8,EoO,Bad Bunny,45,-2,-7,,2025-06-10,94,True,204768,DeBÍ TiRAR MáS FOToS,2025-01-05,0.36,0.464,10,-29.598,0,0.0702,0.749,0.859,0.0825,0.184,63.662,4
1JSTJqkT5qHq8MDJnJbRE1,Every Breath You Take,The Police,46,-2,4,,2025-06-10,93,False,253920,Synchronicity (Remastered 2003),1983-06-17,0.82,0.452,1,-9.796,1,0.0348,0.543,0.00294,0.0714,0.74,117.401,4
221eHga9f9Ne4f8D7WVgPT,Mystical Magical,Benson Boone,47,-5,-6,,2025-06-10,92,False,165746,Mystical Magical,2025-04-24,0.671,0.697,11,-3.851,1,0.116,0.19,0.0,0.393,0.848,119.867,4
3AJwUDP919kvQ9QcozQPxg,Yellow,Coldplay,48,2,-4,,2025-06-10,93,False,266773,Parachutes,2000-07-10,0.429,0.661,11,-7.227,1,0.0281,0.00239,0.000121,0.234,0.285,173.372,4
6WatFBLVB0x077xWeoVc2k,Si Antes Te Hubiera Conocido,KAROL G,49,-3,-3,,2025-06-10,94,False,195824,Si Antes Te Hubiera Conocido,2024-06-21,0.924,0.668,11,-6.795,1,0.0469,0.446,0.000594,0.0678,0.787,128.027,4
7KA4W4McWYRpgf0fWsJZWB,See You Again (feat. Kali Uchis),"Tyler, The Creator, Kali Uchis",50,0,-3,,2025-06-10,93,True,180386,Flower Boy,2017-07-21,0.558,0.559,6,-9.222,1,0.0959,0.371,7.49e-06,0.109,0.62,78.558,4
7c5uGV9Rys18JP2570ykTu,Isaka (6am),"CIZA, Jazzworx, Thukuthela",1,0,0,ZA,2025-06-10,75,False,349910,Isaka (6am),2025-04-11,0.341,0.54,10,-9.07,0,0.0566,0.292,0.279,0.212,0.752,176.762,3
73MJ65QLIfsU2GyCt5KQ3a,Uzizwa Kanjan (feat. GL_Ceejay),"Jazzworx, MaWhoo, Thukuthela, GL_Ceejay",2,0,0,ZA,2025-06-10,72,False,467145,Uzizwa Kanjan (feat. GL_ceejay),2025-04-25,0.51,0.431,1,-11.19,1,0.0518,0.582,0.371,0.11,0.56,118.055,4
4nP3JxLWurlrvollaDlxsJ,Mali,"Dlala Thukzin, Zee Nxumalo, SYKES",3,0,0,ZA,2025-06-10,69,False,408813,031 Studio Camp 2.0,2025-04-25,0.807,0.538,11,-7.799,0,0.0518,0.00606,0.00329,0.0526,0.291,118.05,4
62auSQwzIlyVuqUsxd4w63,"Abantwana Bakho (feat. Thatohatsi, Young Stunna & Nkosazana Daughter)","DJ Maphorisa, Xduppy, Kabza De Small, Thatohatsi, Young Stunna, Nkosazana Daughter",4,2,0,ZA,2025-06-10,69,False,518307,NGOMOYA,2025-03-28,0.74,0.747,8,-10.59,1,0.0496,0.0218,0.0037,0.181,0.542,112.992,4
0DGP0pRR8yz4OW2xxjIskt,Vuma Dlozi Lami (feat. Ancestral Rituals),"Issa sisdoh, Ancestral Rituals",5,0,0,ZA,2025-06-10,69,False,380238,Vuma Dlozi Lami (feat. Ancestral Rituals),2024-09-12,0.675,0.619,2,-8.775,1,0.0328,0.00155,0.0759,0.0456,0.759,117.988,4
5JjQdivvXPrnjeEoxE16WD,Warning,"Shandesh, Shebeshxt, King Salah, Kaycherlow NLL",6,-2,8,ZA,2025-06-10,63,False,280398,Warning,2025-05-23,0.536,0.706,1,-9.56,0,0.0856,0.0336,0.000201,0.0957,0.82,126.787,4
1x4yHR7HJ0ZQCQVjXb2Vc8,UNIKHODIMA,"NHLOSO KHWELA, Shenge wasehlalankosi",7,0,0,ZA,2025-06-10,63,False,265560,UNIKHODIMA,2025-05-03,0.822,0.56,2,-9.604,1,0.0812,0.107,0.0,0.088,0.896,129.968,4
24fRfn3FOM4xk02aE4wief,Vuka (feat. Thukuthela),"Oscar Mbo, Jazzworx, Thukuthela",8,0,-2,ZA,2025-06-10,71,False,327451,Vuka (feat. Thukuthela),2024-12-13,0.738,0.455,4,-10.965,0,0.0466,0.175,0.198,0.105,0.524,118.006,4
2RkZ5LkEzeHGRsmDqKwmaJ,Ordinary,Alex Warren,9,8,3,ZA,2025-06-10,95,False,186964,"You'll Be Alright, Kid (Chapter 1)",2024-09-26,0.368,0.694,2,-6.141,1,0.06,0.704,6.59e-06,0.055,0.391,168.115,3
2Ufc72Ojfx9lR30r5srBPB,Sdudla or Slender,"Shandesh, Mvzzle",10,-1,-1,ZA,2025-06-10,69,False,224187,Sdudla or Slender,2025-03-12,0.848,0.68,11,-10.33,1,0.0662,0.0915,0.000432,0.0425,0.815,127.052,4
3CLA4E7HOX6MBSjZG7hyhm,Di Chopper,"Shandesh, Mvzzle, Abi wa Mampela, Naleboy Young King",11,-1,-3,ZA,2025-06-10,68,False,265762,Di Chopper,2025-04-11,0.757,0.722,6,-9.878,1,0.0589,0.156,0.00168,0.0575,0.887,127.063,4
7hO6BIPeHb0Y5v9bgXoxKg,Sohlala Sisonke,"Dlala Thukzin, Zeh McGeba, MK Productions",12,-1,6,ZA,2025-06-10,67,False,327457,Finally Famous Too,2024-09-27,0.715,0.765,7,-7.837,0,0.0363,0.124,0.0824,0.0391,0.733,118.026,4
3fD3CRxrTurrH3W4nJEt26,Ndonwabile (feat. Raspy & Babalwa M),"Kelvin Momo, Raspy, Babalwa M",13,7,-2,ZA,2025-06-10,62,False,381096,Thato Ya Modimo,2025-05-30,0.856,0.548,5,-12.225,0,0.053,0.0262,0.0347,0.0427,0.323,111.997,4
0Y3kQx93aK7cVwvNn6pfoB,Soft,"Nasty C, Usimamane",14,10,36,ZA,2025-06-10,55,True,135248,Soft,2025-06-06,0.659,0.416,4,-11.744,0,0.275,0.648,0.000115,0.111,0.245,180.973,4
2QVyLdd8FNg33pm5qfju1g,Sajola Kamnandi,"Sminofu, Zee Nxumalo",15,-3,-2,ZA,2025-06-10,66,False,254778,Sajola Kamnandi,2025-04-24,0.668,0.943,11,-5.814,0,0.055,0.0442,0.000371,0.0979,0.78,155.973,4
6VBfzBgHu8tFeeg2ZQO4gH,Wayengenalutho,MENZI MUSIC,16,-3,6,ZA,2025-06-10,64,False,312293,Sizesiguge,2024-12-06,0.591,0.962,9,-4.144,1,0.0397,0.201,2.27e-06,0.0849,0.93,68.517,4
2tUXE87QNnoVQZApV3uyVZ,Ngisakuthanda,"Zee Nxumalo, TBO, PYY Log Drum King, Dj Tearz, Dr Thulz",17,-2,0,ZA,2025-06-10,68,False,412092,Ngisakuthanda,2024-09-06,0.767,0.814,8,-5.779,0,0.0555,0.00891,0.000751,0.0668,0.546,112.998,4
79r4mAwHBAB1x5QnImlUM6,Ncono Siyeke,"Mshinwemali, Shenge wasehlalankosi",18,-2,3,ZA,2025-06-10,62,False,299363,Ncono Siyeke,2024-09-10,0.455,0.799,2,-8.831,1,0.0359,0.384,0.0,0.575,0.868,99.729,3
0OMHMgH263gIrUcszYYivV,Emhlabeni (feat. Thatohatsi & Tracy),"Kelvin Momo, Da Muziqal Chef, Thatohatsi, Tracy",19,0,-9,ZA,2025-06-10,63,False,518596,Thato Ya Modimo,2025-05-30,0.832,0.615,10,-12.271,0,0.0588,0.0107,0.0473,0.113,0.708,112.007,4
5Qnm8kfRqAO7uYl18opkUE,Deda,Samthing Soweto,20,2,7,ZA,2025-06-10,59,False,298653,Deda,2025-05-30,0.322,0.394,5,-10.706,0,0.0548,0.792,9.09e-06,0.174,0.223,86.969,4
3bM6G6G4kcoeTAMdFDPKEB,Ngwanaka,"Janesh, Hitboss SA",21,-7,-2,ZA,2025-06-10,64,False,256864,Lekompo Easter,2025-04-18,0.719,0.71,9,-6.092,1,0.0536,0.00791,0.0026,0.0506,0.345,127.866,4
1SBdVvoxfFvuO6BVY9WqnI,Uvume Kanjani?,LIMIT NALA,22,-4,8,ZA,2025-06-10,63,False,284055,Uvume Kanjani?,2025-03-21,0.641,0.721,7,-5.911,1,0.0272,0.647,3.79e-05,0.0945,0.787,129.982,4
021iZJ1jjc6cZZ4sMXvcW9,Romeo & Juliet,"Naledi Aphiwe, Mawelele",23,3,15,ZA,2025-06-10,64,False,307663,Romeo & Juliet,2025-01-22,0.744,0.562,2,-9.515,1,0.0475,0.241,0.0179,0.0593,0.691,125.989,3
3RCMGDpJlWeEgCLhOz63oa,Ngiyakuthanda,MENZI MUSIC,24,-1,8,ZA,2025-06-10,63,False,283062,Sizesiguge,2024-12-06,0.556,0.924,7,-5.459,0,0.0365,0.424,1.44e-05,0.335,0.833,136.027,4
7bIDSVHXsazyMqK2Peb8FK,Amen,"Cici, Naledi Aphiwe",25,6,-5,ZA,2025-06-10,63,False,198929,Amen,2025-05-21,0.228,0.365,8,-7.986,0,0.0295,0.833,5.56e-05,0.109,0.255,100.515,5
5wYyy08pvNomxBKFa3Bfj6,"ZENZELE (feat. Royal MusiQ, Uncool MC, Xduppy, & CowBoii)","Uncle Waffles, Royal MusiQ, Uncool MC, Xduppy, CowBoii",26,-5,2,ZA,2025-06-10,69,False,273098,4 Da Ho's,2024-12-06,0.884,0.409,1,-11.041,0,0.0775,0.0154,0.00166,0.0686,0.723,113.037,4
2MSzTLwjCFUcGrxNFvU6pm,Mkhuzeni (feat. Da Muziqal Chef),"Kelvin Momo, Babalwa M, Da Muziqal Chef",27,7,-12,ZA,2025-06-10,61,False,527495,Thato Ya Modimo,2025-05-30,0.796,0.836,1,-8.973,0,0.0531,0.0152,0.0444,0.0345,0.543,113.015,4
659qsb8NZaTuNubJDk1gaD,"Dlala Ka Yona (feat. Focalistic, Ricky Lenyora, Uncool MC & Mellow & Sleazy)","DJ Maphorisa, Xduppy, Enny Man Da Guitar, Focalistic, Ricky Lenyora, Uncool MC, Mellow & Sleazy",28,0,17,ZA,2025-06-10,62,False,428816,ROUGH DANCE,2025-03-28,0.871,0.664,1,-11.304,1,0.057,0.00858,0.00111,0.0655,0.624,112.0,4
2QqCjFfWbjMSRo2vscPJBr,Mamenemene,"Shandesh, DJ Janisto, King Salah",29,-4,13,ZA,2025-06-10,61,False,261353,Mamenemene,2025-05-09,0.751,0.66,1,-8.76,0,0.112,0.369,3.85e-06,0.065,0.877,126.876,4
6UTWHvcKICoVo2OuD78Wxq,Abangifuni,"Romeo Makota, Eemoh",30,-3,-1,ZA,2025-06-10,63,False,452455,Lebelo - EP,2025-02-28,0.775,0.621,1,-9.226,1,0.0416,0.0345,0.0168,0.118,0.313,113.015,4
3JW9hNUjUN51X9jZyn2HVV,Ngishutheni,"Goon Flavour, Master KG, Eemoh",31,-1,2,ZA,2025-06-10,71,False,317220,Ngishutheni,2025-04-23,0.787,0.591,11,-7.984,1,0.0444,0.0357,0.00703,0.0796,0.716,112.032,4
21lD8ZDP6nbEAUtoSQl032,Awsukanini,Umafikizolo,32,3,3,ZA,2025-06-10,61,False,228884,Inja Kabi Lena,2025-03-20,0.665,0.972,11,-5.828,0,0.0379,0.755,0.56,0.259,0.967,163.963,4
53wwaMp15eGyE12Cm7sxLa,Ungukuphila,Xolly Mncwango,33,3,17,ZA,2025-06-10,59,False,356306,Jesus Is Enough,2020-11-20,0.278,0.49,3,-11.191,1,0.0523,0.454,0.0,0.351,0.332,168.763,3
1y8zzw3sYud9aHmAK8ujV6,Shapa Bell (feat. King WaveMusiq),"Naleboy Young King, Shandesh, King WaveMusiq",34,-2,3,ZA,2025-06-10,59,False,267189,Shapa Bell (feat. King WaveMusiq),2025-04-01,0.843,0.657,3,-6.211,0,0.0978,0.087,0.0,0.0776,0.811,126.977,4
6dOtVTDdiauQNBQEDOtlAB,BIRDS OF A FEATHER,Billie Eilish,35,13,13,ZA,2025-06-10,100,False,210373,HIT ME HARD AND SOFT,2024-05-17,0.747,0.507,2,-10.171,1,0.0358,0.2,0.0608,0.117,0.438,104.978,4
2LeOHKRLm1Bz7eeNVinUYs,Esandleni,Nontokozo Mkhize,36,-7,8,ZA,2025-06-10,57,False,336600,Lindiwe,2025-01-24,0.477,0.683,4,-5.893,1,0.0395,0.0597,0.00045,0.335,0.495,99.768,4
7vmzUiBkTNEiHoGnRIZ09f,Modimo (feat. Sir Trill & Murumba Pitch),"Kelvin Momo, Tycoon, Sir Trill, Murumba Pitch",37,3,-21,ZA,2025-06-10,61,False,476091,Thato Ya Modimo,2025-05-30,0.829,0.741,1,-9.84,0,0.0493,0.0109,0.108,0.629,0.577,112.984,4
5tIt860TkOItU0BRafiyzd,Sigade Umzila,Mthandeni SK,38,5,5,ZA,2025-06-10,62,False,205400,Sigade Umzila,2024-11-29,0.705,0.882,1,-7.342,0,0.0368,0.339,0.161,0.208,0.883,89.968,4
2CGNAOSuO1MEFCbBRgUzjd,luther (with sza),"Kendrick Lamar, SZA",39,11,8,ZA,2025-06-10,92,False,177598,GNX,2024-11-21,0.707,0.575,2,-7.546,1,0.125,0.251,0.0,0.248,0.576,138.008,4
1hnB525vM5GrFr5AQIXQu8,Ndisize (feat. Ami Faku),"Caiiro, Ami Faku",40,-7,10,ZA,2025-06-10,63,False,315116,Caiiro,2024-07-05,0.784,0.629,5,-8.35,1,0.0491,0.00634,0.259,0.0918,0.517,117.005,4
16B7JnyBsNloQWuWHtUGu7,Ngimile Mpo,Umafikizolo,41,-2,5,ZA,2025-06-10,59,False,287843,Inja Kabi Lena,2025-03-20,0.623,0.932,11,-6.745,0,0.0374,0.48,0.909,0.224,0.875,172.034,4
3QaPy1KgI7nu9FJEQUgn6h,WILDFLOWER,Billie Eilish,42,8,8,ZA,2025-06-10,96,False,261466,HIT ME HARD AND SOFT,2024-05-17,0.467,0.247,6,-12.002,0,0.0431,0.612,0.000271,0.17,0.126,148.101,4
1blpjqXA4y03pWHnDbhs9l,Bo Gogo (feat. Tracy & Thatohatsi),"Kelvin Momo, Da Muziqal Chef, Tracy, Thatohatsi",43,-2,6,ZA,2025-06-10,65,False,527129,Ntsako,2024-12-13,0.811,0.71,8,-11.21,0,0.0495,0.0147,0.0276,0.0928,0.534,113.003,4
73XTer5tuPKNstPEW1eKwL,Naledi,"Mawelele, Naledi Aphiwe",44,5,-3,ZA,2025-06-10,62,False,203210,Time,2025-03-07,0.675,0.538,0,-2.631,1,0.0289,0.757,1.83e-05,0.0964,0.5,94.962,4
6txAWGckgEGJIhLjhNdtE9,Residuals,Chris Brown,45,5,5,ZA,2025-06-10,76,False,215178,11:11 (Deluxe),2024-04-10,0.58,0.645,6,-7.793,0,0.0821,0.342,0.0,0.108,0.171,114.905,4
4cLlF0b1UDV2A3yAJD3QFa,Resa Fola,"Shandesh, Mvzzle",46,4,4,ZA,2025-06-10,58,False,379672,Versatile,2024-07-19,0.797,0.646,7,-9.651,0,0.0422,0.0348,0.000152,0.0423,0.885,122.014,4
3LmvfNUQtglbTrydsdIqFU,We Belong Together,Mariah Carey,47,3,3,ZA,2025-06-10,74,False,201400,The Emancipation of Mimi,2005-04-12,0.833,0.467,0,-7.89,1,0.0619,0.0339,0.0,0.09,0.767,139.971,4
60NQDPeMwd5mpfrWS5RmrB,Kgatsa dinoka,"Mabotho s, Dj Lekusto",48,-10,2,ZA,2025-06-10,58,False,232045,Kgatsa dinoka,2025-03-20,0.902,0.808,8,-6.691,1,0.0573,0.0673,0.000881,0.1,0.925,131.048,4
5nVQ2bPZjV9wlD2hboLe6l,Awuhlabe Kabili,LIMIT NALA,49,-3,1,ZA,2025-06-10,60,False,293877,Take Your Time,2024-12-06,0.707,0.818,7,-7.133,1,0.0306,0.376,0.0,0.0476,0.95,105.02,3
5pRsWnuWkwfnCsaSlxYrsj,Moyongcwele,Nontokozo Mkhize,50,0,0,ZA,2025-06-10,56,False,309473,Lindiwe,2025-01-24,0.24,0.159,3,-14.106,1,0.0288,0.789,0.0,0.0614,0.117,97.004,4
2HRgqmZQC0MC7GeNuDIXHN,Seven (feat. Latto) (Explicit Ver.),"Jung Kook, Latto",1,0,0,VN,2025-06-10,85,True,183550,GOLDEN,2023-11-03,0.79,0.831,11,-4.185,1,0.044,0.312,0.0,0.0797,0.872,124.987,4
1DVYafsLmcQySKkJnY4RCs,Phép Màu - Đàn Cá Gỗ Original Soundtrack,"MAYDAYs, Minh Tốc & Lam",2,1,1,VN,2025-06-10,74,False,266666,Phép Màu (Đàn Cá Gỗ Original Soundtrack),2025-02-21,0.492,0.508,7,-6.907,1,0.0355,0.128,0.0,0.254,0.249,143.857,4
6cc5PzJUddXskJGHJINw9F,DANCING IN THE DARK,SOOBIN,3,1,2,VN,2025-06-10,73,False,227458,BẬT NÓ LÊN,2024-06-25,0.625,0.503,1,-10.565,1,0.0314,0.258,1.43e-05,0.117,0.388,108.038,4
01qFKNWq73UfEslI0GvumE,3D (feat. Jack Harlow),"Jung Kook, Jack Harlow",4,-2,0,VN,2025-06-10,79,True,201812,3D : The Remixes,2023-10-02,0.853,0.824,1,-3.287,1,0.103,0.0322,0.0,0.0859,0.888,108.044,4
27xkOIER6uDLKALIelHylZ,Don’t Say You Love Me,Jin,5,0,-3,VN,2025-06-10,92,False,180716,Echo,2025-05-16,0.729,0.562,8,-5.49,1,0.0304,0.484,0.0,0.105,0.757,111.976,4
5WkuMbkHX7yR7nnBKCn7tV,vạn vật như muốn ta bên nhau,RIO,6,0,0,VN,2025-06-10,70,False,185625,vạn vật như muốn ta bên nhau,2025-04-10,0.687,0.226,9,-13.359,1,0.0321,0.916,4.81e-06,0.127,0.567,95.931,3
7fCeYpR02Q8JVuD88hJZVT,Bầu Trời Mới,"Da LAB, Minh Tốc & Lam",7,3,4,VN,2025-06-10,67,False,262495,M∞N,2024-10-05,0.464,0.709,5,-5.431,1,0.0545,0.511,0.0,0.111,0.275,180.047,4
4nXrVH5xwN1w6TpmP7uu8n,Exit Sign,"HIEUTHUHAI, marzuz",8,1,1,VN,2025-06-10,71,False,201589,Ai Cũng Phải Bắt Đầu Từ Đâu Đó,2023-10-16,0.483,0.599,2,-7.564,1,0.39,0.848,2.01e-05,0.153,0.175,75.375,4
3uT8QfoX0BE8ZJa4h98LDW,Wrong Times,"Puppy, Dangrangto",9,-2,-2,VN,2025-06-10,72,False,211200,Wrong Times,2023-05-17,0.809,0.42,8,-14.145,1,0.319,0.654,2.91e-06,0.116,0.521,148.048,4
4fj4Jn4nw8fGX8xdbCntJf,Sau Cơn Mưa,"CoolKid, RHYDER",10,10,11,VN,2025-06-10,70,False,154756,Sau Cơn Mưa,2023-07-28,0.69,0.3,6,-9.204,1,0.039,0.769,1.69e-06,0.123,0.646,81.983,4
354swDEk1Zdo9y57fEqmRg,ĐOÁ HOA,"TeuYungBoy, BIG WIND, DONAL",11,3,-1,VN,2025-06-10,69,False,158987,ĐOÁ HOA,2025-03-08,0.8,0.621,8,-9.104,0,0.0623,0.209,0.000104,0.195,0.607,150.044,4
2wZAvkgiOE5tyrnqhB69KA,Âm Thầm Bên Em,Sơn Tùng M-TP,12,4,5,VN,2025-06-10,68,False,293112,m-tp M-TP,2017-04-01,0.5,0.462,10,-9.153,1,0.0273,0.883,0.00349,0.128,0.107,140.075,4
31VNCmwspR7nVJ6kruUuJt,Đừng Làm Trái Tim Anh Đau,Sơn Tùng M-TP,13,4,-1,VN,2025-06-10,71,False,279208,Đừng Làm Trái Tim Anh Đau,2024-06-08,0.854,0.636,11,-7.972,1,0.0406,0.527,0.0,0.135,0.858,125.512,4
7tI8dRuH2Yc6RuoTjxo4dU,Who,Jimin,14,4,5,VN,2025-06-10,90,False,170887,MUSE,2024-07-19,0.66,0.756,0,-3.743,0,0.032,0.00289,0.0,0.193,0.838,116.034,4
2a5hng9yXtbjtTVVm9UviC,Mơ,Vũ Cát Tường,15,8,8,VN,2025-06-10,68,False,262191,Mơ,2016-01-01,0.556,0.413,9,-7.261,1,0.0791,0.908,3.38e-06,0.0924,0.191,113.086,4
3CmacJj7VC4W6daC8BWd0h,Mất Kết Nối,Dương Domic,16,5,2,VN,2025-06-10,70,False,207473,Dữ Liệu Quý,2024-11-22,0.492,0.399,1,-9.028,1,0.0443,0.82,0.0,0.133,0.236,131.811,4
3Ids3RXurYBgySph53qWnB,Từng Ngày Yêu Em,buitruonglinh,17,-6,7,VN,2025-06-10,69,False,225882,Từng Ngày Như Mãi Mãi,2024-12-12,0.604,0.531,2,-7.252,1,0.071,0.701,6.08e-05,0.145,0.425,152.995,4
7G7mSV4BebkoHWwKTDvXu9,Winter Ahead (with PARK HYO SHIN),"V, Park Hyo Shin",18,32,4,VN,2025-06-10,84,False,234895,Winter Ahead (with PARK HYO SHIN),2024-11-29,0.36,0.316,3,-9.954,1,0.0284,0.858,0.000212,0.23,0.229,76.844,3
4tqXSj46umlymdIxqY8zso,giá như,SOOBIN,19,-4,-5,VN,2025-06-10,66,False,223200,BẬT NÓ LÊN,2024-06-25,0.748,0.474,7,-11.228,0,0.0354,0.206,9.43e-05,0.0832,0.446,124.975,4
4wJ5Qq0jBN4ajy7ouZIV1c,APT.,"ROSÉ, Bruno Mars",20,-7,10,VN,2025-06-10,89,False,169917,rosie,2024-12-06,0.777,0.783,0,-4.477,0,0.26,0.0283,0.0,0.355,0.939,149.027,4
3y66li7DIrH7HLKIZzxR5H,Lễ Đường,Kai Đinh,21,-13,-13,VN,2025-06-10,71,False,249301,Lễ Đường,2025-03-09,0.579,0.44,1,-8.008,1,0.0428,0.686,0.0,0.0769,0.507,135.877,4
1K0HQ30Wc11okzlcnFA7Ub,Không Thể Say,HIEUTHUHAI,22,10,-6,VN,2025-06-10,70,False,228413,Ai Cũng Phải Bắt Đầu Từ Đâu Đó,2023-10-16,0.675,0.635,7,-5.266,1,0.0416,0.246,0.0,0.211,0.642,144.984,4
2Pwou3Q2Cf59RxdX2V6MgV,Có Đôi Điều,Shiki,23,2,4,VN,2025-06-10,70,False,174000,Lặng,2024-06-27,0.42,0.59,0,-8.071,1,0.17,0.695,0.00374,0.168,0.406,89.959,4
4gaxEUZE4z9pJAVTSFwgQI,một đời,"14 Casper, Bon Nghiêm, buitruonglinh",24,4,-4,VN,2025-06-10,64,False,328240,SỐ KHÔNG,2023-03-03,0.442,0.349,0,-10.676,1,0.0307,0.847,1.36e-06,0.136,0.365,135.978,4
41DlPJXKTCypXdf2eSqa03,bình yên,"Vũ., Binz",25,-3,16,VN,2025-06-10,65,False,195974,Bảo Tàng Của Nuối Tiếc,2024-09-27,0.677,0.526,1,-8.375,1,0.0435,0.787,1.92e-05,0.0855,0.217,121.969,4
2KslE17cAJNHTsI2MI0jb2,Standing Next to You,Jung Kook,26,-14,-13,VN,2025-06-10,85,False,206019,GOLDEN,2023-11-03,0.711,0.809,2,-4.389,0,0.0955,0.0447,0.0,0.339,0.816,106.017,4
0SmQ0UWeiHKQtxUej4Rem6,Tháng Năm,SOOBIN,27,-8,-2,VN,2025-06-10,66,False,225358,The Playah,2020-12-15,0.67,0.618,9,-5.467,0,0.0377,0.128,0.0,0.0534,0.251,147.015,4
3ZbZtdEw9U0uZW4tZItIwq,Chịu Cách Mình Nói Thua,"RHYDER, CoolKid, BAN",28,-4,-2,VN,2025-06-10,70,False,181558,Chịu Cách Mình Nói Thua,2023-11-22,0.604,0.737,10,-6.575,0,0.0372,0.16,0.0,0.115,0.36,154.173,4
6kCU6i8iRrAAmJJ8Sj4JYC,Nắng có mang em về,"Shartnuss, Tr.D, Phankeo",29,2,14,VN,2025-06-10,67,False,254304,Luv,2023-10-21,0.459,0.408,7,-12.482,1,0.0361,0.801,0.0312,0.162,0.287,150.922,4
4CUvVaAYuXtvYURLFz7EIL,Chuyện Đôi Ta (feat. Muộii),"Emcee L (Da LAB), Da LAB, Muộii (Starry Night)",30,8,-15,VN,2025-06-10,68,False,208048,Chuyện Đôi Ta (feat. Muộii),2021-12-01,0.517,0.467,0,-7.222,1,0.0442,0.724,0.0,0.0908,0.453,199.815,3
226ljdOTLM2clGpm4mZvAm,Love is,Dangrangto,31,-1,1,VN,2025-06-10,69,False,266758,Love is,2023-06-27,0.69,0.291,4,-16.499,1,0.0515,0.207,1.06e-06,0.205,0.584,139.126,4
5XfGQZA0ioQAWUjlyJRcHc,1000 Ánh Mắt,"Shiki, Obito",32,4,-1,VN,2025-06-10,69,False,152000,Lặng,2024-06-27,0.641,0.326,8,-8.716,1,0.0325,0.789,0.0,0.104,0.474,143.997,4
7gSQxwCpEMjg8wb6Y3oqe7,"HÀO QUANG (feat. RHYDER, Dương Domic & Pháp Kiều)","ANH TRAI ""SAY HI"", RHYDER, Dương Domic, Pháp Kiều",33,2,1,VN,2025-06-10,68,False,245454,"ANH TRAI ""SAY HI"" (Live Stage 2)",2024-08-06,0.577,0.587,1,-5.814,1,0.0369,0.69,0.0,0.268,0.5,131.52,4
3COYA2vgfcUhDyRlVpZy5p,PHÓNG ZÌN ZÌN,"tlinh, Low G",34,-8,4,VN,2025-06-10,70,False,202999,FLVR,2024-09-18,0.717,0.693,5,-6.808,0,0.0646,0.185,0.00171,0.164,0.445,101.996,4
4exlWP8cokkWVCvyP3kg7c,nếu lúc đó,"tlinh, 2pillz",35,12,-6,VN,2025-06-10,65,False,263752,ái,2023-08-16,0.627,0.591,4,-7.908,1,0.0316,0.344,0.000134,0.159,0.358,140.018,4
5rSAUmbOg4giDrM29vUyHe,Nơi Này Có Anh,Sơn Tùng M-TP,36,7,11,VN,2025-06-10,66,False,260117,m-tp M-TP,2017-04-01,0.52,0.853,0,-5.249,1,0.0304,0.0451,0.000959,0.144,0.328,91.993,4
2uZmeuNAxSm7XfVIwLkhCx,nhắn nhủ,Ronboogz,37,4,3,VN,2025-06-10,67,False,241190,nhắn nhủ,2023-12-12,0.762,0.295,7,-9.745,1,0.035,0.954,0.00157,0.164,0.284,129.962,4
3ET3xHCLMGd57u06A9RjJ0,Nói Dối,Ronboogz,38,-9,-1,VN,2025-06-10,67,False,206139,Nói Dối,2022-12-12,0.707,0.563,5,-9.683,1,0.1,0.842,1.72e-05,0.124,0.382,167.989,4
0669gFIK8dYK9GGQ0K0QNF,Tràn Bộ Nhớ,Dương Domic,39,-2,5,VN,2025-06-10,68,False,172500,Dữ Liệu Quý,2024-11-22,0.71,0.768,7,-8.18,1,0.0515,0.56,0.000898,0.103,0.472,127.925,4
5PGh9MyKry8slG5AfvD1eD,Hà Nội,"Obito, Shiki, VSTRA",40,4,-7,VN,2025-06-10,68,False,165555,Đánh Đổi,2023-10-10,0.768,0.368,11,-13.274,0,0.0469,0.329,0.105,0.284,0.365,107.998,4
36fgG6NiEuQXznNgf5y2Ck,một bài hát không vui mấy - Extended Version,"T.R.I, Dangrangto, DONAL",41,-1,4,VN,2025-06-10,67,False,235315,một bài hát không vui mấy (Extended Version),2024-12-24,0.796,0.35,5,-8.425,1,0.0368,0.597,3.27e-05,0.129,0.445,94.985,4
26zqmmkqUK6mCc87XDzPym,"CHÂN THÀNH (feat. RHYDER, Captain, Quang Hùng MasterD, WEAN & Ali Hoàng Dương)","ANH TRAI ""SAY HI"", RHYDER, CAPTAIN BOY, Quang Hùng MasterD, WEAN, Ali Hoàng Dương",42,-8,0,VN,2025-06-10,67,False,258000,"ANH TRAI ""SAY HI"" (Live Stage 4)",2024-08-26,0.35,0.599,7,-6.94,0,0.0942,0.545,0.0,0.139,0.472,180.134,3
5BTzf3doGTigDIYUFtbkI9,Sinh Ra Đã Là Thứ Đối Lập Nhau (feat. Badbies),"Emcee L (Da LAB), Da LAB, Badbies",43,7,3,VN,2025-06-10,67,False,234168,Sinh Ra Đã Là Thứ Đối Lập Nhau (feat. Badbies),2020-12-29,0.494,0.395,6,-8.653,1,0.0301,0.887,1.43e-05,0.058,0.179,141.464,4
3P3rcI48wwVEgxF5vPM6pG,Buông Đôi Tay Nhau Ra,Sơn Tùng M-TP,44,-17,6,VN,2025-06-10,67,False,227492,m-tp M-TP,2017-04-01,0.705,0.72,8,-7.135,0,0.0291,0.639,0.515,0.108,0.634,110.961,4
265hQASPY3HFmUH38zZrSK,MOIEM,"Dangrangto, DONAL",45,5,5,VN,2025-06-10,66,False,191834,MOIEM,2024-11-06,0.506,0.332,5,-11.503,0,0.0586,0.016,4.8e-06,0.109,0.0945,76.37,4
0s7RyyUlQfd8mnnboHe18n,Hẹn Gặp Em Dưới Ánh Trăng,"MANBO, HIEUTHUHAI, HURRYKNG",46,-7,-18,VN,2025-06-10,68,False,222000,Hẹn Gặp Em Dưới Ánh Trăng,2020-09-25,0.787,0.658,8,-7.595,1,0.0325,0.65,2.31e-05,0.118,0.475,120.005,4
0oSc7X1uRQGuEqNRtXEeQL,Dù Cho Tận Thế,ERIK,47,3,3,VN,2025-06-10,68,False,233263,Dù Cho Tận Thế,2025-02-06,0.68,0.492,9,-5.936,1,0.0328,0.724,0.0,0.128,0.364,120.049,4
1XZE0InCx3SdCnLpVsPpZl,Jumping Machine (跳楼机),LBI利比,48,2,1,VN,2025-06-10,82,False,201642,Jumping Machine (跳楼机),2025-01-23,0.605,0.53,6,-7.981,1,0.029,0.659,0.0,0.172,0.351,127.939,4
4CVxKSRLUxqUuj2z9vn4fS,Xin Đừng Lặng Im,SOOBIN,49,-16,-13,VN,2025-06-10,63,False,268376,Xin Đừng Lặng Im,2025-02-13,0.541,0.468,0,-7.481,0,0.0299,0.778,0.0,0.205,0.348,134.889,4
0e6fZkLArSmDIHnZcIua7t,Không Yêu Em Thì Yêu Ai?,"Vũ., Low G",50,-5,0,VN,2025-06-10,67,False,232647,Bảo Tàng Của Nuối Tiếc,2024-09-27,0.695,0.516,10,-10.086,1,0.0525,0.522,0.000168,0.0903,0.546,130.023,4
7tI8dRuH2Yc6RuoTjxo4dU,Who,Jimin,1,0,1,VE,2025-06-10,90,False,170887,MUSE,2024-07-19,0.66,0.756,0,-3.743,0,0.032,0.00289,0.0,0.193,0.838,116.034,4
1HEwEN64NjgTaHmo7LfkX8,no tiene sentido,Beéle,2,0,-1,VE,2025-06-10,89,False,158036,BORONDO,2025-05-15,0.671,0.596,2,-7.565,0,0.0556,0.0871,1.97e-05,0.119,0.497,121.976,4
6iOndD4OFo7GkaDypWQIou,La Plena - W Sound 05,"W Sound, Beéle, Ovy On The Drums",3,0,1,VE,2025-06-10,95,True,150001,La Plena (W Sound 05),2025-02-19,0.894,0.643,5,-3.485,1,0.132,0.543,0.000984,0.101,0.659,99.039,4
27xkOIER6uDLKALIelHylZ,Don’t Say You Love Me,Jin,4,0,-1,VE,2025-06-10,92,False,180716,Echo,2025-05-16,0.729,0.562,8,-5.49,1,0.0304,0.484,0.0,0.105,0.757,111.976,4
2QP041AcWg8PwPIWP95RKN,top diesel,Beéle,5,1,2,VE,2025-06-10,82,False,189456,BORONDO,2025-05-15,0.825,0.73,5,-4.007,1,0.11,0.144,0.000884,0.0435,0.77,99.995,4
4zhk2RS2EZODmBW6il55Qj,mi refe,"Beéle, Ovy On The Drums",6,-1,-1,VE,2025-06-10,84,False,159404,BORONDO,2025-05-15,0.637,0.648,7,-5.306,0,0.271,0.403,5.41e-05,0.119,0.441,123.108,4
1C7NXX8UJ6pgNx8EkmyZDd,si te pillara,Beéle,7,3,3,VE,2025-06-10,78,False,184547,BORONDO,2025-05-15,0.503,0.673,5,-5.594,1,0.0773,0.59,0.0,0.396,0.343,103.814,4
18m5dJOPB2geFwOymXNaWg,AURORA,"Mora, De La Rose",8,-1,-2,VE,2025-06-10,85,True,192853,LO MISMO DE SIEMPRE,2025-05-18,0.595,0.761,11,-4.966,0,0.042,0.592,0.0,0.202,0.367,111.926,4
4DnrAI8WyUY6gkOwl8GlPN,capaz (merengueton),"Alleh, Yorghaki",9,-1,0,VE,2025-06-10,90,False,173858,LA CIUDAD,2024-12-24,0.872,0.614,3,-5.618,0,0.181,0.0815,0.000207,0.135,0.785,126.957,4
3fmw8iIyQDS2L7nE6Wd0xG,sobelove,Beéle,10,-1,-2,VE,2025-06-10,81,False,131827,BORONDO,2025-05-15,0.756,0.721,8,-4.046,0,0.191,0.36,9.88e-06,0.0794,0.715,111.994,4
7d6yK8v8J484SWH5prIQiE,VeLDÁ,"Bad Bunny, Omar Courtz, Dei V",11,0,2,VE,2025-06-10,92,True,235336,DeBÍ TiRAR MáS FOToS,2025-01-05,0.613,0.981,1,-18.638,1,0.149,0.29,0.0023,0.437,0.0337,101.852,3
5FLzweTtgQurkLPs0E7uEO,Priti,"Danny Ocean, Sech",12,0,-1,VE,2025-06-10,87,False,130968,Priti,2025-03-20,0.8,0.681,9,-7.307,1,0.0499,0.163,0.0,0.101,0.523,121.915,4
6VfL3MEuYeJbDlD8m011HR,quédate,Beéle,13,3,-1,VE,2025-06-10,83,False,176481,BORONDO,2025-05-15,0.608,0.633,0,-4.609,0,0.137,0.294,2.04e-05,0.143,0.549,111.888,5
2BvPMS2XWfnCpHHvWeOyeC,DETRÁS DE TU ALMA,Mora,14,7,3,VE,2025-06-10,83,True,237000,LO MISMO DE SIEMPRE,2025-05-18,0.433,0.733,4,-5.54,0,0.128,0.503,0.0,0.244,0.263,89.405,4
5Fhr3wqeieN5WDkAsqL1JJ,MONA LISA,j-hope,15,0,4,VE,2025-06-10,87,False,137191,MONA LISA,2025-03-21,0.799,0.805,1,-5.009,1,0.0372,0.0278,9.03e-06,0.0535,0.96,137.952,4
2RX1emplIvpgCuZl87y50j,ENAMORA2,Fer Ariza,16,-3,0,VE,2025-06-10,51,False,202064,ENAMORA2,2025-03-26,0.834,0.876,7,-5.473,1,0.124,0.0923,0.0,0.115,0.59,122.046,4
0Qe2g06yzLBuuSvVmFiweP,Hasta Aquí Llegué,"Nanpa Básico, Beéle",17,-3,1,VE,2025-06-10,84,False,188887,Duelo,2024-11-07,0.641,0.657,11,-8.338,0,0.218,0.538,0.0,0.106,0.411,100.016,4
61C7zXd4t2Zuhz6DRwgsLM,Volver,"Piso 21, Marc Anthony, Beéle",18,2,3,VE,2025-06-10,85,False,232149,Volver,2025-02-06,0.478,0.793,11,-4.449,1,0.387,0.235,0.0,0.146,0.604,92.294,4
4zbEItKoaRId1vRZkoO0Uh,Imagínate,"Danny Ocean, Kapo",19,4,9,VE,2025-06-10,88,False,170365,Imagínate,2024-11-07,0.779,0.737,11,-4.667,1,0.109,0.134,0.0,0.0974,0.445,101.923,4
2SPBFiD8iITb8CKJGz1TEQ,111,Yan Block,20,-1,0,VE,2025-06-10,86,True,153750,111,2025-02-20,0.792,0.498,4,-10.327,0,0.196,0.501,0.165,0.0951,0.14,127.974,4
5DdLSEyKh8zgCrJq2hFj92,Yo sé,"Yan Block, TORRRES",21,-3,8,VE,2025-06-10,86,True,129705,Yo sé,2024-05-23,0.716,0.462,5,-9.847,0,0.128,0.68,0.0,0.132,0.626,136.045,4
1i1n7hUzCDkXGFqIJSSzom,frente al mar,Beéle,22,0,5,VE,2025-06-10,78,False,165178,BORONDO,2025-05-15,0.75,0.682,10,-3.825,1,0.0945,0.168,1.28e-06,0.112,0.618,100.036,4
31we7ZzWdSBEOKs5Ln6QVF,NUBES,"De La Rose, Omar Courtz",23,-6,-1,VE,2025-06-10,85,True,271801,NUBES,2025-04-03,0.657,0.666,7,-3.786,1,0.0302,0.243,0.0,0.101,0.19,99.945,4
6OCNg7QchXJMww1LHMjIzb,Hiekka,"Nicky Jam, Beéle",24,0,1,VE,2025-06-10,86,False,213333,Hiekka,2025-05-02,0.724,0.726,4,-4.077,0,0.0416,0.0451,0.0,0.12,0.332,107.865,4
3Ob9NJaBlOGDvndnG6G2PW,MÁS QUE ALGO,"Mora, Omar Courtz",25,6,-10,VE,2025-06-10,82,True,242306,LO MISMO DE SIEMPRE,2025-05-18,0.564,0.619,7,-6.331,1,0.0495,0.737,0.0,0.122,0.403,103.05,4
4MUrUT38U98olfnyzMBCzm,KLOuFRENS,Bad Bunny,26,0,6,VE,2025-06-10,90,True,199114,DeBÍ TiRAR MáS FOToS,2025-01-05,0.326,0.125,1,-32.45,1,0.148,0.703,0.706,0.18,0.306,106.974,4
0DMJz677XfXiiruhIELu2e,VITAMINA,"Jombriel, DFZM, Jøtta",27,-2,-3,VE,2025-06-10,92,False,208743,VITAMINA,2025-02-27,0.815,0.746,10,-4.855,0,0.0528,0.015,2.26e-06,0.056,0.768,92.007,4
6J5kc12BW5HuP3d7C3vvx8,EoO,Bad Bunny,28,-1,2,VE,2025-06-10,94,True,204768,DeBÍ TiRAR MáS FOToS,2025-01-05,0.36,0.464,10,-29.598,0,0.0702,0.749,0.859,0.0825,0.184,63.662,4
1o4xkdBe0RjSf2u6VXi4OI,444,"Yan Block, Panda Black",29,-1,-3,VE,2025-06-10,85,True,175280,444,2024-04-04,0.435,0.61,1,-8.114,0,0.0895,0.152,1.21e-05,0.142,0.22,118.653,5
2lTm559tuIvatlT1u0JYG2,BAILE INoLVIDABLE,Bad Bunny,30,0,1,VE,2025-06-10,96,True,367725,DeBÍ TiRAR MáS FOToS,2025-01-05,0.168,0.00332,10,-46.113,1,0.0615,0.192,0.79,0.112,0.219,119.387,3
59D4DOkspUbWyMmbAPQkxZ,VOY A LLeVARTE PA PR,Bad Bunny,31,-2,2,VE,2025-06-10,93,True,156364,DeBÍ TiRAR MáS FOToS,2025-01-05,0.148,0.604,7,-35.032,1,0.0588,0.921,0.453,0.405,1e-05,106.295,3
10MpBpx64MNixmUMNj7f6b,LATINA FOREVA,KAROL G,32,2,-9,VE,2025-06-10,88,True,159452,LATINA FOREVA,2025-05-22,0.806,0.715,1,-3.539,0,0.0538,0.0115,0.0,0.0756,0.5,97.936,4
4Hkp1TiYqGYhknFwtUsbqd,ME GUSTAS CC,ROA,33,0,4,VE,2025-06-10,79,True,173573,Private Suite (Vol. 2),2024-12-13,0.337,0.818,5,-5.261,0,0.149,0.303,0.000159,0.111,0.457,87.429,5
7bywjHOc0wSjGGbj04XbVi,LUNA,"Feid, ATL Jacob",34,5,10,VE,2025-06-10,89,False,196800,FERXXOCALIPSIS,2023-12-01,0.774,0.86,7,-2.888,0,0.13,0.131,0.0,0.116,0.446,100.019,4
6WatFBLVB0x077xWeoVc2k,Si Antes Te Hubiera Conocido,KAROL G,35,2,5,VE,2025-06-10,94,False,195824,Si Antes Te Hubiera Conocido,2024-06-21,0.924,0.668,11,-6.795,1,0.0469,0.446,0.000594,0.0678,0.787,128.027,4
51YOvMn0xShoUKDdPecFbb,morena (Bonus Track),Beéle,36,8,7,VE,2025-06-10,75,False,188930,BORONDO,2025-05-15,0.737,0.682,9,-6.149,1,0.13,0.155,0.0,0.227,0.676,104.107,4
0l0vcZMU7AOeQmUIREoI2U,Qué Pasaría...,"Rauw Alejandro, Bad Bunny",37,1,5,VE,2025-06-10,91,True,191018,Cosa Nuestra,2024-11-15,0.833,0.563,4,-5.593,0,0.204,0.528,1.27e-05,0.139,0.343,105.008,4
3YrTrs2hJbLklaBdhr4TrH,ETA - RMX,"ROA, De La Rose, Luar La L, Yan Block, Omar Courtz",38,2,0,VE,2025-06-10,76,True,462561,Private Suite (Vol. 2),2024-12-13,0.606,0.744,10,-4.661,0,0.208,0.436,0.0,0.109,0.558,87.993,4
2BE1Q5N4Enl1eRrM82uzsu,Solcito,"Miguel Bueno, Juan Duque",39,7,6,VE,2025-06-10,87,False,144000,Solcito,2025-03-13,0.762,0.57,11,-6.598,1,0.0707,0.674,0.0,0.315,0.734,100.015,4
3I4YGWwJoqBdBGVnkRjnVw,secuestro,"Slayter, Yan Block, NTG",40,-4,8,VE,2025-06-10,78,True,194062,dile no a las drogas,2025-04-10,0.764,0.568,10,-6.004,0,0.134,0.639,0.0151,0.144,0.674,94.02,4
3jAshemiRYWukWLtT3Ivrb,SOLEAO,"Myke Towers, Quevedo",41,4,9,VE,2025-06-10,82,False,218305,SOLEAO,2025-05-29,0.738,0.606,5,-5.175,0,0.0603,0.253,1.11e-05,0.105,0.628,104.131,4
3sK8wGT43QFpWrvNQsrQya,DtMF,Bad Bunny,42,0,5,VE,2025-06-10,97,True,237117,DeBÍ TiRAR MáS FOToS,2025-01-05,0.625,0.131,7,-27.405,0,0.0717,0.177,0.218,0.0807,0.032,136.02,4
3bn6CxnWxuvYZz3i9vE2dc,MIL VIDAS,"Mora, Ryan Castro",43,4,-9,VE,2025-06-10,80,False,269720,LO MISMO DE SIEMPRE,2025-05-18,0.744,0.587,0,-6.256,1,0.0292,0.737,0.0,0.147,0.438,105.006,4
6ifUES3keWjwXgae8pXI3o,Me Rehúso,Danny Ocean,44,-9,-3,VE,2025-06-10,86,False,205714,54+1,2019-03-22,0.744,0.804,1,-6.327,1,0.0677,0.0231,0.0,0.0494,0.426,104.823,4
5TFD2bmFKGhoCRbX61nXY5,NUEVAYoL,Bad Bunny,45,-2,1,VE,2025-06-10,94,False,183685,DeBÍ TiRAR MáS FOToS,2025-01-05,0.142,0.195,6,-20.024,1,0.139,0.265,0.995,0.204,0.12,137.922,4
0Sr7ssScx54yxdM2ols7nW,Q U E V A S H A C E R H O Y ?,"Omar Courtz, De La Rose",46,-5,4,VE,2025-06-10,86,True,224022,PRIMERA MUSA,2024-09-20,0.56,0.681,6,-6.304,0,0.244,0.103,0.0,0.106,0.388,155.079,4
7eNwwoxDR8KVzNAuGvliAO,Kyoto,"Omar Courtz, De La Rose, Haze",47,1,3,VE,2025-06-10,82,True,247840,Kyoto,2023-07-14,0.732,0.753,9,-4.269,0,0.0512,0.235,1.74e-05,0.568,0.405,94.978,4
1cmfXbOvNJt7iDrnJy5BRE,DROGA,"Mora, C. Tangana",48,2,-13,VE,2025-06-10,85,True,222626,LO MISMO DE SIEMPRE,2025-05-18,0.695,0.848,0,-5.039,0,0.0569,0.383,0.0,0.078,0.878,76.022,4
1B1maIpcMpPDZ8GT0WHT0V,Milagros,KAROL G,49,1,-13,VE,2025-06-10,87,False,235026,Milagros,2025-05-08,0.591,0.797,2,-5.671,1,0.388,0.508,0.0,0.318,0.416,162.082,3
1YYfyJ2yCvGFCxwjsIqEK9,Khé?,"Rauw Alejandro, Romeo Santos",50,-1,0,VE,2025-06-10,88,False,206066,Cosa Nuestra,2024-11-15,0.687,0.627,7,-4.975,1,0.181,0.326,0.0,0.0893,0.47,155.865,4
6iOndD4OFo7GkaDypWQIou,La Plena - W Sound 05,"W Sound, Beéle, Ovy On The Drums",1,0,0,UY,2025-06-10,95,True,150001,La Plena (W Sound 05),2025-02-19,0.894,0.643,5,-3.485,1,0.132,0.543,0.000984,0.101,0.659,99.039,4
6X8DTIJEgHUjZynuds0E2f,Tu jardín con enanitos,"Roze Oficial, Max Carra, Valen, RAMKY EN LOS CONTROLES",2,0,0,UY,2025-06-10,74,False,175059,Tu jardín con enanitos,2025-05-22,0.49,0.638,7,-5.894,1,0.0398,0.0721,0.0,0.313,0.484,138.061,3
4DnrAI8WyUY6gkOwl8GlPN,capaz (merengueton),"Alleh, Yorghaki",3,0,0,UY,2025-06-10,90,False,173858,LA CIUDAD,2024-12-24,0.872,0.614,3,-5.618,0,0.181,0.0815,0.000207,0.135,0.785,126.957,4
0DMJz677XfXiiruhIELu2e,VITAMINA,"Jombriel, DFZM, Jøtta",4,1,0,UY,2025-06-10,92,False,208743,VITAMINA,2025-02-27,0.815,0.746,10,-4.855,0,0.0528,0.015,2.26e-06,0.056,0.768,92.007,4
2iDDnYmaz1HhedjI91fbmp,MOTINHA 2.0 (Mete Marcha) - Remix,"DENNIS, Luísa Sonza, Emilia",5,-1,1,UY,2025-06-10,81,False,118081,MOTINHA 2.0 (Mete Marcha) - Remix,2025-04-24,0.861,0.894,0,-1.306,0,0.13,0.0511,0.0,0.333,0.918,135.078,4
1HEwEN64NjgTaHmo7LfkX8,no tiene sentido,Beéle,6,4,6,UY,2025-06-10,89,False,158036,BORONDO,2025-05-15,0.671,0.596,2,-7.565,0,0.0556,0.0871,1.97e-05,0.119,0.497,121.976,4
7dCGkDZgWIDSZyxInMkdIv,Pa las girlas,Mattei,7,0,3,UY,2025-06-10,80,False,150578,Pa las girlas,2025-02-24,0.584,0.848,1,-4.285,0,0.0801,0.126,0.0,0.242,0.727,196.074,4
2efbgTtEGNpsUZaOfgRTR6,blackout 🧊,"Emilia, TINI, Nicki Nicole",8,-2,-1,UY,2025-06-10,85,False,182282,blackout 🧊,2025-03-25,0.778,0.787,9,-2.447,0,0.0478,0.245,0.000106,0.111,0.957,137.994,4
5MKbWaXeSQSmzmo7gPQha1,Amor de Vago,"La T y La M, Malandro",9,-1,-1,UY,2025-06-10,80,False,188423,Amor de Vago,2024-08-23,0.65,0.507,2,-7.27,1,0.111,0.706,2.47e-06,0.0725,0.603,179.984,4
7tI8dRuH2Yc6RuoTjxo4dU,Who,Jimin,10,8,24,UY,2025-06-10,90,False,170887,MUSE,2024-07-19,0.66,0.756,0,-3.743,0,0.032,0.00289,0.0,0.193,0.838,116.034,4
0vcuJjViqrFCCWUrjrZW1X,RAMEN PARA DOS,"Maria Becerra, Paulo Londra, XROSS",11,1,-6,UY,2025-06-10,84,True,231999,RAMEN PARA DOS,2025-05-08,0.789,0.627,1,-4.211,0,0.0444,0.155,0.0,0.375,0.601,130.021,4
55mYWV1RJDUKziwn1Is0Vt,Se Me Olvida / Empelotica,LA NUEVA ESCUELA,12,-3,-3,UY,2025-06-10,61,False,287666,Se Me Olvida / Empelotica,2024-11-14,0.716,0.776,4,-4.088,1,0.104,0.242,0.0,0.152,0.631,90.095,4
4zhk2RS2EZODmBW6il55Qj,mi refe,"Beéle, Ovy On The Drums",13,1,-2,UY,2025-06-10,84,False,159404,BORONDO,2025-05-15,0.637,0.648,7,-5.306,0,0.271,0.403,5.41e-05,0.119,0.441,123.108,4
6WJ2QzbVnjmPGKpmb6tmmO,amor de veraNO,La T y La M,14,1,-1,UY,2025-06-10,72,False,198469,amor de veraNO,2025-03-07,0.795,0.656,1,-6.813,0,0.0473,0.63,0.0111,0.366,0.969,82.008,4
3UEIObvIQMJzF09RWRcqcP,bunda 🍑,"Emilia, Luísa Sonza",15,-4,-1,UY,2025-06-10,81,True,223855,bunda 🍑,2025-02-20,0.558,0.584,9,-5.454,0,0.0529,0.269,0.0,0.322,0.824,130.03,4
7d6yK8v8J484SWH5prIQiE,VeLDÁ,"Bad Bunny, Omar Courtz, Dei V",16,0,-1,UY,2025-06-10,92,True,235336,DeBÍ TiRAR MáS FOToS,2025-01-05,0.613,0.981,1,-18.638,1,0.149,0.29,0.0023,0.437,0.0337,101.852,3
27xkOIER6uDLKALIelHylZ,Don’t Say You Love Me,Jin,17,0,2,UY,2025-06-10,92,False,180716,Echo,2025-05-16,0.729,0.562,8,-5.49,1,0.0304,0.484,0.0,0.105,0.757,111.976,4
3jAshemiRYWukWLtT3Ivrb,SOLEAO,"Myke Towers, Quevedo",18,4,32,UY,2025-06-10,82,False,218305,SOLEAO,2025-05-29,0.738,0.606,5,-5.175,0,0.0603,0.253,1.11e-05,0.105,0.628,104.131,4
6wDig9zSE2qpDbw1W3qqIX,MASNA REMIX,"FMK, Emilia, Nicki Nicole, Tiago PZK",19,5,31,UY,2025-06-10,64,False,248000,MASNA REMIX,2025-06-05,0.62,0.759,5,-3.834,1,0.0654,0.199,1.57e-05,0.128,0.344,179.932,4
5IgmWwbNUeZzvYrODLletR,UWAIE - versión cumbia,Max Carra,20,-7,6,UY,2025-06-10,71,False,162947,UWAIE (versión cumbia),2024-09-19,0.687,0.782,9,-4.772,0,0.0446,0.399,7.37e-06,0.334,0.799,142.481,4
2F6PBqz7aPA7K309aFKMHt,Con Otra,Cazzu,21,-2,-3,UY,2025-06-10,76,False,231016,Latinaje,2025-04-24,0.431,0.69,10,-4.502,0,0.0395,0.12,0.0,0.961,0.575,167.972,4
2lTm559tuIvatlT1u0JYG2,BAILE INoLVIDABLE,Bad Bunny,22,1,-6,UY,2025-06-10,96,True,367725,DeBÍ TiRAR MáS FOToS,2025-01-05,0.168,0.00332,10,-46.113,1,0.0615,0.192,0.79,0.112,0.219,119.387,3
0STW8nw4lNN4TEQ8KmNer6,Parte & Choke,"Jombriel, Alex Krack, Jøtta",23,-3,-6,UY,2025-06-10,84,False,205264,Parte & Choke,2024-11-05,0.728,0.654,5,-3.976,0,0.365,0.00581,0.0,0.131,0.884,117.337,5
4C1GR4t5ZVMtmbnLgKukgG,Cosas Pendientes,"The La Planta, La Penúltima",24,-3,-2,UY,2025-06-10,61,False,131908,Cosas Pendientes,2025-04-03,0.488,0.737,7,-5.505,0,0.0369,0.128,0.0,0.0879,0.619,80.225,4
0mmWol32PnowJQf0rZx5ab,Golfista,Duki,25,5,-5,UY,2025-06-10,75,False,158927,Golfista,2025-05-29,0.775,0.751,1,-3.854,1,0.0522,0.00121,1.42e-05,0.0956,0.591,159.986,4
3xdbqyli0ZUKupnyKQfGJp,Tengo Una Cadena,Salastkbron,26,0,12,UY,2025-06-10,74,True,120012,Tengo Una Cadena,2025-04-30,0.754,0.647,1,-5.677,1,0.08,0.108,0.0,0.115,0.607,97.999,4
5DdLSEyKh8zgCrJq2hFj92,Yo sé,"Yan Block, TORRRES",27,0,10,UY,2025-06-10,86,True,129705,Yo sé,2024-05-23,0.716,0.462,5,-9.847,0,0.128,0.68,0.0,0.132,0.626,136.045,4
44m9PAUZYeOEGeaTYh6NAl,Tan Lejos,"No Te Va Gustar, Juan Casanova",28,10,13,UY,2025-06-10,73,False,298000,El Camino Más Largo,2008-10-23,0.652,0.577,0,-7.877,1,0.0328,0.0264,1.17e-06,0.0758,0.662,120.037,4
6MuJUSYCqA4FpMogUHzb2R,Ese Maldito Momento,No Te Va Gustar,29,10,6,UY,2025-06-10,73,False,185866,El Calor Del Pleno Invierno,2012-10-18,0.643,0.616,11,-6.358,0,0.0266,0.469,5.74e-05,0.0886,0.652,139.931,4
4jn3R3KF5hx2fCiXlj89yE,FLECHAZO EN EL CENTRO,"YSY A, Bhavi, Milo j",30,11,3,UY,2025-06-10,75,False,185241,TU DUO FAVORITO,2023-09-06,0.753,0.644,5,-6.685,0,0.043,0.132,1.66e-06,0.104,0.457,104.947,4
31we7ZzWdSBEOKs5Ln6QVF,NUBES,"De La Rose, Omar Courtz",31,-3,8,UY,2025-06-10,85,True,271801,NUBES,2025-04-03,0.657,0.666,7,-3.786,1,0.0302,0.243,0.0,0.101,0.19,99.945,4
6WatFBLVB0x077xWeoVc2k,Si Antes Te Hubiera Conocido,KAROL G,32,-1,-3,UY,2025-06-10,94,False,195824,Si Antes Te Hubiera Conocido,2024-06-21,0.924,0.668,11,-6.795,1,0.0469,0.446,0.000594,0.0678,0.787,128.027,4
59D4DOkspUbWyMmbAPQkxZ,VOY A LLeVARTE PA PR,Bad Bunny,33,3,-12,UY,2025-06-10,93,True,156364,DeBÍ TiRAR MáS FOToS,2025-01-05,0.148,0.604,7,-35.032,1,0.0588,0.921,0.453,0.405,1e-05,106.295,3
2oZqk6nAy2CSAcmINCMi2N,QUE CABRONA,Lauty Gram,34,1,-3,UY,2025-06-10,74,False,168374,QUE CABRONA,2025-03-06,0.77,0.741,9,-4.288,1,0.0518,0.0977,0.0,0.413,0.424,100.011,4
4zbEItKoaRId1vRZkoO0Uh,Imagínate,"Danny Ocean, Kapo",35,2,-3,UY,2025-06-10,88,False,170365,Imagínate,2024-11-07,0.779,0.737,11,-4.667,1,0.109,0.134,0.0,0.0974,0.445,101.923,4
18m5dJOPB2geFwOymXNaWg,AURORA,"Mora, De La Rose",36,11,-13,UY,2025-06-10,85,True,192853,LO MISMO DE SIEMPRE,2025-05-18,0.595,0.761,11,-4.966,0,0.042,0.592,0.0,0.202,0.367,111.926,4
3sK8wGT43QFpWrvNQsrQya,DtMF,Bad Bunny,37,-4,-9,UY,2025-06-10,97,True,237117,DeBÍ TiRAR MáS FOToS,2025-01-05,0.625,0.131,7,-27.405,0,0.0717,0.177,0.218,0.0807,0.032,136.02,4
3YcNehpEP1edJwVwsLfkbr,Embustera,"LA NUEVA ESCUELA, Callejero Fino",38,-9,8,UY,2025-06-10,57,False,233170,Embustera,2025-03-12,0.781,0.792,9,-3.184,1,0.0782,0.184,0.0,0.182,0.635,123.149,4
1KfiYYMCZkP7no8DdkXFDl,Tiene,"Tobal Mj, Lucky Brown, Nacho G Flow",39,3,-9,UY,2025-06-10,80,False,225000,Tiene,2025-02-26,0.734,0.611,0,-7.034,1,0.0439,0.123,0.000398,0.186,0.392,98.009,4
76lXtXJP6VqX6r9Ks3AUy0,Si Las Gatas Se Amotinan,"Peipper, DobleP, Locura Mix",40,-8,-4,UY,2025-06-10,80,False,164000,Si Las Gatas Se Amotinan,2024-11-14,0.889,0.5,3,-12.083,1,0.309,0.139,0.0,0.221,0.648,79.949,4
0CgpCtEPvyDizcg2p47VrU,A las Nueve,No Te Va Gustar,41,4,-16,UY,2025-06-10,74,False,207533,El Calor Del Pleno Invierno,2012-10-18,0.625,0.804,4,-5.652,0,0.0268,0.236,8.22e-05,0.308,0.827,129.931,4
0ns3zTWJE4rq5DAvPQoVFP,Falso Amor,"LA NUEVA ESCUELA, Guaynaa, Uri, Valen, Frijo",42,4,8,UY,2025-06-10,49,False,211379,Falso Amor,2025-06-04,0.542,0.888,9,-3.452,0,0.0375,0.196,0.0,0.74,0.849,86.917,4
6JAaPxRPeElmUGPqyIkhCS,FINGI DEMENCIA,"RAMKY EN LOS CONTROLES, The La Planta",43,0,6,UY,2025-06-10,66,False,126705,FINGI DEMENCIA,2025-01-09,0.624,0.828,7,-2.859,1,0.0579,0.11,0.0,0.474,0.423,84.883,4
5WEF0icHWmAZBBMglBd599,WELTiTA,"Bad Bunny, Chuwi",44,4,-2,UY,2025-06-10,89,False,187507,DeBÍ TiRAR MáS FOToS,2025-01-05,0.458,0.297,4,-32.354,0,0.6,0.866,0.329,0.346,0.357,96.14,3
4onciYei2VhqMIdqsE8GrD,Capaz,"Maxi Alvarez, ONE PLAY",45,-1,-5,UY,2025-06-10,55,False,110625,Capaz,2025-03-27,0.585,0.809,6,-4.245,1,0.138,0.202,0.0,0.0702,0.912,126.785,4
0sf2srhosDzfozt7AfF1vO,Tan Nervioso,LA NUEVA ESCUELA,46,-6,-3,UY,2025-06-10,56,False,207692,Tan Nervioso,2024-06-28,0.731,0.806,2,-4.169,1,0.0437,0.127,0.0,0.292,0.922,125.034,4
7cncPk3pgG1lNTUIiKxGev,Carita Triste,La Penúltima,47,2,3,UY,2025-06-10,44,False,125906,Carita Triste,2025-05-29,0.575,0.779,5,-5.11,1,0.0316,0.149,0.0,0.159,0.909,159.959,4
1btMvaVE0HLbzuyvNaPgkh,La Corriente,LA NUEVA ESCUELA,48,-23,-24,UY,2025-06-10,56,False,198461,La Corriente,2024-04-05,0.738,0.778,9,-4.491,0,0.0521,0.193,0.0,0.0761,0.805,113.005,4
6J5kc12BW5HuP3d7C3vvx8,EoO,Bad Bunny,49,1,-5,UY,2025-06-10,94,True,204768,DeBÍ TiRAR MáS FOToS,2025-01-05,0.36,0.464,10,-29.598,0,0.0702,0.749,0.859,0.0825,0.184,63.662,4
42UBPzRMh5yyz0EDPr6fr1,Manchild,Sabrina Carpenter,50,0,0,UY,2025-06-10,87,True,213645,Manchild,2025-06-05,0.731,0.685,7,-5.087,1,0.0572,0.122,0.0,0.317,0.811,123.01,4
42UBPzRMh5yyz0EDPr6fr1,Manchild,Sabrina Carpenter,1,0,49,US,2025-06-10,87,True,213645,Manchild,2025-06-05,0.731,0.685,7,-5.087,1,0.0572,0.122,0.0,0.317,0.811,123.01,4
04emojnbYkrRmv5qtJcgVP,What I Want (feat. Tate McRae),"Morgan Wallen, Tate McRae",2,0,-1,US,2025-06-10,92,False,184517,I’m The Problem,2025-05-16,0.657,0.699,9,-3.92,1,0.0262,0.639,0.0,0.148,0.495,115.998,4
0FTmksd2dxiE5e3rWyJXs6,back to friends,sombr,3,1,1,US,2025-06-10,98,False,199032,back to friends,2024-12-27,0.436,0.723,1,-2.291,1,0.0301,9.37e-05,8.82e-05,0.0929,0.235,92.855,4
2RkZ5LkEzeHGRsmDqKwmaJ,Ordinary,Alex Warren,4,-1,-2,US,2025-06-10,95,False,186964,"You'll Be Alright, Kid (Chapter 1)",2024-09-26,0.368,0.694,2,-6.141,1,0.06,0.704,6.59e-06,0.055,0.391,168.115,3
4gfrYDtaRmp6HPvN80V2ob,I Got Better,Morgan Wallen,5,0,0,US,2025-06-10,88,False,204963,I’m The Problem,2025-05-16,0.598,0.798,0,-4.587,1,0.0295,0.576,0.000564,0.155,0.542,84.986,4
4AajxCEwGEsmHmT4H1TwjY,undressed,sombr,6,0,-3,US,2025-06-10,96,False,182088,undressed,2025-03-21,0.642,0.887,0,-3.883,1,0.0406,0.137,0.0,0.0829,0.888,115.999,4
4WFgvKVfEhb3IUAFGrutTR,Love Me Not,Ravyn Lenae,7,3,8,US,2025-06-10,90,False,213466,Bird's Eye,2024-08-09,0.779,0.731,0,-6.176,1,0.0306,0.296,0.0,0.128,0.814,114.001,4
5z0LSDpPpGwc2ZyJHpsE3J,Just In Case,Morgan Wallen,8,-1,-2,US,2025-06-10,86,False,166206,I’m The Problem,2025-05-16,0.649,0.505,10,-6.664,1,0.0313,0.647,0.0,0.144,0.386,145.998,4
2CGNAOSuO1MEFCbBRgUzjd,luther (with sza),"Kendrick Lamar, SZA",9,0,-2,US,2025-06-10,92,False,177598,GNX,2024-11-21,0.707,0.575,2,-7.546,1,0.125,0.251,0.0,0.248,0.576,138.008,4
2u9S9JJ6hTZS3Vf22HOZKg,NOKIA,Drake,10,-2,-2,US,2025-06-10,94,True,241023,$ome $exy $ongs 4 U,2025-02-14,0.537,0.727,5,-4.184,1,0.15,0.247,0.0,0.173,0.508,106.037,4
6dOtVTDdiauQNBQEDOtlAB,BIRDS OF A FEATHER,Billie Eilish,11,2,-1,US,2025-06-10,100,False,210373,HIT ME HARD AND SOFT,2024-05-17,0.747,0.507,2,-10.171,1,0.0358,0.2,0.0608,0.117,0.438,104.978,4
3siwsiaEoU4Kuuc9WKMUy5,No One Noticed,The Marías,12,5,2,US,2025-06-10,93,False,236906,Submarine,2024-05-31,0.705,0.339,7,-10.612,1,0.0278,0.552,0.0814,0.12,0.457,97.989,4
7AeM1BGYM7emrqmQn1PuWv,I'm The Problem,Morgan Wallen,13,1,-4,US,2025-06-10,86,False,177811,I’m The Problem,2025-05-16,0.549,0.752,5,-4.94,0,0.0367,0.665,1.2e-05,0.102,0.446,92.053,1
5E3XPRJVgYnxhMAFI7nZ7N,OWA OWA,Lil Tecca,14,-3,-3,US,2025-06-10,85,True,132380,OWA OWA,2025-05-30,0.719,0.729,1,-7.874,1,0.0704,0.0368,0.0,0.101,0.444,126.005,3
6393yGahSJ9slVdOwSxOVR,Pink Pony Club,Chappell Roan,15,-3,6,US,2025-06-10,88,False,258034,The Rise and Fall of a Midwest Princess,2023-09-21,0.61,0.65,6,-6.199,1,0.0474,0.399,0.0,0.11,0.507,106.719,4
0YsIYFRoxkmEvbKCwTp0Tg,20 Cigarettes,Morgan Wallen,16,3,-3,US,2025-06-10,86,False,160901,I’m The Problem,2025-05-16,0.629,0.57,10,-5.733,0,0.0243,0.725,0.0,0.145,0.399,98.015,4
221eHga9f9Ne4f8D7WVgPT,Mystical Magical,Benson Boone,17,1,2,US,2025-06-10,92,False,165746,Mystical Magical,2025-04-24,0.671,0.697,11,-3.851,1,0.116,0.19,0.0,0.393,0.848,119.867,4
0ofHAoxe9vBkTCp2UQIavz,Dreams - 2004 Remaster,Fleetwood Mac,18,-3,-1,US,2025-06-10,91,False,257800,Rumours (Super Deluxe),1977-02-04,0.828,0.492,0,-9.744,1,0.0276,0.0644,0.00428,0.128,0.789,120.151,4
7u7IqryLFAygWFz6bsEB7y,Blue Strips,Jessie Murph,19,2,1,US,2025-06-10,89,False,147209,Blue Strips,2025-04-11,0.646,0.653,1,-4.132,1,0.0392,0.294,0.0,0.0968,0.235,133.936,4
2yWlGEgEfPot0lv3OAjuG3,Just Keep Watching (From F1® The Movie),"Tate McRae, F1 The Album",20,3,11,US,2025-06-10,90,False,142550,Just Keep Watching (From F1® The Movie),2025-05-30,0.656,0.796,9,-5.856,0,0.113,0.0767,0.0,0.509,0.425,129.956,4
5IZXB5IKAD2qlvTPJYDCFB,I Had Some Help (Feat. Morgan Wallen),"Post Malone, Morgan Wallen",21,-5,4,US,2025-06-10,88,True,178205,F-1 Trillion,2024-08-15,0.644,0.874,0,-4.723,1,0.0265,0.0113,0.0,0.227,0.753,128.017,4
7so0lgd0zP2Sbgs2d7a1SZ,Die With A Smile,"Lady Gaga, Bruno Mars",22,0,-4,US,2025-06-10,91,False,251667,MAYHEM,2025-03-07,0.519,0.601,6,-7.727,0,0.0317,0.289,0.0,0.126,0.498,157.964,3
73kIKvg65QWieOKXIwyLJP,All The Way (feat. Bailey Zimmerman),"BigXthaPlug, Bailey Zimmerman",23,2,-7,US,2025-06-10,88,True,165000,All The Way (feat. Bailey Zimmerman),2025-04-04,0.831,0.555,1,-6.331,0,0.0576,0.314,0.0,0.135,0.444,135.015,4
2RdEC8Ff83WkX7kDVCHseE,party 4 u,Charli xcx,24,3,-1,US,2025-06-10,93,False,296653,how i'm feeling now,2020-05-15,0.579,0.522,1,-8.393,1,0.0993,0.761,1.41e-05,0.655,0.245,79.453,4
0FIDCNYYjNvPVimz5icugS,Timeless (feat Playboi Carti),"The Weeknd, Playboi Carti",25,3,-3,US,2025-06-10,95,True,256000,Hurry Up Tomorrow,2025-01-31,0.768,0.775,11,-5.06,0,0.0466,0.069,2.96e-06,0.138,0.6,119.999,4
3xkHsmpQCBMytMJNiDf3Ii,Beautiful Things,Benson Boone,26,-2,-2,US,2025-06-10,93,False,180304,Fireworks & Rollerblades,2024-04-05,0.472,0.471,10,-5.692,1,0.0603,0.151,0.0,0.14,0.219,105.029,3
5fZJQrFKWQLb7FpJXZ1g7K,A Bar Song (Tipsy),Shaboozey,27,-7,2,US,2025-06-10,86,True,171291,"Where I've Been, Isn't Where I'm Going",2024-05-31,0.722,0.706,9,-4.857,1,0.0292,0.072,0.0,0.067,0.599,80.969,4
21IYMdzTrzSe191Cy5eMap,Sailor Song,Gigi Perez,28,1,0,US,2025-06-10,89,False,211978,"At The Beach, In Every Life",2025-04-25,0.499,0.392,11,-10.441,1,0.0262,0.627,7.1e-05,0.192,0.272,95.076,4
7EW7Yivb93qKAtp5qEm5of,Dark Thoughts,Lil Tecca,29,-3,-17,US,2025-06-10,92,True,136991,Dark Thoughts,2025-03-14,0.801,0.773,1,-3.756,0,0.155,0.055,0.0,0.189,0.709,101.935,4
17phhZDn6oGtzMe56NuWvj,Lose Control,Teddy Swims,30,0,2,US,2025-06-10,92,False,210688,I've Tried Everything But Therapy (Part 1),2023-09-15,0.561,0.604,9,-4.409,1,0.0337,0.199,1.9e-05,0.104,0.242,159.92,3
0hta2Lb2zKJ7kEnAEZEE3G,Nope your too late i already died,"wifiskeleton, i wanna be a jack-o-lantern",31,3,10,US,2025-06-10,91,False,90067,suburban daredevil,2024-10-22,0.704,0.597,4,-10.458,0,0.036,0.105,0.00835,0.264,0.978,119.993,4
7B3BwNecBhKvNwSMOOl7Gk,Fame is a Gun,Addison Rae,32,0,18,US,2025-06-10,73,False,183237,Addison,2025-06-06,0.692,0.399,3,-7.325,0,0.035,0.165,0.00109,0.1,0.411,137.976,4
6Qyc6fS4DsZjB2mRW9DsQs,Iris,The Goo Goo Dolls,33,5,17,US,2025-06-10,94,False,289533,Dizzy up the Girl,1998-01-01,0.315,0.715,11,-8.072,0,0.0362,0.00125,7.97e-06,0.0942,0.497,155.925,3
76JKIsdKrAfWUMjaA0u7v5,Too Sweet,Hozier,34,-1,1,US,2025-06-10,84,False,251424,Unreal Unearth: Unaired,2024-08-19,0.741,0.62,10,-5.505,1,0.0412,0.0295,0.000809,0.0398,0.934,117.038,4
0aB0v4027ukVziUGwVGYpG,tv off (feat. lefty gunplay),"Kendrick Lamar, Lefty Gunplay",35,2,-1,US,2025-06-10,92,True,220690,GNX,2024-11-22,0.855,0.529,6,-6.679,0,0.263,0.0837,0.0,0.423,0.548,100.036,4
5mAGsieQbw180sYdL3RMKk,Love Somebody,Morgan Wallen,36,-1,0,US,2025-06-10,83,False,204828,I’m The Problem,2025-05-16,0.622,0.852,5,-5.182,0,0.0281,0.00912,0.000118,0.145,0.719,122.038,4
0WbMK4wrZ1wFSty9F7FCgu,"Good Luck, Babe!",Chappell Roan,37,2,6,US,2025-06-10,94,False,218423,"Good Luck, Babe!",2024-04-05,0.7,0.582,11,-5.96,0,0.0356,0.0502,0.0,0.0881,0.785,116.712,4
0qmhTHMVxnXRmT5N92wTD9,Bloodline (with Jelly Roll),"Alex Warren, Jelly Roll",38,2,-8,US,2025-06-10,90,False,182008,Bloodline (with Jelly Roll),2025-05-22,0.621,0.779,4,-6.346,0,0.056,0.255,0.0,0.0683,0.513,127.925,4
7KA4W4McWYRpgf0fWsJZWB,See You Again (feat. Kali Uchis),"Tyler, The Creator, Kali Uchis",39,2,-1,US,2025-06-10,93,True,180386,Flower Boy,2017-07-21,0.558,0.559,6,-9.222,1,0.0959,0.371,7.49e-06,0.109,0.62,78.558,4
2HRqTpkrJO5ggZyyK6NPWz,Espresso,Sabrina Carpenter,40,-9,8,US,2025-06-10,91,True,175459,Short n' Sweet,2024-08-23,0.699,0.776,0,-5.282,1,0.0293,0.131,5.36e-06,0.205,0.708,103.963,4
1BDLD4c07q0bmq2VCRsXoE,I Ain't Comin' Back (feat. Post Malone),"Morgan Wallen, Post Malone",41,-5,-14,US,2025-06-10,83,False,175271,I’m The Problem,2025-05-16,0.372,0.727,11,-4.9,1,0.0358,0.566,0.0,0.298,0.741,200.363,4
58ge6dfP91o9oXMzq3XkIS,505,Arctic Monkeys,42,6,0,US,2025-06-10,86,False,253586,Favourite Worst Nightmare (Standard Version),2007-04-24,0.52,0.852,0,-5.866,1,0.0543,0.00237,5.79e-05,0.0733,0.234,140.267,4
3GCdLUSnKSMJhs4Tj6CV3s,All The Stars (with SZA),"Kendrick Lamar, SZA",43,-1,-3,US,2025-06-10,94,True,232186,Black Panther The Album Music From And Inspired By,2018-02-09,0.695,0.633,8,-4.946,1,0.0599,0.0612,0.000195,0.0926,0.557,96.782,4
3t6gUcGYLrUuqwpXjOFWQc,I Never Lie,Zach Top,44,2,5,US,2025-06-10,86,False,224906,Cold Beer & Country Music,2024-04-05,0.782,0.641,3,-6.431,1,0.0275,0.332,0.00923,0.108,0.522,107.997,4
5UJbgR4XF4y1DvbkxEqe8S,Sports car,Tate McRae,45,-2,-6,US,2025-06-10,89,False,165045,So Close To What,2025-02-20,0.861,0.815,11,-3.672,0,0.0349,0.0505,0.00139,0.1,0.886,106.978,4
1osfLqL6L2iQsirRf83ded,Worst Way,Riley Green,46,4,4,US,2025-06-10,85,False,220558,Way Out Here,2024-04-12,0.366,0.492,11,-7.9,1,0.0324,0.0899,0.000994,0.132,0.349,197.768,3
6AI3ezQ4o3HUoP6Dhudph3,Not Like Us,Kendrick Lamar,47,2,0,US,2025-06-10,94,True,274192,Not Like Us,2024-05-04,0.898,0.472,1,-7.001,1,0.0776,0.0107,0.0,0.141,0.214,101.061,4
3sK8wGT43QFpWrvNQsrQya,DtMF,Bad Bunny,48,-3,-2,US,2025-06-10,97,True,237117,DeBÍ TiRAR MáS FOToS,2025-01-05,0.625,0.131,7,-27.405,0,0.0717,0.177,0.218,0.0807,0.032,136.02,4
7lq4b3sYM9cYSnCMxCafKe,TN,Morgan Wallen,49,1,-12,US,2025-06-10,84,False,185138,I’m The Problem,2025-05-16,0.617,0.666,8,-5.553,1,0.0426,0.581,3.19e-06,0.147,0.487,156.489,4
7ne4VBA60CxGM75vw0EYad,That’s So True,Gracie Abrams,50,-6,0,US,2025-06-10,96,True,166300,The Secret of Us (Deluxe),2024-10-18,0.554,0.808,1,-4.169,1,0.0368,0.214,0.0,0.159,0.372,108.548,4
29qDVTQqe4jWIiPzQcQOev,Смарагдове небо,Drevo,1,0,0,UA,2025-06-10,62,False,186827,Смарагдове небо,2025-05-23,0.726,0.847,4,-3.892,0,0.0309,0.00534,2.54e-06,0.0528,0.774,115.994,4
1dpHnn6eh4Pz55UproSdJv,так похуй,madk1d,2,1,1,UA,2025-06-10,72,True,108000,sexyswag,2025-03-21,0.598,0.813,10,-4.188,0,0.169,0.00179,8.74e-05,0.128,0.764,80.008,4
7JZs5hNCz4be2sJxaLIy5l,З якого ти поверху неба?,"Jerry Heil, YARMAK",3,-1,-1,UA,2025-06-10,64,False,196817,АРХЕТИПИ,2025-05-02,0.776,0.427,2,-8.968,0,0.0415,0.67,3.81e-06,0.126,0.488,129.91,4
4C5BDHPQuJ5K49XsAK8uq2,Dirty,KRISTIEE,4,0,12,UA,2025-06-10,63,True,109817,Dirty,2025-05-30,0.763,0.379,5,-11.122,1,0.103,0.432,0.00635,0.0984,0.437,147.023,4
4PMQ591DnjhGRYZNLETsno,Пінаколада,Vitaliy Kozlovskiy,5,0,-1,UA,2025-06-10,61,False,195784,Пінаколада,2025-05-14,0.671,0.934,1,-3.802,0,0.0664,0.0315,2.27e-05,0.401,0.585,94.949,4
36DnMjOyWBOZLgWYm2KWFz,ты че обиделась,"madk1d, тёмный принц",6,0,0,UA,2025-06-10,69,True,90000,sexyswag,2025-03-21,0.615,0.755,1,-5.813,1,0.128,0.00816,0.0908,0.209,0.717,159.911,4
0fqp87BpzFd10BIDLP0qVv,Атата - Ренебе,VovaZiLvova,7,1,-2,UA,2025-06-10,61,False,174643,Прекрасне інакше,2012-03-30,0.698,0.847,0,-5.159,1,0.0557,0.171,0.0,0.338,0.667,115.036,4
4w4qGjcvOgsYRyO4x9Ci0U,Врубай,Parfeniuk,8,3,0,UA,2025-06-10,57,False,150583,Врубай,2024-11-28,0.871,0.628,11,-4.952,0,0.298,0.304,0.0,0.0938,0.69,120.052,4
2vsIoRPtatBX9GceGkPHkY,ШОВКОВИЦЯ,"IVAN LIULENOV, DAMNITSKYI",9,0,41,UA,2025-06-10,52,False,185061,ШОВКОВИЦЯ,2025-05-28,0.599,0.874,2,-5.272,0,0.179,0.0928,0.0,0.297,0.385,178.135,4
4J7GqAqdOfYrcOKJIp4m8U,Зірочка палай,Анна Трінчер,10,-3,0,UA,2025-06-10,61,False,128640,Зірочка палай,2025-04-03,0.809,0.782,7,-5.271,0,0.0585,0.174,5.33e-05,0.128,0.555,125.015,4
69Agz1StFDBAQwJ2xgvGbF,Тьотя,Шугар,11,3,-4,UA,2025-06-10,60,False,185739,Тьотя,2024-04-11,0.735,0.717,4,-4.822,0,0.0269,0.0822,2.07e-06,0.333,0.598,114.99,4
2oMasfMjnLEF6JpRDtD1rF,Мужчина,Alena Omargalieva,12,0,-1,UA,2025-06-10,62,False,163000,Мужчина,2025-03-27,0.755,0.693,7,-5.978,1,0.14,0.152,3.5e-05,0.208,0.461,97.007,4
40y6wpbyTXB2DGzaBrLC7f,Олєг,Шугар,13,0,-4,UA,2025-06-10,57,False,177931,Олєг,2024-02-01,0.812,0.74,6,-5.742,0,0.0556,0.0728,2.33e-05,0.0582,0.681,116.053,4
0HcAqtveWI1vLCefAqy6Db,Де би де би,Drevo,14,10,25,UA,2025-06-10,56,False,169000,Перший тайм,2024-10-11,0.578,0.658,9,-5.484,0,0.0249,0.00127,4.83e-05,0.204,0.751,88.019,4
2dopO0qCoX7qoTbIriIf3q,Зцапала-злапала,Boombox,15,0,0,UA,2025-06-10,61,False,203493,Family бізнес,2006-01-01,0.78,0.541,9,-6.568,1,0.246,0.247,0.0,0.0726,0.743,99.487,4
1ZbtwhtxORZcaSh5VKjeXJ,Не лякай,"OSTY, Klavdia Petrivna",16,-6,-2,UA,2025-06-10,61,False,174500,Не лякай,2024-09-06,0.613,0.597,2,-5.527,0,0.0256,0.385,4.02e-05,0.105,0.264,85.931,4
2k1bI9pRGnUQZWhr3NmJBx,Нагадай,Domiy,17,0,9,UA,2025-06-10,60,False,152184,Нагадай,2023-12-16,0.777,0.531,1,-7.445,0,0.0265,0.26,0.00265,0.141,0.54,110.001,4
5XIoRdNKbhG3uFDB0UXWuw,Наследство,"Icegergert, SKY RAE",18,4,-1,UA,2025-06-10,67,True,130778,Наследство,2025-04-25,0.861,0.716,11,-4.071,1,0.234,0.0662,0.0,0.179,0.593,83.486,4
74kalpHrS2ngqa68XFL0dS,Fake ID,"kizaru, Icegergert",19,0,-6,UA,2025-06-10,71,True,229500,Fake ID,2025-04-11,0.79,0.634,0,-5.894,1,0.291,0.0713,0.000102,0.366,0.155,160.016,4
4HiXhD2daY4ca5nr977V4e,болен,"dope17, mapt0v",20,3,0,UA,2025-06-10,67,True,88093,болен,2024-09-06,0.545,0.761,7,-6.149,0,0.0499,0.11,0.0,0.424,0.406,78.492,4
1b977NIX97rPhUrvt57udY,FENOMENAL',DOROFEEVA,21,-5,-9,UA,2025-06-10,60,False,177138,FENOMENAL',2025-04-24,0.768,0.812,1,-5.029,1,0.125,0.0163,8.89e-05,0.301,0.784,99.996,4
12TC6zACzfx6ey8ZAP6R3y,А що?,MONATIK,22,-1,-3,UA,2025-06-10,59,False,197727,А що?,2024-05-22,0.705,0.777,9,-5.23,0,0.182,0.129,0.00034,0.0616,0.82,87.743,4
3O6R6CXo0660qvmdeG6EOD,Токсік,Шугар,23,-5,-2,UA,2025-06-10,59,False,179631,Токсік,2024-10-17,0.727,0.685,5,-5.503,0,0.0354,0.0882,1.74e-05,0.108,0.405,121.988,4
23cpg22rXsND2u3ElYxQdj,Забий,"Wellboy, Parfeniuk",24,-4,-6,UA,2025-06-10,60,False,194457,Забий,2024-02-16,0.649,0.711,4,-6.786,0,0.0902,0.549,0.0,0.156,0.487,83.086,4
4SbcktBkOk1YgAyQvjC8kl,На порозі,Domiy,25,3,5,UA,2025-06-10,59,False,159567,На порозі,2024-06-21,0.663,0.681,6,-4.764,1,0.0295,0.714,4.16e-05,0.0841,0.509,92.009,4
0hta2Lb2zKJ7kEnAEZEE3G,Nope your too late i already died,"wifiskeleton, i wanna be a jack-o-lantern",26,3,-2,UA,2025-06-10,91,False,90067,suburban daredevil,2024-10-22,0.704,0.597,4,-10.458,0,0.036,0.105,0.00835,0.264,0.978,119.993,4
4MQmxIxM5CXKjdq4IrCWhd,Касета,SadSvit,27,0,-5,UA,2025-06-10,61,False,144235,Cassette,2021-12-13,0.654,0.743,10,-7.189,0,0.0315,0.3,0.0453,0.109,0.634,169.978,4
7CuxOoQMEaiSXIGwJJkQHW,Кульбаби,Тоня Матвієнко,28,-3,-1,UA,2025-06-10,59,False,163224,Кульбаби,2022-12-09,0.832,0.668,1,-5.033,0,0.0315,0.332,0.0,0.12,0.516,100.034,4
3Fdo0fNzj2QnPU1SgsNHcV,Катюха,whitek3d,29,-3,8,UA,2025-06-10,63,True,77037,Катюха,2025-05-02,0.827,0.891,0,-3.137,1,0.247,0.134,0.0,0.323,0.685,162.006,4
71LcXxyXOLybJnTjno152t,Гектор,Icegergert,30,4,17,UA,2025-06-10,66,True,82285,Гектор,2024-08-09,0.898,0.643,11,-6.954,1,0.283,0.0958,8.78e-06,0.154,0.744,105.093,4
61BaxM1NIcadLu3gtWm2uT,Силуети,"SadSvit, СТРУКТУРА ЩАСТЯ",31,4,-3,UA,2025-06-10,61,False,177346,Силуети,2022-10-28,0.527,0.861,8,-6.73,1,0.0388,0.0155,0.0311,0.276,0.387,77.498,4
0mXuEBzTaqYmzIovJhx20u,цена,"madk1d, паранойя",32,1,12,UA,2025-06-10,64,True,138305,sexyswag,2025-03-21,0.624,0.842,10,-3.272,0,0.11,0.0012,0.00234,0.427,0.619,117.905,4
69zCrlRTLn4sLeU4fJOzmE,Кухни,Бонд с кнопкой,33,7,7,UA,2025-06-10,66,False,140800,Кухни,2025-02-27,0.371,0.638,1,-5.155,1,0.0356,0.457,0.0,0.356,0.21,99.797,3
4GNVBarJ82ABAYZyPYwinT,Рана,CHEEV,34,5,-2,UA,2025-06-10,59,False,121558,Рана,2024-07-03,0.654,0.708,2,-5.912,1,0.129,0.276,1.22e-05,0.0683,0.449,153.964,4
0BryMsuHUY9EK5wC45PggL,мило материшься,volhey,35,2,3,UA,2025-06-10,66,False,120397,мило материшься,2024-12-06,0.436,0.686,1,-10.314,1,0.0513,0.281,0.301,0.0909,0.641,192.115,4
7bBZdL9ZTDKbNN7J1Alla4,Їде дах,"Klavdia Petrivna, Маша Кондратенко",36,0,14,UA,2025-06-10,58,False,180000,Їде дах,2024-08-13,0.787,0.769,3,-5.905,0,0.0794,0.158,0.0,0.149,0.667,119.116,4
2LHNTC9QZxsL3nWpt8iaSR,Abracadabra,Lady Gaga,37,-6,-12,UA,2025-06-10,88,False,223398,MAYHEM,2025-03-07,0.679,0.906,10,-3.443,0,0.0632,0.0119,0.0,0.229,0.652,126.01,4
2bqS0QtnXGjOYs3z6VtSyW,Контракт,Poshlaya Molly,38,12,7,UA,2025-06-10,65,False,204756,Контракт,2021-03-12,0.682,0.806,0,-6.184,1,0.0418,0.000461,0.0,0.217,0.872,109.972,4
6LNfmj0I41Q9b1ePvZldeX,Ау ау,"Sasha Norova, Adam",39,11,11,UA,2025-06-10,58,False,132626,Культурне диско,2025-01-24,0.578,0.607,9,-7.331,0,0.0373,0.366,0.000171,0.135,0.823,180.185,4
0QCIpQV3twfqo9kh0t8Zza,Shake It To The Max (FLY) - Remix,"MOLIY, Silent Addy, Skillibeng, Shenseea",40,2,-11,UA,2025-06-10,93,True,178775,Shake It To The Max (FLY) (Remix),2025-02-21,0.856,0.548,0,-6.609,0,0.123,0.561,0.0,0.155,0.562,97.997,4
7K8XoQXZBffc4xG2xIQHMO,Rock That Body,Black Eyed Peas,41,8,9,UA,2025-06-10,77,False,268840,THE E.N.D. (THE ENERGY NEVER DIES),2009-01-01,0.715,0.907,7,-6.025,0,0.0993,0.0172,8.39e-05,0.426,0.841,124.991,4
4nvPpWu7S4ZBaOVHMQUaSY,Додайте світла,DOROFEEVA,42,-1,-19,UA,2025-06-10,58,False,152076,Додайте світла,2025-03-06,0.74,0.794,6,-3.734,1,0.0281,0.0197,1.95e-05,0.126,0.758,129.979,4
11gTRcdz4wK32fghA2vrX7,Lost Angeles,FRIENDLY THUG 52 NGG,43,7,7,UA,2025-06-10,66,True,114437,Cristoforo Colombo,2023-11-03,0.788,0.544,7,-9.738,0,0.324,0.141,0.0,0.0947,0.411,75.474,4
7so0lgd0zP2Sbgs2d7a1SZ,Die With A Smile,"Lady Gaga, Bruno Mars",44,-1,-10,UA,2025-06-10,91,False,251667,MAYHEM,2025-03-07,0.519,0.601,6,-7.727,0,0.0317,0.289,0.0,0.126,0.498,157.964,3
0FTmksd2dxiE5e3rWyJXs6,back to friends,sombr,45,5,5,UA,2025-06-10,98,False,199032,back to friends,2024-12-27,0.436,0.723,1,-2.291,1,0.0301,9.37e-05,8.82e-05,0.0929,0.235,92.855,4
4gmYoD8EB3ATqJJHuj354Q,Мила моя,TVORCHI,46,-8,-11,UA,2025-06-10,58,False,178857,Мила моя,2025-03-06,0.779,0.804,6,-5.435,0,0.126,0.0548,0.00048,0.338,0.375,105.005,4
0vByMmR3Y8MBorEEE5Pmie,Відриваючись,Parfeniuk,47,3,3,UA,2025-06-10,57,False,149832,Відриваючись,2023-05-03,0.691,0.68,9,-6.478,0,0.0426,0.53,0.0,0.102,0.546,125.033,4
4QBctJxUBXat0IMMuKQIgW,Білі Черемхи,"Віктор Павлік, FIЇNKA",48,0,2,UA,2025-06-10,54,False,200166,Білі Черемхи,2025-05-01,0.607,0.7,1,-6.802,0,0.0678,0.114,0.0,0.165,0.743,180.023,4
2t09oTrG0c2IvUC6J8Mvif,2 лимузина,Napylniik,49,1,1,UA,2025-06-10,63,True,115087,2 лимузина,2025-02-07,0.627,0.529,1,-8.146,1,0.249,0.0383,0.0,0.123,0.511,85.421,4
1YeQGpxrQvp6Yg3K6SIgho,Покохай мене,"Chico, Qatoshi, 100лиця",50,-3,0,UA,2025-06-10,57,False,176666,Покохай мене,2023-11-12,0.855,0.888,0,-5.451,1,0.217,0.0261,0.0,0.249,0.871,124.987,4
7G7mSV4BebkoHWwKTDvXu9,Winter Ahead (with PARK HYO SHIN),"V, Park Hyo Shin",1,0,0,TW,2025-06-10,84,False,234895,Winter Ahead (with PARK HYO SHIN),2024-11-29,0.36,0.316,3,-9.954,1,0.0284,0.858,0.000212,0.23,0.229,76.844,3
27xkOIER6uDLKALIelHylZ,Don’t Say You Love Me,Jin,2,0,0,TW,2025-06-10,92,False,180716,Echo,2025-05-16,0.729,0.562,8,-5.49,1,0.0304,0.484,0.0,0.105,0.757,111.976,4
7tI8dRuH2Yc6RuoTjxo4dU,Who,Jimin,3,0,0,TW,2025-06-10,90,False,170887,MUSE,2024-07-19,0.66,0.756,0,-3.743,0,0.032,0.00289,0.0,0.193,0.838,116.034,4
1XZE0InCx3SdCnLpVsPpZl,Jumping Machine (跳楼机),LBI利比,4,0,1,TW,2025-06-10,82,False,201642,Jumping Machine (跳楼机),2025-01-23,0.605,0.53,6,-7.981,1,0.029,0.659,0.0,0.172,0.351,127.939,4
5cOXSOo4olhVLVSpQBvQaP,看着我的眼睛说,张远,5,2,45,TW,2025-06-10,62,False,260794,看着我的眼睛说,2025-03-31,0.428,0.723,9,-4.847,1,0.077,0.569,0.0,0.304,0.319,76.983,4
0qkYuCno3SoU8vxkCdx0iJ,THUNDER,SEVENTEEN,6,-1,-2,TW,2025-06-10,85,False,164040,SEVENTEEN 5th Album 'HAPPY BURSTDAY',2025-05-26,0.752,0.837,5,-4.996,0,0.0632,0.0332,0.0,0.0643,0.718,129.988,4
0fK7ie6XwGxQTIkpFoWkd1,like JENNIE,JENNIE,7,-1,-1,TW,2025-06-10,95,True,123517,Ruby,2025-03-07,0.811,0.743,10,-5.321,0,0.0611,0.281,0.00671,0.0868,0.815,130.019,4
2xYrGeWUjwGvB0KMAfUFSd,第57次取消发送,菲菲公主,8,2,32,TW,2025-06-10,65,False,180560,第57次取消发送,2025-02-10,0.488,0.475,9,-10.065,1,0.0257,0.689,0.00107,0.125,0.293,172.038,4
298LjjcBvuQCAlwUWb9dKb,像晴天像雨天（电视剧《难哄》心动曲）,Silence Wang,9,-1,0,TW,2025-06-10,77,False,236616,电视剧《难哄》影视原声带·只喜欢你Love Moments,2025-02-18,0.691,0.662,0,-5.817,1,0.0279,0.431,0.0,0.174,0.385,127.984,4
72AAKt6SQmRbYSvVKP34QD,Pleasure,JOLIN,10,-1,-2,TW,2025-06-10,67,False,168107,Pleasure,2025-05-28,0.705,0.676,7,-5.428,1,0.0536,0.00852,0.0536,0.141,0.495,127.971,4
1vfUASvUGt3gxQ1x3T3u1C,嚣张,en,11,0,3,TW,2025-06-10,69,False,253994,嚣张,2019-08-14,0.595,0.52,11,-6.81,1,0.031,0.646,0.0,0.116,0.168,133.999,4
5h1BN75CEh8wdSwE1xrbSe,Slow Dancing,V,12,1,-5,TW,2025-06-10,78,False,187026,Layover,2023-09-08,0.579,0.63,8,-7.758,1,0.058,0.257,0.00462,0.0986,0.552,155.96,4
3coRPMnFg2dJcPu5RMloa9,Whiplash,aespa,13,2,4,TW,2025-06-10,78,False,183226,Whiplash - The 5th Mini Album,2024-10-21,0.863,0.9,10,-2.974,0,0.0448,0.0953,0.0212,0.0786,0.748,126.023,4
2nopDUxom21JoMzFXj9wS0,HANDS UP,MEOVV,14,0,-1,TW,2025-06-10,82,False,192467,HANDS UP,2025-04-28,0.844,0.689,9,-5.472,0,0.0522,0.0052,0.000119,0.305,0.441,140.0,4
3V2v19gDm4rmRkMwcgS4X2,有些,颜人中,15,4,4,TW,2025-06-10,70,False,229523,失眠症候群,2019-12-14,0.685,0.535,7,-7.53,1,0.0433,0.744,0.0,0.081,0.369,125.922,4
0VTzUEuHYD8s7CgQ15cDPo,特別的人,Khalil Fong,16,0,-5,TW,2025-06-10,69,False,259079,危險世界,2014-04-11,0.563,0.488,11,-7.314,1,0.0349,0.332,0.0,0.187,0.262,139.987,4
5HVq8nS0pbM6G7YK8M7DY4,愛情的大壞蛋,Amazing Show,17,0,9,TW,2025-06-10,64,False,187266,Amazing Show同名專輯,2024-09-30,0.381,0.844,1,-4.236,0,0.053,0.00263,0.0,0.203,0.492,167.9,4
4wJ5Qq0jBN4ajy7ouZIV1c,APT.,"ROSÉ, Bruno Mars",18,-6,0,TW,2025-06-10,89,False,169917,rosie,2024-12-06,0.777,0.783,0,-4.477,0,0.26,0.0283,0.0,0.355,0.939,149.027,4
42UBPzRMh5yyz0EDPr6fr1,Manchild,Sabrina Carpenter,19,28,31,TW,2025-06-10,87,True,213645,Manchild,2025-06-05,0.731,0.685,7,-5.087,1,0.0572,0.122,0.0,0.317,0.811,123.01,4
6d8DgvFxp6lbdfOw9BVkLS,Good Thing,i-dle,20,2,-10,TW,2025-06-10,78,False,154386,We are,2025-05-19,0.684,0.938,6,-2.128,0,0.0421,0.00125,0.000169,0.325,0.93,132.022,4
7z2M7DsEjZjwXBkWG3zd21,我懷念的,Stefanie Sun,21,11,-5,TW,2025-06-10,69,False,289066,逆光,2007-05-02,0.434,0.391,4,-8.016,1,0.0341,0.755,0.0,0.109,0.283,139.972,4
5doooVlMVRZztQbySqARMI,HOME SWEET HOME (feat. TAEYANG & DAESUNG),"G-DRAGON, TAEYANG, DAESUNG",22,7,3,TW,2025-06-10,71,False,211330,Übermensch,2025-02-25,0.633,0.752,10,-4.5,0,0.0726,0.00275,1.45e-06,0.0966,0.408,149.947,4
0hEWvzkgbI301JZj947gFz,大展鴻圖(Blueprint Supreme),"攬佬SKAI ISYOURGOD, AR刘夫阳",23,-5,26,TW,2025-06-10,72,False,211677,八方來財(Stacks from All Sides),2024-08-20,0.636,0.758,1,-6.597,1,0.138,0.00531,0.0,0.309,0.184,175.948,4
6Wobsw9uZ0D0xkfOjxXSq9,Messy (From F1® The Movie),"ROSÉ, F1 The Album",24,-4,-12,TW,2025-06-10,87,False,179055,Messy (From F1® The Movie),2025-05-08,0.562,0.643,5,-5.739,1,0.0422,0.0442,0.0,0.0965,0.277,96.92,4
1NoDTQhJsrd5rnpb6PQthK,離開的一路上,理想混蛋,25,0,-5,TW,2025-06-10,66,False,254961,半熟理想,2023-10-27,0.597,0.506,2,-8.05,1,0.0267,0.0611,0.0,0.119,0.322,126.026,4
59lBAMCis4C6NsPdUV35Vz,愛愛愛,Khalil Fong,26,-5,4,TW,2025-06-10,68,False,215253,愛愛愛,2006-12-31,0.473,0.459,9,-7.348,1,0.0377,0.4,0.0,0.0862,0.346,66.37,4
2FQE7XVMDtuHjkjY0D1uwj,愚人節快樂,Crowd Lu,27,-3,-6,TW,2025-06-10,68,False,256256,愚人節快樂,2025-04-01,0.435,0.309,4,-9.906,1,0.0419,0.734,0.0,0.292,0.235,118.082,4
7so0lgd0zP2Sbgs2d7a1SZ,Die With A Smile,"Lady Gaga, Bruno Mars",28,0,-4,TW,2025-06-10,91,False,251667,MAYHEM,2025-03-07,0.519,0.601,6,-7.727,0,0.0317,0.289,0.0,0.126,0.498,157.964,3
198zDKzyktXRG1PGpidY9h,DRIP,BABYMONSTER,29,-3,-2,TW,2025-06-10,82,False,180845,DRIP,2024-11-01,0.862,0.687,6,-5.215,1,0.0702,0.065,0.0,0.0862,0.704,119.972,4
2N0SPREDYqILVEFSsWF5N5,Love Me Again,V,30,-7,20,TW,2025-06-10,76,False,182293,Layover,2023-08-11,0.633,0.607,0,-6.182,0,0.0532,0.183,1.38e-06,0.167,0.363,74.029,4
6dOtVTDdiauQNBQEDOtlAB,BIRDS OF A FEATHER,Billie Eilish,31,2,4,TW,2025-06-10,100,False,210373,HIT ME HARD AND SOFT,2024-05-17,0.747,0.507,2,-10.171,1,0.0358,0.2,0.0608,0.117,0.438,104.978,4
7Bb2dk76u7tTQxLf1nY9Ne,Count to Ten,Pets Tseng,32,11,0,TW,2025-06-10,46,False,232336,Stay Tuned,2025-05-27,0.538,0.483,8,-7.798,1,0.0462,0.733,0.0,0.0943,0.387,137.727,4
2BHXQNTVx1WWEk3WyCo4VO,跳楼机,en,33,6,1,TW,2025-06-10,69,False,209158,跳楼机,2025-02-15,0.58,0.62,1,-6.676,1,0.0366,0.21,0.0,0.105,0.349,127.881,4
3be9ACTxtcL6Zm4vJRUiPG,blue,yung kai,34,-4,-6,TW,2025-06-10,92,False,214357,blue,2024-08-02,0.746,0.317,4,-11.982,1,0.0342,0.933,0.0186,0.121,0.585,97.49,3
2CGNAOSuO1MEFCbBRgUzjd,luther (with sza),"Kendrick Lamar, SZA",35,-4,-4,TW,2025-06-10,92,False,177598,GNX,2024-11-21,0.707,0.575,2,-7.546,1,0.125,0.251,0.0,0.248,0.576,138.008,4
13bw75oRjvxMv9VGIeM32i,愛我還是他,David Tao,36,1,0,TW,2025-06-10,69,False,292666,太平盛世,2005-08-01,0.465,0.391,11,-8.029,1,0.0304,0.758,0.0,0.112,0.152,133.025,4
5lKnZbdGCBViitE1Ce5TZh,Supernova,aespa,37,-1,2,TW,2025-06-10,75,False,178880,Armageddon - The 1st Album,2024-05-26,0.744,0.747,11,-4.281,0,0.0824,0.00691,2.03e-06,0.0739,0.368,120.077,4
6GyUt7yJ0sOktc5HjvVnFh,在加納共和國離婚,"Firdhaus, DIOR 大穎",38,-4,4,TW,2025-06-10,69,False,261000,在加納共和國離婚,2023-08-14,0.415,0.381,7,-9.731,1,0.0516,0.859,0.0,0.129,0.241,116.053,4
5SxVJ2qGPoP13ZTZz4yntH,A Strange Love Song,Yoga Lin,39,2,-10,TW,2025-06-10,54,False,251785,A Strange Love Song,2025-05-14,0.531,0.498,9,-8.118,1,0.0285,0.322,0.0,0.147,0.396,137.942,4
34K7NvVX6Jw0AzT7hQpQ9X,NONO,頑童Mj116,40,0,-18,TW,2025-06-10,62,False,171428,NONO,2025-05-15,0.946,0.535,6,-6.171,1,0.224,0.0321,0.0,0.0825,0.195,98.013,4
0kFTS4OH2t44gsLN0a8Khr,任性 (電視劇《難哄》主題曲),Mayday,41,-6,2,TW,2025-06-10,68,False,265000,任性,2024-12-30,0.486,0.673,0,-7.262,1,0.0397,0.0962,0.0,0.0916,0.561,136.045,4
6WE1SUfXxG41NqW9jPHfti,23/17,"王ADEN, 高爾宣 OSN",42,0,-19,TW,2025-06-10,63,False,213000,23/17,2025-05-16,0.684,0.704,11,-5.569,1,0.0613,0.177,0.0,0.108,0.49,119.928,4
24Y63uAvj6Oc9jGuTlhlgf,HOT,LE SSERAFIM,43,-5,1,TW,2025-06-10,76,False,143797,HOT (English ver.) (feat. JADE),2025-04-14,0.763,0.63,0,-3.406,1,0.0558,0.0883,0.0,0.42,0.968,127.957,4
2kutq7mQIFYUdGxHptsMlE,你知道你比晚霞好看嗎,"Tr33, BK, Seluu",44,-17,-3,TW,2025-06-10,63,False,178666,你知道你比晚霞好看嗎,2025-05-11,0.645,0.658,6,-8.3,1,0.0575,0.354,0.0,0.152,0.489,90.004,4
3FLR0AnSpUYPDlDCaSqsXc,瞬,郑润泽,45,3,5,TW,2025-06-10,69,False,284925,瞬,2023-07-17,0.469,0.48,8,-9.444,1,0.0328,0.682,0.0,0.104,0.234,140.883,4
4cCpt3dT86O3F7OgkK5n8o,接住你,理想混蛋,46,4,-13,TW,2025-06-10,60,False,309760,接住你,2025-05-23,0.456,0.504,7,-6.872,1,0.0283,0.481,1.34e-05,0.13,0.327,127.723,4
1z5ebC9238uGoBgzYyvGpQ,toxic till the end,ROSÉ,47,-2,0,TW,2025-06-10,85,False,156685,rosie,2024-12-06,0.413,0.604,7,-5.628,1,0.0999,0.0498,0.0,0.114,0.296,167.232,4
0cOMncRq4cmDLO4tPQnkBF,擱淺,Jay Chou,48,-2,0,TW,2025-06-10,66,False,238133,七里香,2004-08-03,0.499,0.5,5,-7.189,1,0.0276,0.687,0.000726,0.141,0.127,122.686,4
6KspA5I7eXMCcK4PgXmOPA,OGS,頑童Mj116,49,1,-3,TW,2025-06-10,63,False,160024,OGS,2025-04-30,0.868,0.638,2,-5.929,1,0.163,0.0138,5.59e-05,0.0797,0.532,149.983,4
4FhJ7YSRxATHnaRg4nGs6t,小情歌,sodagreen,50,0,0,TW,2025-06-10,65,False,273573,小宇宙,2006-10-20,0.527,0.522,2,-9.29,1,0.0314,0.775,0.0,0.0847,0.272,132.066,4
1YrEoI9Cn6pmCXuiUGQ0Kf,SONBAHAR,"Era7capone, Poizi, SNOW",1,0,0,TR,2025-06-10,78,False,150000,SONBAHAR,2025-05-30,0.783,0.779,4,-4.152,0,0.11,0.0924,8.22e-05,0.115,0.079,119.97,4
0VOnehekjQz9cvUwLzmYSQ,Sen Kaldın,Semicenk,2,1,2,TR,2025-06-10,82,False,152438,Geçiyor Zaman,2024-08-09,0.581,0.732,10,-4.821,0,0.0523,0.143,0.0312,0.178,0.345,145.954,4
0F7e5Ot8PrsdHBW0SmeXi7,Aşk Yok Olmaktır,Yıldız Tilbe,3,1,0,TR,2025-06-10,79,False,280560,Aşkperest,1996-08-02,0.537,0.491,2,-10.871,1,0.172,0.266,0.0,0.626,0.756,112.483,3
2qBH9hL1iMU9kpz44dLtcj,Mosmor Perde,BLOK3,4,-2,4,TR,2025-06-10,76,False,156774,Mosmor Perde,2025-05-30,0.8,0.52,0,-8.493,1,0.158,0.623,0.000916,0.312,0.677,92.996,4
4EsRpVBBKiqOZ67DJj0QHF,Snap,manifest,5,1,0,TR,2025-06-10,76,False,149711,Snap,2025-05-30,0.713,0.804,3,-4.904,0,0.042,0.00212,3.5e-05,0.144,0.682,146.022,4
2RlpOjMTH17Gf0F0AM40Lw,Kör Sevdam,Zeynep Bastık,6,1,4,TR,2025-06-10,76,False,191142,Kör Sevdam,2025-05-23,0.478,0.76,4,-5.447,0,0.0296,0.132,0.0,0.117,0.604,180.181,4
28Aau4tlztDlgKJQXrWhZR,Önümüz Yaz,Simge,7,3,13,TR,2025-06-10,77,False,181518,Önümüz Yaz,2024-06-21,0.726,0.914,7,-4.226,1,0.0802,0.0758,0.0,0.54,0.839,108.02,4
1HJU78CRk4vxvjE5Cs1BCt,Vidrado Em Você,"Dj Guuga, Mc Livinho",8,-3,1,TR,2025-06-10,88,False,134769,Vidrado Em Você,2019-06-11,0.844,0.925,2,0.303,1,0.1,0.14,7.67e-06,0.109,0.589,159.929,4
1horGWxHKfwctCKdHwrO0n,Keşke,"BLOK3, Ati242",9,0,-2,TR,2025-06-10,83,False,207253,Keşke,2025-03-28,0.755,0.423,5,-9.967,1,0.12,0.603,4.28e-06,0.292,0.389,94.99,4
3ff93VTp2DBbNnDEsAW8Cm,SEVMEYİ DENEMEDİN,BLOK3,10,1,2,TR,2025-06-10,80,False,172900,OBSESIF,2024-09-13,0.744,0.439,1,-11.238,0,0.0336,0.384,3.09e-05,0.0847,0.529,100.027,4
5CiycCVVt7vLJyMw1MVfzS,Geçsin Yıllar,"Oğuzhan Koç, Merve Özbey",11,-3,-9,TR,2025-06-10,79,False,207428,Geçsin Yıllar,2025-05-09,0.571,0.635,2,-5.665,0,0.0447,0.203,0.0,0.115,0.366,139.825,4
3mnejDqp3v2ucwt7MlcwsN,BELLYDANCE,Motive,12,0,-6,TR,2025-06-10,77,False,147123,BELLYDANCE,2025-05-23,0.63,0.561,4,-9.867,0,0.0736,0.243,0.000496,0.285,0.267,120.12,4
2lh2tbZpcMs7scV62GcJaI,ÜZÜLECEKSİN 2.0,"SNOW, Murat Boz, Era7capone",13,0,-2,TR,2025-06-10,79,True,139354,ÜZÜLECEKSİN 2.0,2025-04-18,0.284,0.866,10,-6.522,0,0.0993,0.332,1.73e-06,0.109,0.712,92.843,4
4H8ns1mp3witrdJGLrJXR6,Y,Poizi,14,0,2,TR,2025-06-10,76,False,147000,Y,2025-04-25,0.544,0.618,5,-7.194,1,0.0529,0.146,0.0,0.315,0.376,80.063,4
0E1hVdXGZu0MoE77bYyjie,YANKI X İNTİHAR,"Simge, Era7capone, Ozan Bayraşa, SNOW",15,0,3,TR,2025-06-10,78,False,151512,YANKI X İNTİHAR,2024-11-14,0.571,0.777,1,-6.673,1,0.0713,0.0462,2.16e-05,0.63,0.692,91.132,4
1I7iW0f42qRNJMvpyERRmo,Aldanırım,"Sıla Şahin, Samet Kardeşler",16,2,5,TR,2025-06-10,79,False,201231,Aldanırım,2025-01-31,0.63,0.588,3,-6.403,0,0.0379,0.315,1.76e-06,0.165,0.152,98.961,4
1lNcnIU4jtqD69Qtfjh8EJ,Sana Güvenmiyorum - Dedub Sessions,"Dedublüman, Aleyna Tilki",17,5,-2,TR,2025-06-10,78,False,204833,Sana Güvenmiyorum (Dedub Sessions),2024-11-01,0.378,0.666,11,-7.385,0,0.0283,0.0282,5.71e-05,0.456,0.525,89.909,4
7wSiIzgBSzNFDbVDgxCqeO,Roman Olur Yazsam Seni,Velet,18,-2,-5,TR,2025-06-10,80,False,172023,Roman Olur Yazsam Seni,2025-04-12,0.689,0.461,3,-7.303,0,0.214,0.389,0.0,0.19,0.614,86.519,4
1iOjOuccQP5gL52dQW8EqW,ÇIKAR BİRİ KARŞIMA,"Poizi, Era7capone, SNOW",19,0,-2,TR,2025-06-10,78,True,167190,ÇIKAR BİRİ KARŞIMA,2025-02-21,0.486,0.732,9,-6.271,0,0.134,0.308,0.0,0.133,0.54,85.603,4
0T9wqk6MpJWBMEAyyQGVAK,KTS,manifest,20,0,-6,TR,2025-06-10,77,False,146517,KTS,2025-05-16,0.746,0.75,10,-5.237,0,0.103,0.0396,0.0,0.828,0.735,109.99,4
65txmqjijZoGYs1irX6tBU,Her Nerdeysen,Ati242,21,0,2,TR,2025-06-10,78,True,149626,Manifesto,2024-10-11,0.818,0.638,4,-8.253,0,0.0897,0.474,0.000267,0.135,0.583,121.951,4
3XZDLNS43nxBJ6HmAlVMGp,Gözlerinden Gözlerine,Semicenk,22,-5,2,TR,2025-06-10,79,False,176625,Gözlerinden Gözlerine,2025-01-31,0.726,0.573,7,-7.876,0,0.0928,0.435,9.68e-05,0.0814,0.484,90.019,4
366jopUhzxmlcO7m7I6q8G,Mendil,Gülden,23,2,12,TR,2025-06-10,77,False,214146,Mendil,2019-06-17,0.769,0.725,7,-6.522,0,0.0687,0.0202,0.0,0.456,0.258,123.08,4
4am1HRe1AbECdzyYfiwwW9,HA HA HA HA,"Lvbel C5, AKDO",24,0,-2,TR,2025-06-10,62,True,102097,SÖZDE KİMSELER SEVMİYOR,2025-05-30,0.801,0.848,9,-3.872,1,0.0824,0.145,4.99e-06,0.272,0.799,79.98,4
5R4IMqppkpo0rBBHja7j7J,Bu Yaz,Bahadır Tatlıöz,25,-2,25,TR,2025-06-10,69,False,182253,Bu Yaz,2025-05-23,0.828,0.847,0,-5.719,0,0.213,0.353,0.0,0.104,0.708,129.986,4
3tCCD2qQLdC99YkRwGPSsx,Kumralım,Yaşar,26,0,13,TR,2025-06-10,74,False,210840,Divane,1996-01-01,0.723,0.942,9,-7.141,0,0.169,0.435,0.0,0.151,0.66,114.943,4
0bvgWq2ZUhwwjLR1AMcQDs,CISTAK,"Era7capone, Batuflex, Narco",27,0,11,TR,2025-06-10,76,True,136009,CISTAK,2024-09-13,0.819,0.71,2,-8.549,1,0.22,0.186,4.69e-05,0.25,0.923,119.985,4
7FfdTwI2i0b5PNeNvqtqCY,Italy Forma,Ati242,28,2,3,TR,2025-06-10,77,True,181346,Manifesto,2024-10-11,0.488,0.858,9,-5.768,0,0.398,0.16,0.0,0.295,0.673,98.02,4
0nSgiI4vDSLUCA4GcQDAtp,pUTA,"Jeff Redd, BIGBAT",29,4,0,TR,2025-06-10,77,True,104072,pUTA,2025-04-18,0.786,0.723,6,-7.638,1,0.0333,0.0694,0.00148,0.108,0.92,129.992,4
6wW7ZgvYwgOKCRLeqYEM6y,Ara Beni Lütfen,Kenan Doğulu,30,-1,12,TR,2025-06-10,71,False,279799,Festival,2006-06-13,0.71,0.684,10,-8.349,0,0.0888,0.24,6.85e-06,0.122,0.63,94.013,4
3xZxb7EIcNyRmDc8ECaWTl,HUQQA,Jeff Redd,31,3,9,TR,2025-06-10,77,True,127031,HUQQA,2025-03-07,0.87,0.589,1,-7.351,1,0.218,0.0133,4.86e-05,0.0543,0.729,107.978,4
4y3QBJf9E8yDJCEFbRK8xk,Yankı,Simge,32,16,18,TR,2025-06-10,73,False,265964,Yankı,2016-02-05,0.592,0.776,1,-6.46,1,0.0398,0.00674,4.39e-06,0.437,0.416,90.963,4
4UzAPluTbjdlyyhfE00REO,MERMER,"Lvbel C5, AKDO",33,4,17,TR,2025-06-10,66,False,78927,SÖZDE KİMSELER SEVMİYOR,2025-05-30,0.822,0.509,9,-11.371,1,0.304,0.262,0.0,0.077,0.585,130.04,4
5uh8vQEAZeIFEYhAg52BNS,Benden Sonra,Rıza Tamer,34,1,-7,TR,2025-06-10,77,False,163548,Benden Sonra,2025-03-28,0.564,0.522,10,-6.316,0,0.0674,0.782,0.0,0.0978,0.561,129.898,4
6Ear9bhjbNi2oaqv5qlqlM,Dönsen Bile,Ferdi Özbeğen,35,1,11,TR,2025-06-10,74,False,203653,Sizin Seçtikleriniz,1986-01-01,0.556,0.535,0,-10.617,1,0.036,0.252,1.37e-06,0.311,0.636,124.079,4
18BJaXD2ss3mP9o0qMOp8P,kum saati,"EGE!, Wegh",36,-5,-17,TR,2025-06-10,71,False,139534,kum saati,2025-05-30,0.654,0.551,5,-6.618,1,0.126,0.46,1.23e-05,0.125,0.523,171.923,4
5pEpvR03HbLxkBtK73EeJw,Değişmene Rağmen,Ati242,37,7,-9,TR,2025-06-10,74,False,185786,Manifesto,2024-10-11,0.724,0.698,7,-6.607,0,0.0669,0.537,3.33e-06,0.417,0.559,96.962,4
0M2Iwnbm8vp0c5YDdUX3Pu,Efendim İşitmedim - 2. Sezon Soundtrack,Bayhan,38,-6,-8,TR,2025-06-10,69,False,187285,GASSAL (2. Sezon Soundtrack),2025-05-24,0.774,0.549,9,-11.646,0,0.0584,0.151,0.00731,0.0537,0.78,124.991,4
5dIFM4dkwEjMnFppbHTsEA,Ahu,Mabel Matiz,39,-11,-14,TR,2025-06-10,73,False,214915,Gök Nerede,2015-02-23,0.686,0.666,9,-5.56,1,0.039,0.146,0.0,0.0428,0.801,122.06,4
0f5wEn5loiPLw2ItV8Qxoi,Arıyo,manifest,40,1,-8,TR,2025-06-10,75,False,133090,Arıyo,2025-04-11,0.826,0.706,9,-6.151,1,0.0406,0.0978,0.0,0.0637,0.87,110.01,4
3ZwRkdnTb4az8X5n4WXuHA,aklına ben gelicem,BLOK3,41,9,2,TR,2025-06-10,76,False,149406,aklına ben gelicem,2023-09-22,0.277,0.546,10,-10.798,0,0.062,0.148,0.0,0.244,0.217,199.957,4
24QL6OovqvjJ7cDxBd5Fwl,DURULDUM,"Era7capone, KERO",42,-2,-8,TR,2025-06-10,76,True,124516,DURULDUM,2025-01-17,0.671,0.686,2,-7.307,1,0.304,0.759,0.000148,0.411,0.784,93.197,4
01F8naUG7sn9LWvk68vauX,Çıt Çıt Çedene,Barış Manço,43,-5,-17,TR,2025-06-10,69,False,233946,Estağfurullah Ne Haddimize,1983-05-05,0.68,0.523,5,-16.042,0,0.113,0.28,0.0,0.136,0.852,82.5,4
2QcdW7XNdYQTpkTWVEkCHL,Çatma Yarim,Reynmen,44,3,6,TR,2025-06-10,77,False,177572,Çatma Yarim,2025-02-14,0.755,0.593,7,-6.161,0,0.0485,0.381,0.0,0.12,0.57,96.016,4
4E10qEzOmTIVmrg6Wz2RHj,Saygımdan,Bengü,45,5,3,TR,2025-06-10,74,False,271210,İkinci Hal,2014-10-17,0.725,0.661,5,-5.269,0,0.0343,0.283,0.0,0.225,0.618,127.974,4
3miyN5Xj06i5cfy8vNZfDU,Shoote Shoote,Ati242,46,3,4,TR,2025-06-10,74,True,179733,Shoote Shoote,2024-06-07,0.818,0.874,2,-5.413,1,0.0754,0.301,0.0506,0.132,0.776,122.957,4
7q2LhclL7UGS2yiL6QYRki,Zamansızdık,manifest,47,3,3,TR,2025-06-10,73,False,169822,Zamansızdık,2025-02-07,0.757,0.763,4,-4.665,0,0.0539,0.046,0.0,0.116,0.487,100.063,4
2WDQgqHMnbMSvYqNPJ1IIb,MARALIM,Maral,48,-3,2,TR,2025-06-10,70,False,142333,MARALIM,2025-05-07,0.708,0.59,9,-6.874,0,0.0513,0.428,0.0,0.258,0.569,134.997,4
5mJPC56kBRnB9rLGLs85rr,Son Bir Rica,Zeynep Dizdar,49,1,1,TR,2025-06-10,73,False,236888,Gönül Oyunu,2015-07-31,0.539,0.713,8,-5.3,0,0.138,0.314,0.0,0.105,0.583,164.302,4
3Ommpa2aE0RU3F04BedepA,Bu Aşk Fazla Sana,Şebnem Ferah,50,0,-14,TR,2025-06-10,73,False,268515,Kadın,2013-01-01,0.638,0.889,11,-5.315,0,0.0352,0.0249,3.62e-06,0.181,0.384,125.005,4
63j1HWrXmSk1zK7IZYQepo,STUNNER,TEN,1,4,3,TH,2025-06-10,82,False,214440,STUNNER - The 2nd Mini Album,2025-03-24,0.554,0.806,1,-5.075,1,0.111,0.00637,0.0,0.0509,0.566,188.025,4
7tI8dRuH2Yc6RuoTjxo4dU,Who,Jimin,2,-1,0,TH,2025-06-10,90,False,170887,MUSE,2024-07-19,0.66,0.756,0,-3.743,0,0.032,0.00289,0.0,0.193,0.838,116.034,4
27xkOIER6uDLKALIelHylZ,Don’t Say You Love Me,Jin,3,-1,-2,TH,2025-06-10,92,False,180716,Echo,2025-05-16,0.729,0.562,8,-5.49,1,0.0304,0.484,0.0,0.105,0.757,111.976,4
2wyjOiDh07ISNq0oq69G4e,นครดารา,YOUNGOHM,4,-1,-1,TH,2025-06-10,75,False,196187,นครดารา,2025-02-10,0.819,0.585,0,-5.241,1,0.0394,0.205,1.35e-06,0.101,0.59,121.061,4
3xyNRloMm2i6sNAlnnxLFA,เจิดจรัส,YOUNGOHM,5,-1,5,TH,2025-06-10,67,False,261948,เจิดจรัส,2025-05-13,0.671,0.815,8,-4.58,1,0.0356,0.38,0.0,0.0942,0.548,114.965,4
4l3EaJebI5YOPEU4o0Xllr,Memory,DOYOUNG,6,44,44,TH,2025-06-10,0,False,183013,Soar - The 2nd Album,2025-06-09,0.436,0.884,5,-1.954,1,0.0569,0.0511,0.0,0.167,0.591,151.08,4
1uFvvFnus5WZFizuRH02Q0,กุหลาบ,"F.HERO, Kantong Tungngern, Saran",7,0,1,TH,2025-06-10,74,False,235161,กุหลาบ,2025-02-12,0.811,0.678,9,-4.617,1,0.0911,0.587,0.0,0.106,0.727,124.011,4
7KNmIjcmGJIBrhP2s5Vioe,Born Again (feat. Doja Cat & RAYE),"LISA, Doja Cat, RAYE",8,0,-3,TH,2025-06-10,83,True,231174,Alter Ego,2025-02-28,0.688,0.777,1,-4.714,1,0.0408,0.0688,0.0,0.0801,0.368,114.998,4
7zKxBR2LzgFMnVBX6d0ZhT,ที่คั่นหนังสือ (Sometimes),"BOWKYLION, NONT TANONT",9,-3,-3,TH,2025-06-10,72,False,292500,ที่คั่นหนังสือ (Sometimes),2025-04-25,0.586,0.636,3,-5.874,1,0.0281,0.312,0.0,0.0945,0.521,92.03,4
0gpFtSxhDc1gC7kYJ927fJ,บทสรุปสุดท้าย,Z9,10,-1,-1,TH,2025-06-10,72,False,264960,บทสรุปสุดท้าย,2025-03-22,0.579,0.349,0,-12.737,1,0.0368,0.379,0.0,0.119,0.321,124.605,4
1LV7y6Foa5JFMOUc0qyj4b,รักรักรักรักรักรักรัก (Talk Less),D Gerrard,11,1,1,TH,2025-06-10,67,False,244577,รักรักรักรักรักรักรัก (Talk Less),2022-09-29,0.63,0.623,5,-7.155,0,0.0797,0.778,0.00285,0.127,0.491,136.902,4
4qe1nS4WjshQs40dosG8Nq,Hurry up!,"JayQ, 7Vibes",12,-1,1,TH,2025-06-10,71,True,163879,Hurry up!,2025-03-17,0.757,0.525,5,-8.691,0,0.152,0.406,0.0,0.0871,0.921,97.006,4
5b2OC2aaioNReqHlQs1TbR,Faded - Special Version,"2Ectasy, Z9",13,-3,1,TH,2025-06-10,71,False,229000,Faded (Special Version),2025-03-31,0.67,0.647,1,-5.814,1,0.0283,0.601,0.0,0.167,0.605,120.068,4
6Mm77XGJld1QxvKyMrYbFj,One Of My Life,"BLVCKHEART, K6Y",14,2,1,TH,2025-06-10,69,False,216000,One Of My Life,2024-12-16,0.73,0.479,2,-10.963,1,0.0294,0.305,0.00031,0.103,0.613,79.99,4
0Vx23Np7HAjaQIttqOAUPR,ที่ผ่านมาขอบใจจริงๆ,LITTLE JOHN,15,0,2,TH,2025-06-10,67,False,338873,ที่ผ่านมาขอบใจจริงๆ,2025-03-27,0.419,0.833,4,-5.187,1,0.0531,7.37e-05,0.0,0.2,0.194,141.926,4
4JVHa8eTUOEN0zS1zrA2j5,เรื่องราวความรักในตำนาน,"YOUNGOHM, GAVIN:D",16,1,2,TH,2025-06-10,70,False,239757,BANGKOK LEGACY,2020-08-10,0.713,0.874,9,-8.8,1,0.039,0.264,0.0,0.414,0.741,115.076,4
6SAcZT7H44417uxybshTEy,จากกันโดยสมบูรณ์,guncharlie,17,31,20,TH,2025-06-10,68,False,206416,จากกันโดยสมบูรณ์,2024-12-16,0.533,0.733,0,-7.52,1,0.0385,0.12,0.000253,0.133,0.292,76.018,4
7pvu8UPXXIex1bChP4yyiS,ล้มแชมป์ (Only You Can),"Tilly Birds, Polycat",18,1,3,TH,2025-06-10,71,False,208269,ล้มแชมป์ (Only You Can),2025-01-14,0.742,0.667,4,-4.498,1,0.0711,0.354,0.0,0.121,0.662,103.99,4
4MEn5CNtwf4VVEfmZVcpTC,ทิ้งไป,Only Monday,19,-5,0,TH,2025-06-10,71,False,350833,Only Monday,2022-07-09,0.413,0.774,10,-5.431,1,0.0329,0.0106,0.000139,0.145,0.478,180.19,4
24wXz2WuaF02y0mrKNPMsN,รออยู่อย่างนั้น,"Saran, Z9, SIMON",20,-2,0,TH,2025-06-10,71,False,232941,รออยู่อย่างนั้น,2025-01-12,0.709,0.57,4,-10.54,1,0.107,0.306,0.0,0.129,0.577,136.147,4
38pEX03GFZ0PfFDaOrpKOM,Bad Desire (With or Without You),ENHYPEN,21,2,29,TH,2025-06-10,81,False,141885,DESIRE : UNLEASH,2025-06-05,0.626,0.725,0,-4.866,0,0.105,0.234,0.0,0.12,0.665,155.877,4
4eXfkqFZLTixR89GpkjKgE,I’m OK // Not OK - Headphones Version,"BOYdPOD, Billkin",22,2,28,TH,2025-06-10,61,False,316158,I’m OK // Not OK (Headphones Version),2025-06-04,0.652,0.216,4,-13.13,1,0.0312,0.943,2.13e-05,0.0956,0.218,136.008,4
2a78JDp7YVCyEydtRiHOn7,I Just Wanna Know,PUN,23,-3,1,TH,2025-06-10,67,False,223500,PUN,2024-09-19,0.363,0.549,9,-7.205,1,0.0381,0.345,0.0,0.159,0.24,204.054,4
77rZWogLvZ2NOf248oMd6N,CURSE (รักใครไม่เป็น),"Z9, 2K, Saran",24,-3,2,TH,2025-06-10,71,False,253333,CURSE (รักใครไม่เป็น),2025-01-29,0.64,0.455,0,-13.247,1,0.0603,0.791,1.1e-05,0.0739,0.175,143.945,4
3qT2Jn6s5k5dluHNqThi1X,ไม่ให้ไป,Three Man Down,25,5,25,TH,2025-06-10,69,False,240410,ไม่ให้ไป,2024-06-11,0.52,0.852,9,-4.65,1,0.04,0.157,0.0,0.279,0.344,146.048,4
4kvBebTWC2UmFevtoG0BXy,จดจำ,Only Monday,26,0,-10,TH,2025-06-10,69,False,334459,Hotel Room 302,2025-04-10,0.532,0.736,9,-6.133,1,0.0274,0.132,1.82e-06,0.135,0.365,74.01,4
5MI9rnOsAayuxi7pKVydNg,Priceless (feat. LISA),"Maroon 5, LISA",27,-5,-4,TH,2025-06-10,86,False,163352,Priceless (feat. LISA),2025-05-02,0.583,0.863,0,-4.595,1,0.0548,0.113,0.0,0.193,0.743,90.214,4
43eS61ezviPc61XDu6tRYR,เผื่อวันไหนเธอจะกลับมา,guncharlie,28,-1,6,TH,2025-06-10,70,False,239683,เผื่อวันไหนเธอจะกลับมา,2024-02-29,0.596,0.631,8,-8.884,1,0.029,0.0232,3.19e-06,0.294,0.49,133.773,4
4KZRjuldIGTS7AQUPbUvbs,ที่เดิม,PUN,29,8,0,TH,2025-06-10,70,False,236062,PUN,2024-09-19,0.606,0.5,2,-7.865,1,0.0282,0.515,0.0,0.103,0.207,82.029,4
0V3sKBY7Iypaufb6RzR3Er,เพลงรัก,Three Man Down,30,4,-8,TH,2025-06-10,71,False,269016,เพลงรัก,2024-10-08,0.543,0.634,7,-5.242,1,0.0323,0.376,0.0,0.18,0.509,121.992,3
7G7mSV4BebkoHWwKTDvXu9,Winter Ahead (with PARK HYO SHIN),"V, Park Hyo Shin",31,-6,-24,TH,2025-06-10,84,False,234895,Winter Ahead (with PARK HYO SHIN),2024-11-29,0.36,0.316,3,-9.954,1,0.0284,0.858,0.000212,0.23,0.229,76.844,3
6SNwxbDxjzzN2VO3k6pXdR,สักวันฉันจะหายดี,Ink Waruntorn,32,-4,-2,TH,2025-06-10,70,False,228648,สักวันฉันจะหายดี,2025-02-06,0.533,0.529,3,-5.741,1,0.0423,0.709,0.0,0.075,0.489,148.001,4
24VfUtHxbkCrscWC00toom,ความทรงจำ,Musketeers,33,9,-1,TH,2025-06-10,69,False,258973,Left Right And Something,2015-12-16,0.501,0.648,0,-5.771,1,0.0272,0.0381,2.1e-06,0.0913,0.504,180.043,4
6d8gjGmu1uNrjjJbLvgyaH,วิงวอน (ex-change),BOWKYLION,34,-5,-1,TH,2025-06-10,68,False,251538,CHERRY,2024-11-19,0.668,0.524,5,-6.459,0,0.0346,0.604,0.0,0.156,0.59,130.049,4
0fK7ie6XwGxQTIkpFoWkd1,like JENNIE,JENNIE,35,-2,-7,TH,2025-06-10,95,True,123517,Ruby,2025-03-07,0.811,0.743,10,-5.321,0,0.0611,0.281,0.00671,0.0868,0.815,130.019,4
01qFKNWq73UfEslI0GvumE,3D (feat. Jack Harlow),"Jung Kook, Jack Harlow",36,-23,-25,TH,2025-06-10,79,True,201812,3D : The Remixes,2023-10-02,0.853,0.824,1,-3.287,1,0.103,0.0322,0.0,0.0859,0.888,108.044,4
6dOtVTDdiauQNBQEDOtlAB,BIRDS OF A FEATHER,Billie Eilish,37,-6,-6,TH,2025-06-10,100,False,210373,HIT ME HARD AND SOFT,2024-05-17,0.747,0.507,2,-10.171,1,0.0358,0.2,0.0608,0.117,0.438,104.978,4
6QdPlI3flfUFMy4JNpsWcG,สุดแต่ใจจะไขว่คว้า,LITTLE JOHN,38,11,10,TH,2025-06-10,69,False,314117,สุดแต่ใจจะไขว่คว้า,2025-01-15,0.564,0.885,3,-5.203,0,0.0592,0.000437,2.45e-06,0.288,0.207,119.056,4
1fBIWQh21BNWLhuhXDMog1,ทุกความทรงจำ,Only Monday,39,-4,-12,TH,2025-06-10,69,False,275625,Only Monday,2022-07-09,0.495,0.735,9,-6.427,1,0.0337,0.028,0.0,0.0987,0.316,79.992,4
2eyWFRvT7lOQmqfXI25oR1,Moonlit Floor (Kiss Me),LISA,40,-8,-2,TH,2025-06-10,75,False,155757,Alter Ego,2025-02-26,0.735,0.786,5,-3.95,0,0.114,0.126,0.0,0.313,0.663,109.935,4
5XGTehBbNk1y0KrdkI1qsK,ท้ายปี,Only Monday,41,-5,-1,TH,2025-06-10,69,False,285843,ท้ายปี,2024-11-19,0.51,0.884,9,-4.386,1,0.0351,0.000395,7.6e-05,0.208,0.361,99.934,4
65ZihkVQO3KqPj7ZKxmcev,Rockstar,LISA,42,-1,0,TH,2025-06-10,77,True,138213,Alter Ego,2025-02-28,0.666,0.628,8,-4.692,1,0.0471,0.127,0.0,0.0287,0.57,139.999,4
0VOIQcLeVfauNE0uwmIWD6,ฉันจะรีบบอกรักเธอ,T!NE,43,2,-2,TH,2025-06-10,66,False,193246,ฉันจะรีบบอกรักเธอ,2025-02-28,0.349,0.606,8,-8.08,1,0.0358,0.177,0.0,0.14,0.231,102.7,5
2QV4JzbjMvgBRXsZHE0vW5,ฉันไม่ต้องการตัวเธอในตอนนี้,LITTLE JOHN,44,6,6,TH,2025-06-10,68,False,365538,ฉันไม่ต้องการตัวเธอในตอนนี้,2024-08-02,0.361,0.718,3,-6.712,1,0.068,0.00168,0.0,0.0948,0.22,129.903,4
4ZU069vAYkr7soRzdzNdjF,ไฟเย็น,YOUNGOHM,45,-6,5,TH,2025-06-10,67,False,285000,BANGKOK LEGACY,2020-08-10,0.662,0.585,2,-8.647,1,0.0603,0.669,0.00012,0.0917,0.597,173.993,4
2AdBbeVaEdW731a3FXJAJC,อยู่ได้แล้ว,"Lipta, Mirrr",46,-3,4,TH,2025-06-10,69,False,253421,อยู่ได้แล้ว,2024-07-30,0.555,0.648,11,-7.053,1,0.037,0.366,0.0,0.318,0.509,75.016,4
5QxNmQBXpLPemzpDvsuiLM,DAY ONE,PUN,47,3,-4,TH,2025-06-10,64,False,271500,PUN,2024-09-19,0.658,0.32,11,-10.54,1,0.0317,0.811,0.0,0.0723,0.289,99.929,4
4JxY3pNkxMKHjrPiOGQqcQ,When I'm With You (feat. Tyla),"LISA, Tyla",48,-2,-13,TH,2025-06-10,77,True,172846,Alter Ego,2025-02-28,0.794,0.705,8,-6.215,0,0.14,0.218,0.0,0.133,0.467,109.933,4
4jyfcb5s4H3hKl0CJXjYei,Proud,fellow fellow,49,-2,1,TH,2025-06-10,63,False,225410,PROUD,2024-11-11,0.526,0.57,3,-8.893,1,0.0619,0.551,0.0,0.131,0.443,146.03,4
6OtTqu9t1RitlU1RjUfEXe,กอดไม่ได้,Bedroom Audio,50,-6,-1,TH,2025-06-10,66,False,286191,2014 Extended Play,2014-01-01,0.361,0.474,0,-8.155,1,0.0356,0.0945,0.0004,0.0663,0.251,170.018,4
6iOndD4OFo7GkaDypWQIou,La Plena - W Sound 05,"W Sound, Beéle, Ovy On The Drums",1,1,2,SV,2025-06-10,95,True,150001,La Plena (W Sound 05),2025-02-19,0.894,0.643,5,-3.485,1,0.132,0.543,0.000984,0.101,0.659,99.039,4
6J5kc12BW5HuP3d7C3vvx8,EoO,Bad Bunny,2,-1,-1,SV,2025-06-10,94,True,204768,DeBÍ TiRAR MáS FOToS,2025-01-05,0.36,0.464,10,-29.598,0,0.0702,0.749,0.859,0.0825,0.184,63.662,4
2lTm559tuIvatlT1u0JYG2,BAILE INoLVIDABLE,Bad Bunny,3,0,-1,SV,2025-06-10,96,True,367725,DeBÍ TiRAR MáS FOToS,2025-01-05,0.168,0.00332,10,-46.113,1,0.0615,0.192,0.79,0.112,0.219,119.387,3
7tI8dRuH2Yc6RuoTjxo4dU,Who,Jimin,4,0,22,SV,2025-06-10,90,False,170887,MUSE,2024-07-19,0.66,0.756,0,-3.743,0,0.032,0.00289,0.0,0.193,0.838,116.034,4
4oB8Xd7gMlUEtWoD8bmCXW,Morena,"Neton Vega, Peso Pluma",5,1,3,SV,2025-06-10,92,False,193728,Mi Vida Mi Muerte,2025-02-14,0.697,0.776,4,-7.409,0,0.0308,0.379,0.00148,0.341,0.189,118.007,3
1HEwEN64NjgTaHmo7LfkX8,no tiene sentido,Beéle,6,5,5,SV,2025-06-10,89,False,158036,BORONDO,2025-05-15,0.671,0.596,2,-7.565,0,0.0556,0.0871,1.97e-05,0.119,0.497,121.976,4
1PREzVLuDT6PSE9sej4wnV,COQUETA,"Fuerza Regida, Grupo Frontera",7,0,-3,SV,2025-06-10,90,False,241648,MALA MÍA,2024-12-19,0.74,0.819,1,-4.853,0,0.0866,0.244,0.0,0.107,0.884,78.975,4
6eLQXa6uk2EW8drsiKbABZ,TU SANCHO,Fuerza Regida,8,1,-2,SV,2025-06-10,90,True,177994,111XPANTIA,2025-05-02,0.689,0.84,8,-6.423,1,0.0457,0.576,0.0,0.126,0.631,120.012,3
0DMJz677XfXiiruhIELu2e,VITAMINA,"Jombriel, DFZM, Jøtta",9,1,-4,SV,2025-06-10,92,False,208743,VITAMINA,2025-02-27,0.815,0.746,10,-4.855,0,0.0528,0.015,2.26e-06,0.056,0.768,92.007,4
7d6yK8v8J484SWH5prIQiE,VeLDÁ,"Bad Bunny, Omar Courtz, Dei V",10,2,-1,SV,2025-06-10,92,True,235336,DeBÍ TiRAR MáS FOToS,2025-01-05,0.613,0.981,1,-18.638,1,0.149,0.29,0.0023,0.437,0.0337,101.852,3
6ifUES3keWjwXgae8pXI3o,Me Rehúso,Danny Ocean,11,-6,-4,SV,2025-06-10,86,False,205714,54+1,2019-03-22,0.744,0.804,1,-6.327,1,0.0677,0.0231,0.0,0.0494,0.426,104.823,4
4MUrUT38U98olfnyzMBCzm,KLOuFRENS,Bad Bunny,12,1,0,SV,2025-06-10,90,True,199114,DeBÍ TiRAR MáS FOToS,2025-01-05,0.326,0.125,1,-32.45,1,0.148,0.703,0.706,0.18,0.306,106.974,4
2JPctdUgvkQSpnUdfROxvY,Te Quería Ver,"Alemán, Neton Vega",13,-5,-3,SV,2025-06-10,84,False,176129,De Vuelta a las Andadas,2025-05-09,0.807,0.763,4,-5.172,0,0.0624,0.186,1.69e-05,0.0917,0.448,100.033,4
3sK8wGT43QFpWrvNQsrQya,DtMF,Bad Bunny,14,0,-1,SV,2025-06-10,97,True,237117,DeBÍ TiRAR MáS FOToS,2025-01-05,0.625,0.131,7,-27.405,0,0.0717,0.177,0.218,0.0807,0.032,136.02,4
2SkB7jADnfiWH8qAE9H8cO,En Privado,"Xavi, Manuel Turizo",15,2,0,SV,2025-06-10,89,False,199399,En Privado,2025-02-06,0.833,0.863,7,-3.822,1,0.0377,0.111,4.75e-06,0.135,0.91,126.973,4
3D24ErT1MMmUfXWotSj2A2,ME JALO,"Fuerza Regida, Grupo Frontera",16,-1,-2,SV,2025-06-10,92,True,212002,MALA MÍA,2024-12-19,0.47,0.75,2,-5.887,0,0.112,0.216,0.0,0.169,0.62,79.814,4
3hpm0fTeSqlhJbnqAgaLZs,Marlboro Rojo,Fuerza Regida,17,-1,-1,SV,2025-06-10,91,True,184173,111XPANTIA,2025-05-02,0.773,0.645,4,-6.376,0,0.0349,0.342,3.38e-06,0.32,0.923,114.996,1
59D4DOkspUbWyMmbAPQkxZ,VOY A LLeVARTE PA PR,Bad Bunny,18,0,0,SV,2025-06-10,93,True,156364,DeBÍ TiRAR MáS FOToS,2025-01-05,0.148,0.604,7,-35.032,1,0.0588,0.921,0.453,0.405,1e-05,106.295,3
4zhk2RS2EZODmBW6il55Qj,mi refe,"Beéle, Ovy On The Drums",19,0,1,SV,2025-06-10,84,False,159404,BORONDO,2025-05-15,0.637,0.648,7,-5.306,0,0.271,0.403,5.41e-05,0.119,0.441,123.108,4
6C1RD7YQVvt3YQj0CmuTeu,Diles,"Bad Bunny, Ozuna, Farruko, Arcángel, Ñengo Flow, DJ Luian, Mambo Kingz",20,9,15,SV,2025-06-10,84,True,286040,Diles,2016-08-26,0.813,0.56,2,-5.904,0,0.0618,0.108,0.0,0.268,0.287,118.033,4
0l0vcZMU7AOeQmUIREoI2U,Qué Pasaría...,"Rauw Alejandro, Bad Bunny",21,2,-2,SV,2025-06-10,91,True,191018,Cosa Nuestra,2024-11-15,0.833,0.563,4,-5.593,0,0.204,0.528,1.27e-05,0.139,0.343,105.008,4
7bywjHOc0wSjGGbj04XbVi,LUNA,"Feid, ATL Jacob",22,10,3,SV,2025-06-10,89,False,196800,FERXXOCALIPSIS,2023-12-01,0.774,0.86,7,-2.888,0,0.13,0.131,0.0,0.116,0.446,100.019,4
5mp6OBKCAjN4UYRvhOuUze,Tu Boda,"Oscar Maydon, Fuerza Regida",23,-2,27,SV,2025-06-10,65,True,225880,"Rico o Muerto, Vol. 1",2025-06-06,0.694,0.651,6,-6.968,1,0.0785,0.496,1.36e-05,0.0787,0.472,112.648,3
32SJM4tQyJHsB8rgVtZURn,WASSUP,Young Miko,24,-2,-7,SV,2025-06-10,87,True,162263,WASSUP,2025-04-25,0.86,0.681,1,-4.757,0,0.0399,0.00481,6.09e-06,0.142,0.656,145.023,4
1YYfyJ2yCvGFCxwjsIqEK9,Khé?,"Rauw Alejandro, Romeo Santos",25,2,4,SV,2025-06-10,88,False,206066,Cosa Nuestra,2024-11-15,0.687,0.627,7,-4.975,1,0.181,0.326,0.0,0.0893,0.47,155.865,4
0fea68AdmYNygeTGI4RC18,LA CANCIÓN,"J Balvin, Bad Bunny",26,0,-4,SV,2025-06-10,90,False,242573,OASIS,2019-06-28,0.756,0.646,7,-5.795,1,0.319,0.152,1.81e-05,0.108,0.429,176.088,4
77pDO4WZPIdkwFve0iHWnb,Por Esos Ojos,Fuerza Regida,27,-7,-6,SV,2025-06-10,84,True,188064,111XPANTIA,2025-05-02,0.696,0.678,5,-7.002,0,0.0695,0.31,0.0,0.191,0.522,102.48,3
3KgHiAVuP88QoQs9CO4z1P,TATTOO,Tito Double P,28,-3,-5,SV,2025-06-10,90,True,167955,TATTOO,2025-02-27,0.755,0.747,10,-4.278,0,0.0656,0.482,5.48e-06,0.0853,0.463,109.897,3
4zbEItKoaRId1vRZkoO0Uh,Imagínate,"Danny Ocean, Kapo",29,-1,5,SV,2025-06-10,88,False,170365,Imagínate,2024-11-07,0.779,0.737,11,-4.667,1,0.109,0.134,0.0,0.0974,0.445,101.923,4
3KZCP2StVGdWkOKyRZNWA4,Es un Secreto,Plan B,30,4,20,SV,2025-06-10,84,False,192120,House of Pleasure,2010-07-20,0.841,0.774,6,-4.963,0,0.0421,0.117,2.66e-06,0.0674,0.494,95.006,4
4eLDmhsJW3JoZTXCAozHor,Loco,Neton Vega,31,-1,9,SV,2025-06-10,86,False,186521,Mi Vida Mi Muerte,2025-02-14,0.849,0.708,1,-5.502,1,0.0686,0.0741,0.00768,0.139,0.636,91.981,4
5TFD2bmFKGhoCRbX61nXY5,NUEVAYoL,Bad Bunny,32,-1,-2,SV,2025-06-10,94,False,183685,DeBÍ TiRAR MáS FOToS,2025-01-05,0.142,0.195,6,-20.024,1,0.139,0.265,0.995,0.204,0.12,137.922,4
4N1dogCaVWnGyFdPjdqNWF,COMO CAPO,"Clave Especial, Fuerza Regida",33,-9,-6,SV,2025-06-10,87,True,165482,MIJA NO TE ASUSTES,2025-02-20,0.767,0.768,5,-4.529,0,0.0474,0.147,0.0,0.068,0.802,133.082,3
5lKFO0PrOC9jmOlPEdjHsL,DOS DÍAS,"Tito Double P, Peso Pluma",34,4,9,SV,2025-06-10,88,True,153928,INCÓMODO,2024-08-22,0.745,0.513,1,-9.116,1,0.087,0.783,0.0,0.216,0.929,109.935,3
27xkOIER6uDLKALIelHylZ,Don’t Say You Love Me,Jin,35,0,-7,SV,2025-06-10,92,False,180716,Echo,2025-05-16,0.729,0.562,8,-5.49,1,0.0304,0.484,0.0,0.105,0.757,111.976,4
0L5gbpFGU06vqSHacOxgka,TU TU TU,"Clave Especial, Edgardo Nuñez",36,-3,2,SV,2025-06-10,86,True,151570,MIJA NO TE ASUSTES,2025-02-20,0.768,0.816,5,-5.264,0,0.0755,0.169,5.1e-05,0.477,0.828,142.163,3
5GTBdEjZe7zEDp1N0eCZE4,HOLLYWOOD,"Peso Pluma, Estevan Plazola",37,0,5,SV,2025-06-10,85,True,284864,ÉXODO,2024-06-20,0.707,0.683,3,-7.598,0,0.191,0.7,5.88e-06,0.134,0.545,94.979,3
6WatFBLVB0x077xWeoVc2k,Si Antes Te Hubiera Conocido,KAROL G,38,3,-1,SV,2025-06-10,94,False,195824,Si Antes Te Hubiera Conocido,2024-06-21,0.924,0.668,11,-6.795,1,0.0469,0.446,0.000594,0.0678,0.787,128.027,4
6uroNiDEDd0xFLiri0aQNk,Triple Lavada,Esau Ortiz,39,3,-8,SV,2025-06-10,91,True,165790,Triple Lavada,2025-03-28,0.909,0.583,10,-5.735,0,0.0847,0.417,0.0,0.137,0.557,100.012,4
07bruo5RoHasGqnun1Z31S,Chiquita,"Neton Vega, Tito Double P",40,0,10,SV,2025-06-10,88,False,132051,Mi Vida Mi Muerte,2025-02-14,0.745,0.862,1,-6.345,0,0.058,0.519,2.29e-05,0.12,0.815,138.065,3
0HDHY6RSHHG2ZTE0cMT4GJ,Los Infieles,Aventura,41,-5,0,SV,2025-06-10,83,False,257186,K.O.B. Live,2006-12-19,0.745,0.716,9,-8.221,0,0.0411,0.202,0.0,0.059,0.817,132.932,4
4OwhwvKESFtuu06dTgct7i,Tiroteo - Remix,"Marc Seguí, Rauw Alejandro, Pol Granch",42,8,8,SV,2025-06-10,84,False,321555,Tiroteo (Remix),2021-04-01,0.75,0.522,9,-7.018,1,0.0293,0.282,0.0,0.0743,0.601,110.427,4
5FLzweTtgQurkLPs0E7uEO,Priti,"Danny Ocean, Sech",43,6,-10,SV,2025-06-10,87,False,130968,Priti,2025-03-20,0.8,0.681,9,-7.307,1,0.0499,0.163,0.0,0.101,0.523,121.915,4
2BvPMS2XWfnCpHHvWeOyeC,DETRÁS DE TU ALMA,Mora,44,6,3,SV,2025-06-10,83,True,237000,LO MISMO DE SIEMPRE,2025-05-18,0.433,0.733,4,-5.54,0,0.128,0.503,0.0,0.244,0.263,89.405,4
3t72JCbFJ3syOhFC7x9Pa4,M&M,Neton Vega,45,-6,0,SV,2025-06-10,89,False,166801,Mi Vida Mi Muerte,2025-02-14,0.596,0.839,5,-6.022,1,0.038,0.334,0.00713,0.0952,0.537,178.837,3
10MpBpx64MNixmUMNj7f6b,LATINA FOREVA,KAROL G,46,4,-14,SV,2025-06-10,88,True,159452,LATINA FOREVA,2025-05-22,0.806,0.715,1,-3.539,0,0.0538,0.0115,0.0,0.0756,0.5,97.936,4
4DnrAI8WyUY6gkOwl8GlPN,capaz (merengueton),"Alleh, Yorghaki",47,3,1,SV,2025-06-10,90,False,173858,LA CIUDAD,2024-12-24,0.872,0.614,3,-5.618,0,0.181,0.0815,0.000207,0.135,0.785,126.957,4
0LTwdL5yZ6YOTEGUQPFuSN,ROSONES,Tito Double P,48,-5,2,SV,2025-06-10,88,True,177590,ROSONES,2024-12-05,0.802,0.726,1,-5.939,1,0.0318,0.704,9.7e-06,0.117,0.604,120.129,3
7LABrQFfRYcZUqUwng0Heb,Encantadora,Yandel,49,-3,1,SV,2025-06-10,83,False,240093,Dangerous,2015-11-06,0.662,0.874,8,-4.509,1,0.0471,0.147,0.0,0.141,0.926,169.943,4
6v5qt5KPQHJt5ckWuhDGtM,El Mayor De Los Ranas,"Victor Valverde, JR Torres",50,-6,-6,SV,2025-06-10,80,True,172059,Con Tokio,2025-01-17,0.842,0.748,10,-4.647,0,0.0706,0.278,0.0,0.0437,0.881,91.02,4
6GwekXZF2LdRWQ8IebcoQn,studené srdce,"Pil C, Luca Brassi10x, Karlo, G1nter",1,0,49,SK,2025-06-10,59,True,236800,brat,2025-06-06,0.711,0.724,1,-5.063,1,0.125,0.0102,0.105,0.13,0.306,150.085,4
60s9qt0f9uweJvExCjHSyb,dole,"Pil C, Luca Brassi10x, Dollar Prync",2,0,48,SK,2025-06-10,57,True,179130,brat,2025-06-06,0.797,0.883,11,-6.747,0,0.234,0.0516,0.0348,0.329,0.706,138.044,4
2M9vtafpahKq5FxGAFwAzy,nikto ako my,"Pil C, Luca Brassi10x, Separ",3,0,47,SK,2025-06-10,56,True,149538,brat,2025-06-06,0.783,0.757,9,-6.128,0,0.13,0.0753,0.000941,0.0718,0.747,130.015,4
4KmnwhIOSh9zZRzTUJGsY4,medelin,"Pil C, Luca Brassi10x, Separ",4,0,46,SK,2025-06-10,56,True,184615,brat,2025-06-06,0.787,0.725,11,-5.287,0,0.231,0.111,6.97e-05,0.307,0.0916,104.225,4
2CPkBjKdmuhiSInYPqIVDZ,Zub za zub,"Separ, Raphael",5,2,45,SK,2025-06-10,53,True,240116,Zub za zub,2025-06-05,0.611,0.703,8,-7.13,1,0.237,0.0775,0.0,0.268,0.33,104.886,4
58Kx48jdexHfT7reFY1TVE,Body to body,"Separ, French Montana, Peter Pann",6,0,-5,SK,2025-06-10,68,True,192533,NEVIEM,2025-03-30,0.785,0.792,9,-5.148,1,0.106,0.357,0.000363,0.0911,0.465,101.972,4
0gJR91rHIN6XeHZIdaqp7r,iba sny,"Pil C, Luca Brassi10x",7,-2,43,SK,2025-06-10,56,True,226829,brat,2025-06-06,0.605,0.679,8,-6.247,1,0.0679,0.0145,3.36e-06,0.0874,0.0371,164.064,4
4xxGheQu1flPhMEHXPfyuI,niekde v tatrách,"Pil C, Luca Brassi10x",8,0,42,SK,2025-06-10,55,True,180740,brat,2025-06-06,0.687,0.606,1,-4.969,1,0.0509,0.0242,0.00196,0.109,0.303,161.965,4
1x1gDfbVvPYm8gaRVhDhIl,Talk2me,"Sara Rikas, Yzomandias",9,4,-7,SK,2025-06-10,65,True,163209,"Ja, Sára",2025-04-23,0.795,0.462,6,-8.47,0,0.137,0.334,3.74e-06,0.084,0.475,96.969,4
3LrLQlRYMFUQ4T1S7tWQpE,h1p h0p,"Pil C, Luca Brassi10x, Shimmi, guapanova",10,0,40,SK,2025-06-10,54,True,187924,brat,2025-06-06,0.862,0.808,10,-4.403,0,0.117,0.0521,2.84e-06,0.435,0.261,106.023,4
1XIbDyk2cYuhmPa0cO0zqN,Cigarety,"Sara Rikas, Matej Turcer",11,1,-3,SK,2025-06-10,68,False,281346,"Ja, Sára",2025-04-23,0.576,0.483,11,-7.554,1,0.0264,0.00383,2.55e-05,0.282,0.195,154.687,3
7Is6xHGeJfwBwdKaLUbbyL,ján slota freestyle,"Pil C, Luca Brassi10x, Robin Zoot",12,-3,38,SK,2025-06-10,54,True,149634,brat,2025-06-06,0.75,0.675,0,-6.172,1,0.369,0.0313,0.0,0.412,0.64,164.014,4
2I2og9mJr5rX7eEBhVNud0,mám v pi,"Pil C, Luca Brassi10x, Ben Cristovao",13,-2,37,SK,2025-06-10,54,True,151874,brat,2025-06-06,0.857,0.817,11,-5.382,0,0.249,0.011,0.000242,0.0926,0.24,128.022,4
0TavlW2wgiYIFucM8n5XEu,AENE,"Separ, SMART, Dame",14,1,-11,SK,2025-06-10,66,True,295880,NEVIEM,2025-03-30,0.824,0.694,7,-3.402,1,0.0892,0.0982,0.0,0.139,0.923,145.074,4
2n9P4AL6xPVnoE1deBxHat,Ups and downs,Sara Rikas,15,-1,-11,SK,2025-06-10,67,False,135283,"Ja, Sára",2025-04-23,0.707,0.538,4,-8.153,0,0.066,0.587,0.0,0.103,0.818,46.977,4
4O0dlJnPKQNRzh1J1pGpKg,Sorry,Sima,16,1,34,SK,2025-06-10,48,False,174246,Sorry,2025-06-06,0.711,0.742,6,-4.305,1,0.0723,0.814,4.06e-05,0.101,0.698,145.875,4
2C7sayl5uG8XAuTfA05WYU,Tempo za 2,"Sara Rikas, Raphael",17,-1,-11,SK,2025-06-10,64,True,187653,"Ja, Sára",2025-04-23,0.759,0.568,10,-8.335,0,0.284,0.397,0.0,0.184,0.76,93.945,4
5SdanljnIl81vy8nsLYea4,Nehaj tak,"Separ, SpecialBeatz",18,1,-13,SK,2025-06-10,66,True,211040,NEVIEM,2025-03-30,0.767,0.841,7,-4.619,1,0.262,0.397,0.0,0.0689,0.681,140.96,4
2RkZ5LkEzeHGRsmDqKwmaJ,Ordinary,Alex Warren,19,-1,-12,SK,2025-06-10,95,False,186964,"You'll Be Alright, Kid (Chapter 1)",2024-09-26,0.368,0.694,2,-6.141,1,0.06,0.704,6.59e-06,0.055,0.391,168.115,3
2K4y6LbyUOr03ktqAaMZmD,KSN - PINTLICH REMIX,"Yzomandias, P T K, Robin Zoot, Nik Tendo, Ektor, PINTLICH",20,4,30,SK,2025-06-10,60,True,188571,KSN (PINTLICH REMIX),2025-06-04,0.833,0.644,9,-7.13,1,0.39,0.172,0.0,0.555,0.362,140.041,4
3okMwMS8V4STgRha2KT4Kz,PTSD,Ektor,21,-1,-7,SK,2025-06-10,65,True,156026,PTSD,2025-05-29,0.795,0.814,7,-5.846,1,0.164,0.155,6.94e-06,0.11,0.248,132.089,4
59Pro01fS9Ucy2HseMArGa,Homerun,"THE MAG, G1nter",22,28,28,SK,2025-06-10,21,True,104900,Homerun,2025-06-09,0.804,0.705,9,-6.509,1,0.423,0.00749,0.0,0.339,0.397,151.029,4
7KEGsz3uwzTYo0ZQBowvRB,Drž Píču,G1nter,23,-2,-8,SK,2025-06-10,61,True,118153,Drž Píču,2025-05-29,0.961,0.485,1,-8.516,1,0.407,0.00772,0.0,0.117,0.301,129.969,4
6WfjL1LncrRrm79gaZoi9v,Iné Plemená,"Sara Rikas, Viktor Sheen",24,-2,-13,SK,2025-06-10,63,True,187000,"Ja, Sára",2025-04-23,0.685,0.553,6,-6.629,0,0.091,0.541,0.0,0.246,0.444,93.882,4
3kGZG7KKmJmJV85JtDAUwn,Swagsucks,Separ,25,-2,-16,SK,2025-06-10,64,True,162173,NEVIEM,2025-03-30,0.811,0.767,1,-5.117,1,0.225,0.275,0.0,0.323,0.37,99.949,4
37bzTXxhFeNN7K3fDFeGwU,Tras tou,"Separ, Sawsane",26,4,-16,SK,2025-06-10,62,True,215013,NEVIEM,2025-03-30,0.794,0.701,2,-5.256,0,0.224,0.358,0.0,0.107,0.707,99.99,4
7JeVRhvdsU2s6HpuUPdEuA,Stále som,Sara Rikas,27,-1,-10,SK,2025-06-10,63,True,158010,"Ja, Sára",2025-04-23,0.439,0.384,8,-8.395,0,0.0352,0.4,0.0,0.0951,0.45,184.956,3
2xR7lQvCRF53gYz7H8IZfD,TY A JA,"Alan Murin, Kali, Peter Pann",28,-1,22,SK,2025-06-10,45,False,169319,TY A JA,2025-06-05,0.776,0.797,1,-3.895,0,0.0529,0.0553,0.0,0.111,0.768,98.001,4
1P8o6bOTyh1kEqe72JFzzO,NENI STRE$S,"Pil C, Luca Brassi10x, Separ",29,-4,-11,SK,2025-06-10,63,True,169811,VOJNA,2024-06-07,0.842,0.758,10,-7.584,0,0.17,0.0128,7.02e-06,0.336,0.361,106.029,4
5LG6E6hwx6u84X7hMVkpKp,Pistácie (feat. Sofian Medjmedj),"Calin, Sofian Medjmedj",30,-2,-17,SK,2025-06-10,68,True,174117,Bieber Fever Tour Life,2024-12-06,0.565,0.487,5,-10.099,0,0.262,0.407,0.00027,0.372,0.677,72.509,4
0FTmksd2dxiE5e3rWyJXs6,back to friends,sombr,31,-2,-11,SK,2025-06-10,98,False,199032,back to friends,2024-12-27,0.436,0.723,1,-2.291,1,0.0301,9.37e-05,8.82e-05,0.0929,0.235,92.855,4
4yfL2UTITpAZ7btpfl7wax,Traphouse,"THE MAG, Chawo",32,18,18,SK,2025-06-10,15,True,159999,Traphouse,2025-06-09,0.815,0.508,3,-5.676,0,0.283,0.199,0.0,0.312,0.339,95.965,4
5ITV0zqzjOYfFWpW0xBmRa,Show Me Love,"WizTheMc, bees & honey",33,-2,-14,SK,2025-06-10,94,False,176965,Show Me Love,2025-02-07,0.714,0.691,1,-7.333,1,0.0434,0.0212,0.000292,0.111,0.155,107.15,4
3QCRSIRZyCM2JjR4DTiwzF,Painkillers,"Yzomandias, P T K, Luca Brassi10x, Le Winter",34,6,-12,SK,2025-06-10,63,True,216363,Painkillers,2024-11-22,0.779,0.807,1,-6.051,0,0.103,0.381,1.31e-05,0.123,0.606,131.987,4
1bE7Xr3y4C817TAWunZlFm,mamaididit,"Luca Brassi10x, Bwayne, Pil C, Facefront, LUJA",35,15,15,SK,2025-06-10,53,True,207910,mamaididit,2023-10-20,0.711,0.362,1,-11.929,1,0.326,0.0205,0.00266,0.244,0.469,85.878,4
6QMXFOrO3SLcemX2lGRVP1,Svoboda,"Yzomandias, P T K, Sara Rikas",36,-3,-10,SK,2025-06-10,63,True,165618,Painkillers,2024-11-22,0.792,0.459,11,-9.523,0,0.145,0.564,0.000183,0.0981,0.447,99.973,4
2yWlGEgEfPot0lv3OAjuG3,Just Keep Watching (From F1® The Movie),"Tate McRae, F1 The Album",37,-3,-9,SK,2025-06-10,90,False,142550,Just Keep Watching (From F1® The Movie),2025-05-30,0.656,0.796,9,-5.856,0,0.113,0.0767,0.0,0.509,0.425,129.956,4
4WXX611x1aCtwcqVJgA3xb,Sunset,"Separ, Jerry Lee, P T K",38,3,1,SK,2025-06-10,60,True,155520,FLOWDEMORT,2023-03-31,0.762,0.805,1,-6.63,1,0.386,0.237,0.0,0.11,0.271,124.977,4
2DKYJ9Kco4zwf5AXPMsFpf,Throwaways,G1nter,39,9,3,SK,2025-06-10,61,True,130388,Throwaways,2025-04-27,0.635,0.571,11,-10.19,0,0.391,0.0179,0.0,0.314,0.366,147.885,4
5agUzhiIJPAuj76t38TMy4,Džanes,Sara Rikas,40,6,-6,SK,2025-06-10,58,False,123946,Džanes,2023-10-26,0.839,0.599,5,-8.602,0,0.198,0.569,0.0,0.158,0.795,98.03,4
6yvop4JC7yK1cXaIpC4PvJ,I'm back,"Separ, Sara Rikas",41,2,-16,SK,2025-06-10,60,True,194413,NEVIEM,2025-03-30,0.781,0.595,11,-7.852,0,0.0968,0.538,0.0,0.107,0.174,109.996,4
2QvaPJZpFrlFa660GxjmFs,Na ostří nože,Ewa Farna,42,-4,-30,SK,2025-06-10,61,False,223000,Singles & Specials,2020-12-04,0.799,0.767,0,-4.856,1,0.0406,0.0329,0.0011,0.0825,0.849,122.061,4
0PHjcDCfUDmAK1VahjUVuK,Wannabe's,"G1nter, Young Sagvan",43,7,-3,SK,2025-06-10,60,True,148085,Wannabe's,2025-03-30,0.763,0.562,10,-8.777,0,0.091,0.099,0.0,0.097,0.194,141.122,4
4AajxCEwGEsmHmT4H1TwjY,undressed,sombr,44,-7,-21,SK,2025-06-10,96,False,182088,undressed,2025-03-21,0.642,0.887,0,-3.883,1,0.0406,0.137,0.0,0.0829,0.888,115.999,4
3BQqSkF8Raj9lEzJdscmmu,Bbejbb,"Separ, Peter Pann",45,-6,-16,SK,2025-06-10,60,True,173917,DOVIDENIA,2024-03-02,0.733,0.867,2,-4.767,1,0.138,0.0415,2.96e-06,0.105,0.24,160.073,4
6fX6IbdrTsuqQzhBQnGDup,baggy,"Gleb, Samey",46,4,-30,SK,2025-06-10,48,True,190487,PODOKNAMI,2025-05-23,0.802,0.828,1,-4.628,1,0.0733,0.0088,8.46e-06,0.372,0.484,136.072,4
0OZ9KaHagV90vvlhNUYdh7,Mě Nedostanou,Hard Rico,47,2,-11,SK,2025-06-10,64,True,153230,Mě Nedostanou,2025-04-01,0.881,0.588,4,-9.663,0,0.24,0.484,8.52e-06,0.0725,0.6,129.924,4
3h5LtZstUJRyx1vXOPmEZt,SHOCK,"Luca Brassi10x, Mjay Beatz",48,2,-10,SK,2025-06-10,57,True,169014,SHOCK,2025-03-20,0.852,0.638,1,-5.259,1,0.204,0.0156,4.73e-06,0.128,0.2,141.945,4
6dOtVTDdiauQNBQEDOtlAB,BIRDS OF A FEATHER,Billie Eilish,49,-13,-22,SK,2025-06-10,100,False,210373,HIT ME HARD AND SOFT,2024-05-17,0.747,0.507,2,-10.171,1,0.0358,0.2,0.0608,0.117,0.438,104.978,4
1Qzgt6gOMrwhMlmiBl3jbc,Na Očiach Vyryté,"Saul, Viktor Sheen",50,-8,-19,SK,2025-06-10,61,False,220502,S.A.M.O.,2025-01-17,0.714,0.697,11,-5.817,0,0.0898,0.112,0.00124,0.191,0.215,123.012,4
27xkOIER6uDLKALIelHylZ,Don’t Say You Love Me,Jin,1,0,0,SG,2025-06-10,92,False,180716,Echo,2025-05-16,0.729,0.562,8,-5.49,1,0.0304,0.484,0.0,0.105,0.757,111.976,4
7tI8dRuH2Yc6RuoTjxo4dU,Who,Jimin,2,0,1,SG,2025-06-10,90,False,170887,MUSE,2024-07-19,0.66,0.756,0,-3.743,0,0.032,0.00289,0.0,0.193,0.838,116.034,4
1XZE0InCx3SdCnLpVsPpZl,Jumping Machine (跳楼机),LBI利比,3,0,-1,SG,2025-06-10,82,False,201642,Jumping Machine (跳楼机),2025-01-23,0.605,0.53,6,-7.981,1,0.029,0.659,0.0,0.172,0.351,127.939,4
0FTmksd2dxiE5e3rWyJXs6,back to friends,sombr,4,0,0,SG,2025-06-10,98,False,199032,back to friends,2024-12-27,0.436,0.723,1,-2.291,1,0.0301,9.37e-05,8.82e-05,0.0929,0.235,92.855,4
42UBPzRMh5yyz0EDPr6fr1,Manchild,Sabrina Carpenter,5,7,45,SG,2025-06-10,87,True,213645,Manchild,2025-06-05,0.731,0.685,7,-5.087,1,0.0572,0.122,0.0,0.317,0.811,123.01,4
5cOXSOo4olhVLVSpQBvQaP,看着我的眼睛说,张远,6,2,44,SG,2025-06-10,62,False,260794,看着我的眼睛说,2025-03-31,0.428,0.723,9,-4.847,1,0.077,0.569,0.0,0.304,0.319,76.983,4
0fK7ie6XwGxQTIkpFoWkd1,like JENNIE,JENNIE,7,0,-2,SG,2025-06-10,95,True,123517,Ruby,2025-03-07,0.811,0.743,10,-5.321,0,0.0611,0.281,0.00671,0.0868,0.815,130.019,4
7so0lgd0zP2Sbgs2d7a1SZ,Die With A Smile,"Lady Gaga, Bruno Mars",8,-3,-2,SG,2025-06-10,91,False,251667,MAYHEM,2025-03-07,0.519,0.601,6,-7.727,0,0.0317,0.289,0.0,0.126,0.498,157.964,3
3be9ACTxtcL6Zm4vJRUiPG,blue,yung kai,9,-3,-2,SG,2025-06-10,92,False,214357,blue,2024-08-02,0.746,0.317,4,-11.982,1,0.0342,0.933,0.0186,0.121,0.585,97.49,3
298LjjcBvuQCAlwUWb9dKb,像晴天像雨天（电视剧《难哄》心动曲）,Silence Wang,10,3,-2,SG,2025-06-10,77,False,236616,电视剧《难哄》影视原声带·只喜欢你Love Moments,2025-02-18,0.691,0.662,0,-5.817,1,0.0279,0.431,0.0,0.174,0.385,127.984,4
50zAEIE4B1QqhPjRMK2Xmh,Running Wild,Jin,11,-2,11,SG,2025-06-10,79,False,151646,Happy - :') (Remixes),2024-11-19,0.487,0.711,8,-4.22,1,0.0322,0.000175,0.0,0.152,0.317,146.921,4
6dOtVTDdiauQNBQEDOtlAB,BIRDS OF A FEATHER,Billie Eilish,12,-2,-3,SG,2025-06-10,100,False,210373,HIT ME HARD AND SOFT,2024-05-17,0.747,0.507,2,-10.171,1,0.0358,0.2,0.0608,0.117,0.438,104.978,4
2RdEC8Ff83WkX7kDVCHseE,party 4 u,Charli xcx,13,1,0,SG,2025-06-10,93,False,296653,how i'm feeling now,2020-05-15,0.579,0.522,1,-8.393,1,0.0993,0.761,1.41e-05,0.655,0.245,79.453,4
1j15Ar0qGDzIR0v3CQv3JL,Gnarly,KATSEYE,14,3,-3,SG,2025-06-10,91,True,137316,Gnarly,2025-04-30,0.775,0.828,0,-5.191,0,0.373,0.153,0.0,0.13,0.663,135.021,4
4wJ5Qq0jBN4ajy7ouZIV1c,APT.,"ROSÉ, Bruno Mars",15,-4,-3,SG,2025-06-10,89,False,169917,rosie,2024-12-06,0.777,0.783,0,-4.477,0,0.26,0.0283,0.0,0.355,0.939,149.027,4
2yWlGEgEfPot0lv3OAjuG3,Just Keep Watching (From F1® The Movie),"Tate McRae, F1 The Album",16,-1,5,SG,2025-06-10,90,False,142550,Just Keep Watching (From F1® The Movie),2025-05-30,0.656,0.796,9,-5.856,0,0.113,0.0767,0.0,0.509,0.425,129.956,4
4WFgvKVfEhb3IUAFGrutTR,Love Me Not,Ravyn Lenae,17,3,2,SG,2025-06-10,90,False,213466,Bird's Eye,2024-08-09,0.779,0.731,0,-6.176,1,0.0306,0.296,0.0,0.128,0.814,114.001,4
4H6s1mTZcjHAMU36ZF3Xoz,Nothing Without Your Love,Jin,18,-2,9,SG,2025-06-10,80,False,176126,Echo,2025-05-16,0.494,0.837,7,-4.18,1,0.0616,0.00907,0.0,0.0925,0.246,129.843,4
2RkZ5LkEzeHGRsmDqKwmaJ,Ordinary,Alex Warren,19,-1,-2,SG,2025-06-10,95,False,186964,"You'll Be Alright, Kid (Chapter 1)",2024-09-26,0.368,0.694,2,-6.141,1,0.06,0.704,6.59e-06,0.055,0.391,168.115,3
0qkYuCno3SoU8vxkCdx0iJ,THUNDER,SEVENTEEN,20,2,-10,SG,2025-06-10,85,False,164040,SEVENTEEN 5th Album 'HAPPY BURSTDAY',2025-05-26,0.752,0.837,5,-4.996,0,0.0632,0.0332,0.0,0.0643,0.718,129.988,4
2CGNAOSuO1MEFCbBRgUzjd,luther (with sza),"Kendrick Lamar, SZA",21,2,-5,SG,2025-06-10,92,False,177598,GNX,2024-11-21,0.707,0.575,2,-7.546,1,0.125,0.251,0.0,0.248,0.576,138.008,4
5RdKO1lsHG9jhbG03LL7cv,With the Clouds,Jin,22,-1,9,SG,2025-06-10,79,False,188897,Echo,2025-05-16,0.264,0.868,11,-5.536,1,0.0637,0.00294,0.000117,0.368,0.308,101.886,4
4WrkJNGb4zUwARc0FD3iNf,Loser (feat. YENA),"Jin, YENA",23,-4,9,SG,2025-06-10,80,False,155638,Echo,2025-05-16,0.561,0.914,5,-1.911,0,0.0694,0.0128,0.0,0.252,0.697,148.008,4
4AajxCEwGEsmHmT4H1TwjY,undressed,sombr,24,2,-9,SG,2025-06-10,96,False,182088,undressed,2025-03-21,0.642,0.887,0,-3.883,1,0.0406,0.137,0.0,0.0829,0.888,115.999,4
7ne4VBA60CxGM75vw0EYad,That’s So True,Gracie Abrams,25,2,-7,SG,2025-06-10,96,True,166300,The Secret of Us (Deluxe),2024-10-18,0.554,0.808,1,-4.169,1,0.0368,0.214,0.0,0.159,0.372,108.548,4
1qmcc6IRvBdhmqhLhSaJoo,Background,Jin,26,-2,8,SG,2025-06-10,80,False,175665,Echo,2025-05-16,0.498,0.787,1,-5.372,1,0.0544,0.0543,0.0,0.102,0.26,128.003,4
5566hAPt0WmMPr9Xn749L7,Rope It,Jin,27,-2,9,SG,2025-06-10,80,False,165809,Echo,2025-05-16,0.547,0.856,5,-2.29,1,0.0854,0.0362,0.0,0.617,0.597,124.075,4
3f7rVNaBNocDLtPmnds9eE,"To Me, Today",Jin,28,0,10,SG,2025-06-10,79,False,181575,Echo,2025-05-16,0.583,0.777,1,-4.664,1,0.0628,0.00642,0.0,0.0526,0.583,155.913,4
488IBZgAqHQmUDjg9kTQYG,烂片剧情,LBI利比,29,3,-3,SG,2025-06-10,70,False,206080,烂片剧情,2025-03-15,0.594,0.485,6,-8.193,1,0.0339,0.679,0.0,0.0965,0.354,129.986,4
2HRgqmZQC0MC7GeNuDIXHN,Seven (feat. Latto) (Explicit Ver.),"Jung Kook, Latto",30,0,-10,SG,2025-06-10,85,True,183550,GOLDEN,2023-11-03,0.79,0.831,11,-4.185,1,0.044,0.312,0.0,0.0797,0.872,124.987,4
38pEX03GFZ0PfFDaOrpKOM,Bad Desire (With or Without You),ENHYPEN,31,-2,19,SG,2025-06-10,81,False,141885,DESIRE : UNLEASH,2025-06-05,0.626,0.725,0,-4.866,0,0.105,0.234,0.0,0.12,0.665,155.877,4
2LHNTC9QZxsL3nWpt8iaSR,Abracadabra,Lady Gaga,32,-1,-18,SG,2025-06-10,88,False,223398,MAYHEM,2025-03-07,0.679,0.906,10,-3.443,0,0.0632,0.0119,0.0,0.229,0.652,126.01,4
0hEWvzkgbI301JZj947gFz,大展鴻圖(Blueprint Supreme),"攬佬SKAI ISYOURGOD, AR刘夫阳",33,0,10,SG,2025-06-10,72,False,211677,八方來財(Stacks from All Sides),2024-08-20,0.636,0.758,1,-6.597,1,0.138,0.00531,0.0,0.309,0.184,175.948,4
0QCIpQV3twfqo9kh0t8Zza,Shake It To The Max (FLY) - Remix,"MOLIY, Silent Addy, Skillibeng, Shenseea",34,0,-6,SG,2025-06-10,93,True,178775,Shake It To The Max (FLY) (Remix),2025-02-21,0.856,0.548,0,-6.609,0,0.123,0.561,0.0,0.155,0.562,97.997,4
1edcyazKIdKrIuz9cWpXU6,twilight zone,Ariana Grande,35,2,-10,SG,2025-06-10,81,False,198320,eternal sunshine deluxe: brighter days ahead (a cappella version),2025-03-27,0.729,0.476,5,-7.381,1,0.0303,0.102,0.000111,0.0995,0.202,114.923,4
3QaPy1KgI7nu9FJEQUgn6h,WILDFLOWER,Billie Eilish,36,-1,-6,SG,2025-06-10,96,False,261466,HIT ME HARD AND SOFT,2024-05-17,0.467,0.247,6,-12.002,0,0.0431,0.612,0.000271,0.17,0.126,148.101,4
1vfUASvUGt3gxQ1x3T3u1C,嚣张,en,37,2,-4,SG,2025-06-10,69,False,253994,嚣张,2019-08-14,0.595,0.52,11,-6.81,1,0.031,0.646,0.0,0.116,0.168,133.999,4
7jm2PueKmv4EOHfdbdXMKT,八方來財(Stacks from All Sides),攬佬SKAI ISYOURGOD,38,-2,-3,SG,2025-06-10,79,False,173037,八方來財(Stacks from All Sides),2024-08-20,0.897,0.499,10,-3.781,0,0.0623,0.0163,0.00581,0.212,0.411,123.007,4
1UPB5rYJ0bzn6mNSoAHrZC,You'll Be in My Heart,NIKI,39,11,11,SG,2025-06-10,93,False,241776,You'll Be In My Heart,2022-09-14,0.486,0.613,9,-8.748,1,0.0394,0.0569,0.00139,0.126,0.633,187.531,4
142PiXzA84lmEw2RstFHFa,supernatural,Ariana Grande,40,4,-11,SG,2025-06-10,87,False,163381,eternal sunshine,2024-03-08,0.58,0.714,8,-6.924,1,0.117,0.0969,0.0,0.16,0.522,76.496,4
3GCdLUSnKSMJhs4Tj6CV3s,All The Stars (with SZA),"Kendrick Lamar, SZA",41,1,-1,SG,2025-06-10,94,True,232186,Black Panther The Album Music From And Inspired By,2018-02-09,0.695,0.633,8,-4.946,1,0.0599,0.0612,0.000195,0.0926,0.557,96.782,4
3siwsiaEoU4Kuuc9WKMUy5,No One Noticed,The Marías,42,-4,2,SG,2025-06-10,93,False,236906,Submarine,2024-05-31,0.705,0.339,7,-10.612,1,0.0278,0.552,0.0814,0.12,0.457,97.989,4
0c9gjnRGBRke9VmLaZWmhM,爱怎么了,陈村长,43,2,-2,SG,2025-06-10,69,False,239076,爱怎么了,2022-04-27,0.57,0.606,7,-6.353,1,0.0289,0.725,0.0,0.164,0.44,129.915,4
21IYMdzTrzSe191Cy5eMap,Sailor Song,Gigi Perez,44,-3,-7,SG,2025-06-10,89,False,211978,"At The Beach, In Every Life",2025-04-25,0.499,0.392,11,-10.441,1,0.0262,0.627,7.1e-05,0.192,0.272,95.076,4
2HRqTpkrJO5ggZyyK6NPWz,Espresso,Sabrina Carpenter,45,-5,1,SG,2025-06-10,91,True,175459,Short n' Sweet,2024-08-23,0.699,0.776,0,-5.282,1,0.0293,0.131,5.36e-06,0.205,0.708,103.963,4
6Wobsw9uZ0D0xkfOjxXSq9,Messy (From F1® The Movie),"ROSÉ, F1 The Album",46,-3,-23,SG,2025-06-10,87,False,179055,Messy (From F1® The Movie),2025-05-08,0.562,0.643,5,-5.739,1,0.0422,0.0442,0.0,0.0965,0.277,96.92,4
6GyUt7yJ0sOktc5HjvVnFh,在加納共和國離婚,"Firdhaus, DIOR 大穎",47,2,3,SG,2025-06-10,69,False,261000,在加納共和國離婚,2023-08-14,0.415,0.381,7,-9.731,1,0.0516,0.859,0.0,0.129,0.241,116.053,4
7CyPwkp0oE8Ro9Dd5CUDjW,"One Of The Girls (with JENNIE, Lily Rose Depp)","The Weeknd, JENNIE, Lily-Rose Depp",48,-2,2,SG,2025-06-10,94,False,244684,The Idol Episode 4 (Music from the HBO Original Series),2023-06-23,0.264,0.64,8,-6.221,1,0.0442,0.0393,2.31e-06,0.151,0.19,84.828,4
2aL4lMGhWdPpyPL6COPou7,Soft Spot,keshi,49,-2,-1,SG,2025-06-10,79,False,204223,Requiem,2024-09-13,0.696,0.595,11,-7.649,1,0.0262,0.361,0.000243,0.0938,0.708,105.995,4
3V2v19gDm4rmRkMwcgS4X2,有些,颜人中,50,0,0,SG,2025-06-10,70,False,229523,失眠症候群,2019-12-14,0.685,0.535,7,-7.53,1,0.0433,0.744,0.0,0.081,0.369,125.922,4
01RdEXps15f3VmQMV6OuTM,Tusen spänn,"Tjuvjakt, Fanny Avonne",1,0,0,SE,2025-06-10,76,False,190344,Tusen spänn,2025-05-09,0.735,0.653,3,-6.261,1,0.0533,0.36,0.0,0.0791,0.62,116.002,4
5xsHQu1SXYS6DYOJwIWhSC,Svagare än jag,Ida-Lova,2,2,0,SE,2025-06-10,77,False,187076,Svagare än jag,2025-04-11,0.404,0.683,1,-6.969,1,0.0594,0.302,0.0,0.318,0.661,162.091,4
57AHVmaxTYWoBBB5CFr9Ts,Sommarkatt,Lov1,3,4,5,SE,2025-06-10,64,False,208201,Sommarkatt,2025-05-30,0.695,0.676,8,-6.859,1,0.0384,0.101,0.0,0.0929,0.431,121.962,4
6eIzQCYExfnNeM7KOlE3lE,Bara Bada Bastu,KAJ,4,-2,-1,SE,2025-06-10,75,False,166880,Sauna Collection,2025-05-09,0.757,0.889,9,-4.729,0,0.0788,0.0754,2.32e-05,0.0397,0.754,106.037,4
0j2JcSeuF8ElJTrC8g6493,Djurens vaggvisa,"Humlan Djojj, Josefine Götestam",5,-2,-1,SE,2025-06-10,76,False,140046,Somna med Humlan Djojj,2020-10-30,0.684,0.0326,0,-17.898,1,0.0583,0.973,2e-06,0.108,0.44,66.685,5
2RkZ5LkEzeHGRsmDqKwmaJ,Ordinary,Alex Warren,6,0,-1,SE,2025-06-10,95,False,186964,"You'll Be Alright, Kid (Chapter 1)",2024-09-26,0.368,0.694,2,-6.141,1,0.06,0.704,6.59e-06,0.055,0.391,168.115,3
4v4544m9rPttWudGucbzAc,2CB,Hov1,7,6,43,SE,2025-06-10,58,True,187200,2CB,2025-06-06,0.586,0.557,2,-4.498,1,0.18,0.606,0.0,0.102,0.587,99.891,4
3gWBWLw3J3XTy3QTo36GqJ,Espresso Macchiato,Tommy Cash,8,-3,42,SE,2025-06-10,79,False,173746,Espresso Macchiato,2024-12-07,0.678,0.694,11,-6.183,0,0.0487,0.0123,1.62e-05,0.133,0.646,119.87,4
3kbNesyQPnUreP6bD7aADS,Lys på mig,Victor Leksell,9,-1,1,SE,2025-06-10,65,False,159346,Lys på mig,2025-05-30,0.521,0.693,9,-5.651,1,0.0382,0.258,0.0,0.258,0.666,110.274,4
48zbg3rmtLckXVdKracwzq,Håller Mig Själv,"ADAAM, Greekazo, ROMANOS",10,1,-3,SE,2025-06-10,73,False,109800,Håller Mig Själv,2025-04-25,0.759,0.872,5,-4.021,0,0.0616,0.214,0.000666,0.401,0.821,99.954,4
3SjXx3rbNGk8nCho8YEoz5,Det kommer aldrig va över för mig,Håkan Hellström,11,39,30,SE,2025-06-10,67,False,267106,Det kommer aldrig va över för mig,2013-04-17,0.552,0.872,0,-6.48,1,0.0459,0.0113,3.2e-05,0.507,0.469,127.027,4
3tgDP0BTRP10i4HkLlAER3,Om,Niklas Strömstedt,12,0,-1,SE,2025-06-10,72,False,248066,Om,1990-03-05,0.602,0.759,8,-6.646,0,0.0308,0.0406,2.38e-05,0.0975,0.505,88.957,4
42UBPzRMh5yyz0EDPr6fr1,Manchild,Sabrina Carpenter,13,4,37,SE,2025-06-10,87,True,213645,Manchild,2025-06-05,0.731,0.685,7,-5.087,1,0.0572,0.122,0.0,0.317,0.811,123.01,4
2BtcfopAsabwKFovwFyvFk,BASSIANI,Soppgirobygget,14,2,-1,SE,2025-06-10,71,False,163200,BASSIANI,2025-04-11,0.611,0.96,0,-5.7,0,0.142,0.0309,0.0,0.136,0.624,150.035,4
7Ma4xWMBilJP90yLC5H3ZY,Mitt hjärta av guld,Lia Lindstén,15,0,35,SE,2025-06-10,55,False,170918,Mitt hjärta av guld,2025-06-06,0.731,0.255,10,-13.858,1,0.0474,0.891,2.76e-06,0.105,0.498,119.999,5
3GygspQIcYy5OnRiw245Qh,Babblarnas vaggvisa,Babblarna,16,-6,-2,SE,2025-06-10,67,False,334053,Upp och ner och hit och dit med Babblarna,2023-09-01,0.299,0.234,11,-13.009,1,0.0321,0.828,0.000101,0.0959,0.333,186.369,4
0GRc3eGTg8HBdWLRGYgqIc,Azizam,Ed Sheeran,17,-3,-8,SE,2025-06-10,92,False,162029,Azizam,2025-04-04,0.663,0.899,6,-5.103,1,0.0473,0.00255,0.0,0.065,0.876,127.998,4
1h6bh1BOjKahFpWiKbFopa,Rina Rina,Sarettii,18,13,-1,SE,2025-06-10,63,True,154000,TRIBE,2025-05-30,0.888,0.685,0,-5.428,0,0.284,0.557,4.02e-06,0.0956,0.729,120.007,4
4AajxCEwGEsmHmT4H1TwjY,undressed,sombr,19,3,-7,SE,2025-06-10,96,False,182088,undressed,2025-03-21,0.642,0.887,0,-3.883,1,0.0406,0.137,0.0,0.0829,0.888,115.999,4
0IstZK4ERxONEDvE5wxwHS,Bender,Søte og Rare Gutter,20,3,-5,SE,2025-06-10,73,True,139975,Bender,2025-02-28,0.761,0.691,1,-5.127,0,0.188,0.24,0.000104,0.0902,0.705,153.011,4
5MEuFY2DxrozPEgGpR8Fji,Välkommen in,Veronica Maggio,21,-1,3,SE,2025-06-10,68,False,212453,Satan i gatan (Bonus Version),2011-01-01,0.625,0.676,0,-7.059,1,0.036,0.115,0.00277,0.248,0.629,120.019,4
1oFoY6INRnHIpHY6ssPxBm,Trädgården en fredag,Veronica Maggio,22,2,3,SE,2025-06-10,69,False,189680,Handen i fickan fast jag bryr mig,2013-01-01,0.607,0.847,4,-5.078,1,0.055,0.135,0.0,0.0848,0.731,157.004,4
0Hz0ySp6XYrBhEQPU16Hz8,Valborg,Håkan Hellström,23,27,27,SE,2025-06-10,64,False,198173,Det kommer aldrig va över för mig,2013-04-17,0.316,0.3,7,-12.51,1,0.0301,0.884,0.00368,0.0927,0.317,96.31,3
2yWlGEgEfPot0lv3OAjuG3,Just Keep Watching (From F1® The Movie),"Tate McRae, F1 The Album",24,5,4,SE,2025-06-10,90,False,142550,Just Keep Watching (From F1® The Movie),2025-05-30,0.656,0.796,9,-5.856,0,0.113,0.0767,0.0,0.509,0.425,129.956,4
401N7rbd6MSziVSDVTaQr7,Somna,"Humlan Djojj, Josefine Götestam",25,-6,-5,SE,2025-06-10,69,False,160373,Somna med Humlan Djojj,2020-10-30,0.274,0.073,0,-15.555,1,0.0384,0.98,2.36e-05,0.168,0.261,174.298,3
5jlAu4lHHVzheutRcbDklk,Stjärnorna,"Humlan Djojj, Josefine Götestam",26,-5,-4,SE,2025-06-10,68,False,166216,Somna med Humlan Djojj,2020-10-30,0.276,0.0676,9,-18.426,1,0.0324,0.985,0.00402,0.0729,0.118,71.766,4
0FTmksd2dxiE5e3rWyJXs6,back to friends,sombr,27,3,-4,SE,2025-06-10,98,False,199032,back to friends,2024-12-27,0.436,0.723,1,-2.291,1,0.0301,9.37e-05,8.82e-05,0.0929,0.235,92.855,4
1aEU7mcRDTYBB4ASpqbjYE,Hon dansar vidare i livet,Hov1,28,-3,4,SE,2025-06-10,68,True,248893,Gudarna på Västerbron,2018-09-11,0.655,0.651,8,-7.063,1,0.122,0.0267,0.0,0.133,0.782,90.054,4
04LHuPqOMSpnHFaziPq1qO,Din tid kommer - Otto Knows Remix,"Håkan Hellström, Otto Knows",29,7,21,SE,2025-06-10,63,False,286875,Din tid kommer (Otto Knows Remix),2016-04-26,0.542,0.862,2,-4.423,1,0.0969,0.251,0.000122,0.111,0.441,128.024,4
1K2a8QcaPTDTZ1e4M0s8gQ,Tandtråd,Tjuvjakt,30,12,4,SE,2025-06-10,68,False,242320,Tandtråd,2013-01-25,0.744,0.857,11,-5.315,0,0.233,0.148,0.0,0.0897,0.843,137.809,4
71CFZjdSm2WSh5S6TPd69A,Hela huset,"Veronica Maggio, Håkan Hellström",31,2,19,SE,2025-06-10,65,False,213480,Handen i fickan fast jag bryr mig,2013-01-01,0.607,0.704,11,-3.502,1,0.0326,0.342,0.0,0.195,0.564,114.049,4
6KOzO2mUwSwe8a9GiJAn7X,Kan Inte Gå,Bolaget,32,0,-3,SE,2025-06-10,68,False,146718,Kan Inte Gå,2021-12-29,0.721,0.414,11,-9.104,0,0.132,0.219,0.0,0.164,0.652,144.758,4
4WFgvKVfEhb3IUAFGrutTR,Love Me Not,Ravyn Lenae,33,4,0,SE,2025-06-10,90,False,213466,Bird's Eye,2024-08-09,0.779,0.731,0,-6.176,1,0.0306,0.296,0.0,0.128,0.814,114.001,4
00oneQN4fZEl3tbhiNMExE,Mimosa,Darin,34,5,16,SE,2025-06-10,63,False,192575,Mimosa,2025-05-09,0.535,0.571,1,-7.882,0,0.199,0.058,4.96e-06,0.161,0.575,191.686,4
3QR9CKSgMGMq27gnSl5pft,Räddare i nöden,Hov1,35,3,-16,SE,2025-06-10,70,True,241180,Räddare i nöden,2025-03-28,0.816,0.641,6,-4.877,1,0.265,0.783,0.0,0.163,0.747,108.133,4
57ilwMdNXbsbVaP8GtfEIB,Konfetti,"Molly Sandén, Astrid S",36,-2,-20,SE,2025-06-10,69,False,194425,Konfetti,2025-05-23,0.733,0.659,9,-6.202,1,0.0468,0.116,0.0,0.123,0.57,117.95,4
2yz5IaQLnO8WBCIWMXoRBS,Känn ingen sorg för mig Göteborg,Håkan Hellström,37,-9,13,SE,2025-06-10,62,False,228893,Känn ingen sorg för mig Göteborg,2000-09-25,0.242,0.824,0,-4.151,1,0.0481,0.000605,1.4e-05,0.286,0.503,119.036,4
7MzmBmyI9KkyQJaPNLdtUi,17 år,Veronica Maggio,38,-12,-1,SE,2025-06-10,67,False,220520,Och vinnaren är...,2008-01-01,0.76,0.675,1,-6.299,1,0.0254,0.244,8.42e-06,0.105,0.783,106.942,4
5bpNC61pnAqXWJg8CLoxhP,Drugs N Love,Roc Boyz,39,11,5,SE,2025-06-10,66,True,138187,Drugs N Love,2025-05-23,0.594,0.909,2,-5.711,1,0.0687,0.0446,8.12e-06,0.762,0.597,160.097,4
1Vo4peT3VmtdLVtw1s65Cm,Ingen annan rör mig som du,Norlie & KKV,40,1,-13,SE,2025-06-10,66,True,189800,Alla våra låtar,2016-10-14,0.689,0.754,1,-4.433,1,0.0395,0.0285,0.0,0.144,0.717,114.008,4
3PzfAzqI03wcX8OikTdrH2,Viva La Vida,Soppgirobygget,41,8,9,SE,2025-06-10,69,False,147428,Viva La Vida,2024-03-15,0.608,0.904,5,-5.842,1,0.302,0.0514,0.0,0.45,0.579,139.855,4
5ITV0zqzjOYfFWpW0xBmRa,Show Me Love,"WizTheMc, bees & honey",42,1,-16,SE,2025-06-10,94,False,176965,Show Me Love,2025-02-07,0.714,0.691,1,-7.333,1,0.0434,0.0212,0.000292,0.111,0.155,107.15,4
7qLwjBWh3M2JLFlEokIjUP,Nu säger vi godnatt,"Humlan Djojj, Josefine Götestam",43,-8,-7,SE,2025-06-10,67,False,161481,Somna med Humlan Djojj,2020-10-30,0.493,0.0509,10,-20.307,1,0.0312,0.982,0.0252,0.125,0.0975,81.005,4
6BvtcJlv2kdlUodAt7PD6c,Ramlar,Håkan Hellström,44,-4,6,SE,2025-06-10,61,False,196866,Känn ingen sorg för mig Göteborg,2000-09-25,0.128,0.976,0,-4.144,1,0.0845,0.00121,0.0,0.317,0.329,168.276,4
6F0EAXG5D1iFZU57wfa0Ys,Humlehum,"Humlan Djojj, Josefine Götestam",45,-1,0,SE,2025-06-10,66,False,114124,Sov med Humlan Djojj,2024-03-08,0.304,0.0124,2,-23.813,1,0.037,0.995,0.856,0.104,0.12,68.317,3
0qmhTHMVxnXRmT5N92wTD9,Bloodline (with Jelly Roll),"Alex Warren, Jelly Roll",46,4,-25,SE,2025-06-10,90,False,182008,Bloodline (with Jelly Roll),2025-05-22,0.621,0.779,4,-6.346,0,0.056,0.255,0.0,0.0683,0.513,127.925,4
0GgPjT6UhpJWkUiZqXnQnx,Nordhemsgatan leder rakt in i himlen,Håkan Hellström,47,3,3,SE,2025-06-10,49,False,321712,Illusioner,2018-12-14,0.257,0.221,5,-9.014,1,0.0302,0.882,0.00175,0.608,0.361,144.96,4
1Vvsi25b3d1FzEnbaCoYLm,Hur många mil,Victor Leksell,48,-1,-30,SE,2025-06-10,69,False,147800,Hur många mil,2025-04-04,0.764,0.536,7,-4.805,1,0.0686,0.298,0.0,0.149,0.362,95.046,4
4o5Ob60pz8QHcFKcr4MWyf,Ikväll Igen,Bolaget,49,-4,1,SE,2025-06-10,67,False,137727,Ikväll Igen,2023-04-12,0.617,0.529,0,-7.931,1,0.0957,0.498,0.0,0.553,0.501,165.015,4
4UDaVq5tm2mQ6tNgWydhUX,Kom igen Lena!,Håkan Hellström,50,0,0,SE,2025-06-10,58,False,231320,Det är så jag säger det,2002-10-28,0.433,0.939,2,-3.61,1,0.0603,0.000837,0.0,0.316,0.548,106.384,4
3QaPy1KgI7nu9FJEQUgn6h,WILDFLOWER,Billie Eilish,1,1,0,SA,2025-06-10,96,False,261466,HIT ME HARD AND SOFT,2024-05-17,0.467,0.247,6,-12.002,0,0.0431,0.612,0.000271,0.17,0.126,148.101,4
5yVIlYEHZxQVLyInCdldoS,Impossible,James Arthur,2,1,1,SA,2025-06-10,84,False,209440,James Arthur (Deluxe),2013-11-04,0.376,0.695,0,-4.782,0,0.0933,0.135,0.0,0.11,0.302,169.533,4
4QlbWOnT3ZoR2mTsyg362u,شلون بية,Aws Al Saber,3,2,1,SA,2025-06-10,60,False,360055,شلون بية,2022-01-25,0.644,0.691,0,-8.993,0,0.0732,0.235,9.8e-05,0.261,0.486,101.988,4
6dOtVTDdiauQNBQEDOtlAB,BIRDS OF A FEATHER,Billie Eilish,4,0,1,SA,2025-06-10,100,False,210373,HIT ME HARD AND SOFT,2024-05-17,0.747,0.507,2,-10.171,1,0.0358,0.2,0.0608,0.117,0.438,104.978,4
0FTmksd2dxiE5e3rWyJXs6,back to friends,sombr,5,1,7,SA,2025-06-10,98,False,199032,back to friends,2024-12-27,0.436,0.723,1,-2.291,1,0.0301,9.37e-05,8.82e-05,0.0929,0.235,92.855,4
5WFEeDclrtcviUwnbpHiiF,عفتني,Sabah Mahmod,6,3,0,SA,2025-06-10,60,False,404035,عفتني,2011-06-12,0.551,0.763,9,-8.361,0,0.102,0.302,0.0,0.107,0.74,96.296,4
1E73FAX1FA1U1BNU71eZmh,الك الك گلبي يحن,سجاد حقي,7,0,1,SA,2025-06-10,58,False,81200,الك الك گلبي يحن,2024-08-13,0.505,0.349,2,-14.201,1,0.0325,0.923,0.752,0.183,0.585,141.014,3
3siwsiaEoU4Kuuc9WKMUy5,No One Noticed,The Marías,8,0,1,SA,2025-06-10,93,False,236906,Submarine,2024-05-31,0.705,0.339,7,-10.612,1,0.0278,0.552,0.0814,0.12,0.457,97.989,4
0F2yNZOLXPtIV4k2kQgkjA,يا وطن طاهر ترابك,Nasrat Al Bader,9,1,1,SA,2025-06-10,57,False,256010,يا وطن طاهر ترابك,2024-08-01,0.604,0.656,2,-4.015,0,0.0624,0.649,0.0,0.324,0.733,103.903,4
27xkOIER6uDLKALIelHylZ,Don’t Say You Love Me,Jin,10,-9,-8,SA,2025-06-10,92,False,180716,Echo,2025-05-16,0.729,0.562,8,-5.49,1,0.0304,0.484,0.0,0.105,0.757,111.976,4
7so0lgd0zP2Sbgs2d7a1SZ,Die With A Smile,"Lady Gaga, Bruno Mars",11,0,0,SA,2025-06-10,91,False,251667,MAYHEM,2025-03-07,0.519,0.601,6,-7.727,0,0.0317,0.289,0.0,0.126,0.498,157.964,3
3h4kEr2cagLR0HlqMyMS2H,ويلي,"Nasrat Al Bader, Qaed Helmy",12,3,4,SA,2025-06-10,56,False,380255,ويلي,2024-08-01,0.338,0.606,2,-12.044,0,0.225,0.29,0.0,0.0969,0.606,103.753,4
49t3uvN9hUNefdvtaD6HBj,LUNA BALA - Slowed,"Yb Wasg'ood, Ariis",13,-1,1,SA,2025-06-10,89,False,124110,LUNA BALA,2025-04-18,0.72,0.93,7,-1.518,0,0.0342,0.0157,0.878,0.368,0.283,110.071,4
4WFgvKVfEhb3IUAFGrutTR,Love Me Not,Ravyn Lenae,14,0,9,SA,2025-06-10,90,False,213466,Bird's Eye,2024-08-09,0.779,0.731,0,-6.176,1,0.0306,0.296,0.0,0.128,0.814,114.001,4
5okjGjbI5S9GON1fM0delO,Alak Alak,Hassan El Rassam,15,1,5,SA,2025-06-10,58,False,319399,Hassan El Rassam Collection,2000-01-01,0.446,0.669,11,-10.462,0,0.184,0.385,4.49e-06,0.298,0.768,204.015,4
4sTlQPMyoFMPdhAJvErBN3,PASSO BEM SOLTO - Slowed,ATLXS,16,-3,-3,SA,2025-06-10,92,False,116072,PASSO BEM SOLTO,2024-04-23,0.602,0.867,1,-5.698,0,0.0312,0.00702,0.00442,0.259,0.399,115.899,4
2yjOEcmukC84C56uEoDn3k,Ahki Ya Tareekh,Safaa Saad,17,9,1,SA,2025-06-10,54,False,369359,Ahki Ya Tareekh,2024-10-24,0.406,0.743,6,-7.232,0,0.138,0.0937,0.0,0.665,0.869,98.728,4
7mDTvYD2ieE4Q28XFziMfJ,Cry,Cigarettes After Sex,18,4,3,SA,2025-06-10,89,False,256799,Cry,2019-10-25,0.408,0.397,7,-10.448,1,0.0274,0.755,0.67,0.112,0.163,142.803,4
7BRD7x5pt8Lqa1eGYC4dzj,CHIHIRO,Billie Eilish,19,0,0,SA,2025-06-10,91,False,303440,HIT ME HARD AND SOFT,2024-05-17,0.7,0.425,7,-12.531,1,0.0529,0.144,0.879,0.083,0.521,110.015,4
094IjHeVUviN4aBnSXYsuj,DIA DELÍCIA,"Nakama, Mc Staff, ΣP",20,7,30,SA,2025-06-10,73,True,75461,DIA DELÍCIA,2025-04-25,0.826,0.743,8,-3.721,1,0.0336,0.366,3.06e-06,0.0281,0.541,130.021,4
0hta2Lb2zKJ7kEnAEZEE3G,Nope your too late i already died,"wifiskeleton, i wanna be a jack-o-lantern",21,-4,9,SA,2025-06-10,91,False,90067,suburban daredevil,2024-10-22,0.704,0.597,4,-10.458,0,0.036,0.105,0.00835,0.264,0.978,119.993,4
0FIDCNYYjNvPVimz5icugS,Timeless (feat Playboi Carti),"The Weeknd, Playboi Carti",22,1,2,SA,2025-06-10,95,True,256000,Hurry Up Tomorrow,2025-01-31,0.768,0.775,11,-5.06,0,0.0466,0.069,2.96e-06,0.138,0.6,119.999,4
6RodD6CVu4mHQRrQJD8XhP,هذا دمعك,Tayseer Al Safeer,23,-2,4,SA,2025-06-10,55,False,291657,هذا دمعك,2013-12-28,0.334,0.688,10,-5.447,0,0.0791,0.374,0.00218,0.264,0.469,93.779,4
1UGaliIKCl7MOWzvzh5chs,Tala'et Abeh - طلعت ابيه,Ayed,24,-4,2,SA,2025-06-10,57,False,278760,Ayed 2025 - عايض ٢٠٢٥,2025-04-07,0.607,0.657,9,-6.906,0,0.037,0.0612,0.0,0.192,0.379,126.974,4
4CU10WzYSGCfx1EEOHFoRK,العين على الحاجب,اميمه طالب,25,5,25,SA,2025-06-10,48,False,215076,العين على الحاجب,2013-02-19,0.689,0.761,0,-11.145,1,0.0544,0.385,0.0,0.119,0.963,91.981,4
0fK7ie6XwGxQTIkpFoWkd1,like JENNIE,JENNIE,26,-8,-19,SA,2025-06-10,95,True,123517,Ruby,2025-03-07,0.811,0.743,10,-5.321,0,0.0611,0.281,0.00671,0.0868,0.815,130.019,4
2fuYa3Lx06QQJAm0MjztKr,Let Down,Radiohead,27,1,23,SA,2025-06-10,88,False,299560,OK Computer,1997-05-28,0.351,0.676,9,-9.017,1,0.0313,0.000121,0.113,0.18,0.143,102.46,4
3MyX3ndru7RTKvLkMZJJeJ,ميت اني,Sabah Mahmod,28,4,-13,SA,2025-06-10,55,False,246021,ميت اني,2014-03-03,0.687,0.665,1,-5.399,0,0.143,0.25,1.63e-05,0.162,0.627,103.958,4
63Pi2NAx5yCgeLhCTOrEou,Headlock,Imogen Heap,29,-4,6,SA,2025-06-10,90,False,215338,Speak for Yourself (Deluxe Version),2005-01-01,0.808,0.372,7,-10.759,0,0.0364,0.792,0.0,0.119,0.787,119.982,4
1oAwsWBovWRIp7qLMGPIet,Apocalypse,Cigarettes After Sex,30,4,-2,SA,2025-06-10,91,False,290146,Cigarettes After Sex,2017-06-09,0.369,0.467,5,-9.018,1,0.0274,0.0194,0.46,0.109,0.174,94.473,4
0COqiPhxzoWICwFCS4eZcp,Bring Me To Life,Evanescence,31,4,7,SA,2025-06-10,89,False,235893,Fallen,2003-03-04,0.331,0.943,4,-3.188,0,0.0698,0.00721,2.06e-06,0.242,0.296,94.612,4
64bLrZFkl9wQ4sbvuXdzTg,قلو نوز - Gole naz,مارفن,32,17,0,SA,2025-06-10,55,False,216944,قلو نوز - Gole naz,2025-01-03,0.508,0.829,4,-7.419,1,0.293,0.75,0.0,0.531,0.665,145.989,3
2dwrEM3ri4JSc0NOULYo8a,خالتك مو زينة,Nasrat Al Bader,33,9,-16,SA,2025-06-10,54,False,291224,خالتك مو زينة,2024-11-01,0.595,0.861,0,-6.041,0,0.163,0.676,2.33e-06,0.25,0.611,105.965,4
2HRqTpkrJO5ggZyyK6NPWz,Espresso,Sabrina Carpenter,34,-3,2,SA,2025-06-10,91,True,175459,Short n' Sweet,2024-08-23,0.699,0.776,0,-5.282,1,0.0293,0.131,5.36e-06,0.205,0.708,103.963,4
6Xrjvj35okFHzb8i4vzpoi,بتبعد ليه,Hamzawy,35,-6,-10,SA,2025-06-10,57,False,304796,بتبعد ليه,2025-01-30,0.578,0.811,6,-5.47,1,0.0334,0.382,0.00036,0.343,0.906,75.014,4
1RnPdd7EKKhKN3E4o4DRsh,MONTAGEM BAILÃO,"Repsaj, ATLXS, Mc Jhey",36,1,9,SA,2025-06-10,86,True,103727,MONTAGEM BAILÃO,2025-04-04,0.67,0.976,1,-2.113,1,0.044,0.027,1.59e-06,0.124,0.34,130.103,4
42UBPzRMh5yyz0EDPr6fr1,Manchild,Sabrina Carpenter,37,13,13,SA,2025-06-10,87,True,213645,Manchild,2025-06-05,0.731,0.685,7,-5.087,1,0.0572,0.122,0.0,0.317,0.811,123.01,4
0LH7rtfnkQy7XuybDKW2iI,ما اسمعك اغاني,Saif Khayoon,38,9,12,SA,2025-06-10,50,False,268084,ما اسمعك اغاني,2015-08-04,0.616,0.721,4,-7.45,0,0.039,0.282,0.0,0.405,0.467,106.084,4
4LkkRLP8pldQer1YRrHwkx,LOS VOLTAJE,"Sayfalse, Yb Wasg'ood, Ariis",39,-1,-17,SA,2025-06-10,87,False,99285,LOS VOLTAJE,2025-04-11,0.61,0.938,0,-1.227,0,0.0972,0.00553,0.976,0.658,0.344,115.974,4
0vGAjG4vLZmyZvnCWKW0WG,ايباه (ريمكس),Bee Remix,40,-16,-9,SA,2025-06-10,57,False,159168,ايباه (ريمكس),2024-06-11,0.691,0.758,0,-6.106,0,0.0965,0.466,0.0,0.327,0.844,91.207,4
2QjOHCTQ1Jl3zawyYOpxh6,Sweater Weather,The Neighbourhood,41,9,8,SA,2025-06-10,93,False,240400,I Love You.,2013-04-22,0.612,0.807,10,-2.81,1,0.0336,0.0495,0.0177,0.101,0.398,124.053,4
21IYMdzTrzSe191Cy5eMap,Sailor Song,Gigi Perez,42,-3,-3,SA,2025-06-10,89,False,211978,"At The Beach, In Every Life",2025-04-25,0.499,0.392,11,-10.441,1,0.0262,0.627,7.1e-05,0.192,0.272,95.076,4
1CduYZngHRf3rlSpn5sdB7,Hbnah Antaha,"Mohamad Abdel Jabar, Ali Bader",43,-7,-2,SA,2025-06-10,55,False,400320,Hbnah Antaha,2015-05-29,0.516,0.843,5,-4.287,0,0.0754,0.308,0.0,0.269,0.579,102.084,4
6AI3ezQ4o3HUoP6Dhudph3,Not Like Us,Kendrick Lamar,44,1,-10,SA,2025-06-10,94,True,274192,Not Like Us,2024-05-04,0.898,0.472,1,-7.001,1,0.0776,0.0107,0.0,0.141,0.214,101.061,4
5gNAluu4a5nDClPI5pDAoV,Hay El Zalayl,Shela,45,-12,-12,SA,2025-06-10,52,False,201943,Hay El Zalayl,2024-10-30,0.615,0.532,7,-7.756,1,0.389,0.315,0.0,0.0744,0.808,98.671,4
3dygbYXKwcqOQtqctzq9rs,ما تبت,Khaled AlHaneen,46,-6,4,SA,2025-06-10,54,False,340192,ما تبت,2014-04-11,0.515,0.633,3,-9.182,0,0.129,0.702,0.0,0.179,0.729,103.731,4
7CyPwkp0oE8Ro9Dd5CUDjW,"One Of The Girls (with JENNIE, Lily Rose Depp)","The Weeknd, JENNIE, Lily-Rose Depp",47,-6,0,SA,2025-06-10,94,False,244684,The Idol Episode 4 (Music from the HBO Original Series),2023-06-23,0.264,0.64,8,-6.221,1,0.0442,0.0393,2.31e-06,0.151,0.19,84.828,4
35mpZGgYviI4KXOeBQj2qO,Enta Be Damy,Khaled El Hanin,48,2,2,SA,2025-06-10,52,False,251305,Khaled El Hanin Collection,2020-02-05,0.573,0.685,10,-6.517,1,0.0487,0.469,0.0,0.299,0.538,98.106,4
2yiFdwIL1K2KR20wKZxxFM,باعني وراح,Sabah Mahmod,49,1,-7,SA,2025-06-10,52,False,321720,باعني وراح,2024-08-01,0.543,0.866,2,-5.811,0,0.226,0.637,8.6e-06,0.214,0.577,103.853,4
3Ojh6exk7ODqOowjKlhSYt,لماح,Ayed,50,-2,-7,SA,2025-06-10,53,False,221224,لماح,2024-07-25,0.523,0.801,0,-5.076,1,0.0955,0.264,0.0,0.115,0.616,110.147,3
66elBtZzxgKPrj2FvKrQ3R,Bipolară,"Denis Ramniceanu, Ministerul Manelelor",1,0,0,RO,2025-06-10,65,False,159157,Bipolară,2025-04-21,0.766,0.587,5,-7.143,0,0.117,0.579,1.17e-05,0.104,0.782,94.983,4
0QGHB3naWsYs9Sz70RjkZ2,FARMACISTA,Aerozen,2,1,0,RO,2025-06-10,63,True,142000,Z PRINT,2025-05-16,0.595,0.807,8,-4.96,1,0.137,0.0402,0.000874,0.112,0.423,180.23,4
37h8o6hEV5jdmiNpZkFxRF,Damelo,"Tzanca Uraganu, Mr. Juve",3,-1,0,RO,2025-06-10,69,False,157693,Damelo,2025-04-25,0.815,0.783,8,-4.946,1,0.145,0.122,8.03e-05,0.158,0.831,173.894,4
65s5E9OK3p1fER8OCdJjWO,PRIETENA TA,"VANILLA, DZWS, Dj Nattan",4,0,1,RO,2025-06-10,65,True,202220,PRIETENA TA,2025-04-22,0.825,0.419,9,-11.78,0,0.0579,0.662,0.0,0.0846,0.901,129.888,4
2G7zweQ25yC9xHNIGEuvcb,sexyZ,Aerozen,5,0,-1,RO,2025-06-10,62,True,142000,Z PRINT,2025-05-16,0.771,0.649,5,-8.423,1,0.27,0.0376,0.709,0.101,0.32,92.05,4
1yEqRiWmIaETc2FRHn7Jnr,Cât vrei tu,Babasha,6,3,5,RO,2025-06-10,60,False,161142,ATIPIC,2025-04-25,0.931,0.613,1,-5.283,1,0.0879,0.133,8.71e-06,0.0657,0.969,140.033,4
7rfgRNyDknkGKvy0Oih7Fk,Regele - From Buzz House: The Movie 2,"rares, Tzanca Uraganu, Sheik, rares bebelusul",7,-1,0,RO,2025-06-10,66,False,160000,Regele (From Buzz House: The Movie 2),2025-03-28,0.937,0.861,1,-6.906,0,0.0488,0.0194,0.0,0.0552,0.965,131.928,4
2i0DSjfHPgz3dQUcRbMhag,Iarta-ma Mamo,"Sami G, Johny Romano",8,0,-2,RO,2025-06-10,63,False,151948,Iarta-ma Mamo,2025-04-04,0.758,0.752,0,-6.029,1,0.174,0.19,0.0,0.13,0.724,153.907,4
0B0G4rBspOqDL7Ap9pgFm0,Marae,Babasha,9,-2,0,RO,2025-06-10,66,False,182452,ATIPIC,2025-04-25,0.747,0.745,5,-6.017,0,0.0471,0.0217,1.93e-06,0.119,0.683,128.08,4
7cq7xzEWmWWXy2okyYcZmX,Cel mai fericit de pe pǎmânt,rares,10,0,2,RO,2025-06-10,65,False,190000,Cel mai fericit de pe pǎmânt,2025-04-09,0.774,0.796,6,-3.631,1,0.0508,0.0329,5.73e-06,0.546,0.584,113.977,4
7tI8dRuH2Yc6RuoTjxo4dU,Who,Jimin,11,1,-3,RO,2025-06-10,90,False,170887,MUSE,2024-07-19,0.66,0.756,0,-3.743,0,0.032,0.00289,0.0,0.193,0.838,116.034,4
4loUiQ8a84Lu4Ar8KQlPb9,"Doar La Ea, Ba La Ea","Denis Nuca, Letty",12,-1,1,RO,2025-06-10,62,False,148500,"Doar La Ea, Ba La Ea",2025-02-14,0.68,0.869,0,-3.337,0,0.0419,0.218,0.0,0.102,0.888,159.931,4
5jDcoEETEDGuFlKhPm6eIq,Baklava,"Gya, Babasha",13,1,2,RO,2025-06-10,64,False,144800,Baklava,2024-04-15,0.736,0.796,6,-2.489,1,0.0432,0.281,0.0,0.16,0.75,149.971,4
2beoq3iRO5pp23aeJlgK87,Tratamente,Babasha,14,-1,0,RO,2025-06-10,60,False,153000,ATIPIC,2025-04-25,0.846,0.633,7,-7.877,0,0.0477,0.654,0.00578,0.137,0.961,129.96,4
3BAZCKKEbilNdQgTSLBca9,Păi naa,"Babasha, Ministerul Manelelor",15,3,7,RO,2025-06-10,62,False,160450,Păi naa,2024-06-01,0.746,0.831,0,-6.021,0,0.038,0.444,0.0107,0.099,0.964,138.953,4
7rW05NyJEhmDDSmSP0Lt0L,"Îmi place când - From ""Situationship"" The Movie","Lazy Ed, Mario ",16,-1,27,RO,2025-06-10,53,False,146938,"Îmi place când (From ""Situationship"" The Movie)",2025-05-30,0.733,0.631,10,-7.753,0,0.189,0.132,0.0,0.214,0.807,97.996,4
06aLLJPPUMin3MitTaSAkP,English Tallava - From BUZZ HOUSE: The Movie 2,Denis Ramniceanu,17,-1,7,RO,2025-06-10,53,False,180821,English Tallava (From BUZZ HOUSE: The Movie 2),2025-04-04,0.815,0.929,9,-4.672,0,0.0972,0.188,8.22e-06,0.316,0.966,146.007,4
7HVakZQ3Mk7VarnNWjFu1N,China,Dani Mocanu,18,-1,1,RO,2025-06-10,63,False,155560,China,2025-04-11,0.868,0.747,4,-3.328,0,0.0527,0.171,0.0,0.18,0.773,89.977,4
2KBH4q6ZbXhLf753C8gpV0,S-a lipit de pieptul meu,"Tzanca Uraganu, Costel Biju",19,2,-3,RO,2025-06-10,60,False,218836,S-a lipit de pieptul meu,2025-03-24,0.82,0.826,0,-7.468,1,0.0734,0.0473,1.67e-06,0.263,0.837,160.04,4
40kGVC92nyBYVfJth2qvm2,xcx,IDK,20,0,-10,RO,2025-06-10,61,True,173684,xcx,2025-05-16,0.645,0.723,1,-5.111,0,0.313,0.0991,9e-05,0.167,0.732,76.022,4
7CzIPuAZjl1K8wYPOOzHyL,Mercedes,"Iuly Neamtu, Manele Mentolate",21,-2,-3,RO,2025-06-10,62,False,165269,Mercedes,2024-08-09,0.815,0.865,5,-4.194,0,0.033,0.26,0.0078,0.105,0.959,144.014,4
0Ju9yyLP0bgxJ9Avn2m28S,Ban pe ban,Dani Mocanu,22,4,17,RO,2025-06-10,56,False,190416,Ban pe ban,2025-05-09,0.734,0.915,3,-4.594,0,0.0453,0.0732,0.00832,0.356,0.904,149.995,4
2c8UZZFAinUGLdvAAr8VHh,MAKE IT HOT,M.G.L.,23,1,27,RO,2025-06-10,52,True,142978,PLAYBOY CITY,2025-05-30,0.716,0.762,9,-9.152,1,0.15,0.0623,0.0789,0.107,0.706,187.946,4
0gOjMBj92rLOX6M134LMMh,"Amo, Amo","Babasha, Ministerul Manelelor",24,-2,5,RO,2025-06-10,61,False,147477,"Amo, Amo",2024-07-05,0.864,0.765,5,-7.233,0,0.0498,0.592,0.00775,0.157,0.555,119.986,4
3yLZ0xg3XoEwnl773q9Ymc,NUMAI FEMEI,Adrian Norocel,25,-2,-2,RO,2025-06-10,60,False,167333,NUMAI FEMEI,2022-06-26,0.735,0.928,9,-3.802,0,0.101,0.465,0.000935,0.283,0.965,180.039,4
2yUZv6utvoeV0B79YSn7pq,Hai sa ne iubim ca nemtii,Dani Mocanu,26,-1,4,RO,2025-06-10,61,False,150239,Hai sa ne iubim ca nemtii,2024-07-08,0.822,0.866,0,-4.205,1,0.115,0.00969,0.000596,0.145,0.945,74.977,4
2vypqMNbxNn7jVrscNxrFZ,SUNETE 2,"andrei, DZWS, BEN",27,6,4,RO,2025-06-10,57,False,134519,SUNETE 2,2023-06-23,0.88,0.606,1,-10.446,0,0.0772,0.218,0.17,0.0878,0.0758,116.06,4
2AKfAnct7MFEglIueZ7ROM,Vino să te f,Dani Mocanu,28,-1,6,RO,2025-06-10,61,False,180393,Vino să te f,2024-12-14,0.8,0.729,0,-5.232,1,0.0914,0.0577,0.00159,0.327,0.859,164.986,4
7L3E8FxVZwNWdWTg6VThqu,Afacere,Bogdan DLP,29,5,-8,RO,2025-06-10,61,False,147773,Afacere,2025-02-15,0.67,0.749,8,-3.908,1,0.0627,0.0133,0.0,0.115,0.497,170.007,4
74ouvojzES41ppFAXSI5FU,DE BINE DE RAU,Raul Ws,30,-1,20,RO,2025-06-10,52,True,187500,ELWS,2024-07-08,0.821,0.435,2,-10.924,1,0.436,0.0495,0.0,0.329,0.382,143.985,4
1lb1SBZXMocgE9O93dfxRr,"Vorba Francezului - From ""Buzz House"" The Movie","Tzanca Uraganu, Sheik",31,9,19,RO,2025-06-10,59,False,159350,"Vorba Francezului (From ""Buzz House"" The Movie)",2024-04-12,0.861,0.746,7,-4.36,0,0.288,0.051,1.26e-06,0.109,0.755,153.883,4
0pn15mDMGCOICIyWZFH7LD,TE CAUT,RAVA,32,-4,18,RO,2025-06-10,48,True,174246,TE CAUT,2025-06-06,0.635,0.412,3,-9.558,0,0.0507,0.848,2.8e-06,0.104,0.391,145.992,4
02vTvq7jbYMUwrTy2YpLCH,De ce te uiți așa?,"Babasha, Antonia",33,2,-16,RO,2025-06-10,56,False,143315,ATIPIC,2025-04-25,0.737,0.634,6,-7.004,0,0.132,0.478,0.000384,0.25,0.626,95.96,4
5kFawu0YBiZNktW7Fa2rQO,Mă rupe rău,"Omar Arnaout, Adrian Norocel",34,9,16,RO,2025-06-10,52,False,128591,Mă rupe rău,2025-04-26,0.849,0.697,0,-5.147,0,0.0371,0.173,3.55e-06,0.182,0.878,111.935,4
7kgl0bzkbUW5hFWtDyx5PZ,KAD!LAC,"CERCEL, lucawts, andrei",35,7,15,RO,2025-06-10,55,True,149848,CONSTANTA,2024-12-20,0.81,0.797,1,-5.235,1,0.238,0.229,0.0,0.336,0.578,99.324,4
4Cy1wIbi2TGoiCBXE9qBID,Meneaito,"Tzanca Uraganu, Costel Biju",36,-5,2,RO,2025-06-10,62,False,159858,Meneaito,2024-12-13,0.843,0.633,11,-9.798,1,0.0712,0.17,4.28e-05,0.0881,0.39,94.04,4
4RF66Ss3CGZWdpM9IImm2v,Prințesa și lăutarul,"Lele, Narcisa, Manele VTM",37,-5,-5,RO,2025-06-10,56,False,210663,Te vreau,2024-07-25,0.799,0.729,9,-8.819,0,0.0336,0.343,1.8e-06,0.131,0.966,139.876,4
2jE6IfnXw4P4lfgixOADk6,Am un secret,"Alessandra, Babasha",38,-2,2,RO,2025-06-10,62,False,170400,Am un secret,2025-02-27,0.678,0.628,10,-6.778,0,0.0326,0.111,1.6e-05,0.0793,0.59,99.968,4
5On1Z1lSOxRzTQ2N0aOTd6,Să nu uiți cât te-am iubit,Irina Rimes,39,0,-6,RO,2025-06-10,61,False,196285,Să nu uiți cât te-am iubit,2025-02-14,0.607,0.665,1,-6.423,0,0.0947,0.24,1.45e-05,0.252,0.391,139.911,4
3EejJyGv6Dj3V0R28gq3lg,E Wow,Adrian Norocel,40,-10,9,RO,2025-06-10,58,False,157674,E Wow,2024-09-26,0.764,0.8,1,-7.001,1,0.0496,0.274,0.00115,0.082,0.951,153.979,4
77IZ7M02qCR7D6PDITwHi5,Vara-i vara,Tzanca Uraganu,41,0,9,RO,2025-06-10,50,False,173679,Vara-i vara,2024-08-12,0.783,0.822,9,-4.0,0,0.0471,0.106,4.82e-06,0.0543,0.86,149.963,4
1R08fu4ZYFsJ7MSWIJnnUj,Tutti Frutii,"Haidin, Marinica Namol",42,8,8,RO,2025-06-10,46,False,153400,Tutti Frutii,2025-05-20,0.594,0.829,10,-4.85,1,0.0514,0.187,4.18e-05,0.0637,0.61,113.928,3
1CbI1EWcf3KFg4QJsKa3aT,Ciocolata,Tzanca Uraganu,43,4,7,RO,2025-06-10,59,False,169697,Ciocolata,2023-08-09,0.772,0.787,0,-4.405,0,0.097,0.116,0.00123,0.271,0.736,173.993,4
41nUOHxf1hwr5myEEbXco7,Caliente - Radio Edit,INNA,44,-7,6,RO,2025-06-10,49,False,201230,"Party Never Ends, Pt. 1 (Deluxe Edition)",2013-03-04,0.852,0.728,9,-4.697,0,0.0536,0.0393,0.00267,0.0644,0.816,129.973,4
42UBPzRMh5yyz0EDPr6fr1,Manchild,Sabrina Carpenter,45,5,5,RO,2025-06-10,87,True,213645,Manchild,2025-06-05,0.731,0.685,7,-5.087,1,0.0572,0.122,0.0,0.317,0.811,123.01,4
6YnNRZZH53YVue4gpk7jYQ,Spania,Dani Mocanu,46,-8,-10,RO,2025-06-10,59,False,159194,Spania,2024-09-27,0.888,0.906,9,-5.386,0,0.0951,0.0387,8.45e-05,0.858,0.896,132.029,4
0FTmksd2dxiE5e3rWyJXs6,back to friends,sombr,47,3,3,RO,2025-06-10,98,False,199032,back to friends,2024-12-27,0.436,0.723,1,-2.291,1,0.0301,9.37e-05,8.82e-05,0.0929,0.235,92.855,4
4Hnz28zV4yVyc2J7U3ZR0x,FLY,Aerozen,48,-4,-22,RO,2025-06-10,54,True,198000,Z PRINT,2025-05-16,0.79,0.909,2,-4.582,1,0.172,0.094,0.0104,0.092,0.664,119.953,5
2RkZ5LkEzeHGRsmDqKwmaJ,Ordinary,Alex Warren,49,1,1,RO,2025-06-10,95,False,186964,"You'll Be Alright, Kid (Chapter 1)",2024-09-26,0.368,0.694,2,-6.141,1,0.06,0.704,6.59e-06,0.055,0.391,168.115,3
5ITV0zqzjOYfFWpW0xBmRa,Show Me Love,"WizTheMc, bees & honey",50,-2,0,RO,2025-06-10,94,False,176965,Show Me Love,2025-02-07,0.714,0.691,1,-7.333,1,0.0434,0.0212,0.000292,0.111,0.155,107.15,4
7tI8dRuH2Yc6RuoTjxo4dU,Who,Jimin,1,0,0,PY,2025-06-10,90,False,170887,MUSE,2024-07-19,0.66,0.756,0,-3.743,0,0.032,0.00289,0.0,0.193,0.838,116.034,4
7G7mSV4BebkoHWwKTDvXu9,Winter Ahead (with PARK HYO SHIN),"V, Park Hyo Shin",2,0,0,PY,2025-06-10,84,False,234895,Winter Ahead (with PARK HYO SHIN),2024-11-29,0.36,0.316,3,-9.954,1,0.0284,0.858,0.000212,0.23,0.229,76.844,3
6iOndD4OFo7GkaDypWQIou,La Plena - W Sound 05,"W Sound, Beéle, Ovy On The Drums",3,0,0,PY,2025-06-10,95,True,150001,La Plena (W Sound 05),2025-02-19,0.894,0.643,5,-3.485,1,0.132,0.543,0.000984,0.101,0.659,99.039,4
2N0SPREDYqILVEFSsWF5N5,Love Me Again,V,4,25,6,PY,2025-06-10,76,False,182293,Layover,2023-08-11,0.633,0.607,0,-6.182,0,0.0532,0.183,1.38e-06,0.167,0.363,74.029,4
7d6yK8v8J484SWH5prIQiE,VeLDÁ,"Bad Bunny, Omar Courtz, Dei V",5,2,-1,PY,2025-06-10,92,True,235336,DeBÍ TiRAR MáS FOToS,2025-01-05,0.613,0.981,1,-18.638,1,0.149,0.29,0.0023,0.437,0.0337,101.852,3
1PREzVLuDT6PSE9sej4wnV,COQUETA,"Fuerza Regida, Grupo Frontera",6,-1,0,PY,2025-06-10,90,False,241648,MALA MÍA,2024-12-19,0.74,0.819,1,-4.853,0,0.0866,0.244,0.0,0.107,0.884,78.975,4
5MKbWaXeSQSmzmo7gPQha1,Amor de Vago,"La T y La M, Malandro",7,-1,1,PY,2025-06-10,80,False,188423,Amor de Vago,2024-08-23,0.65,0.507,2,-7.27,1,0.111,0.706,2.47e-06,0.0725,0.603,179.984,4
4DnrAI8WyUY6gkOwl8GlPN,capaz (merengueton),"Alleh, Yorghaki",8,0,3,PY,2025-06-10,90,False,173858,LA CIUDAD,2024-12-24,0.872,0.614,3,-5.618,0,0.181,0.0815,0.000207,0.135,0.785,126.957,4
2lTm559tuIvatlT1u0JYG2,BAILE INoLVIDABLE,Bad Bunny,9,0,0,PY,2025-06-10,96,True,367725,DeBÍ TiRAR MáS FOToS,2025-01-05,0.168,0.00332,10,-46.113,1,0.0615,0.192,0.79,0.112,0.219,119.387,3
0DMJz677XfXiiruhIELu2e,VITAMINA,"Jombriel, DFZM, Jøtta",10,1,-3,PY,2025-06-10,92,False,208743,VITAMINA,2025-02-27,0.815,0.746,10,-4.855,0,0.0528,0.015,2.26e-06,0.056,0.768,92.007,4
1HEwEN64NjgTaHmo7LfkX8,no tiene sentido,Beéle,11,5,9,PY,2025-06-10,89,False,158036,BORONDO,2025-05-15,0.671,0.596,2,-7.565,0,0.0556,0.0871,1.97e-05,0.119,0.497,121.976,4
4MUrUT38U98olfnyzMBCzm,KLOuFRENS,Bad Bunny,12,0,0,PY,2025-06-10,90,True,199114,DeBÍ TiRAR MáS FOToS,2025-01-05,0.326,0.125,1,-32.45,1,0.148,0.703,0.706,0.18,0.306,106.974,4
4zhk2RS2EZODmBW6il55Qj,mi refe,"Beéle, Ovy On The Drums",13,0,0,PY,2025-06-10,84,False,159404,BORONDO,2025-05-15,0.637,0.648,7,-5.306,0,0.271,0.403,5.41e-05,0.119,0.441,123.108,4
27xkOIER6uDLKALIelHylZ,Don’t Say You Love Me,Jin,14,-10,-9,PY,2025-06-10,92,False,180716,Echo,2025-05-16,0.729,0.562,8,-5.49,1,0.0304,0.484,0.0,0.105,0.757,111.976,4
5DdLSEyKh8zgCrJq2hFj92,Yo sé,"Yan Block, TORRRES",15,-1,1,PY,2025-06-10,86,True,129705,Yo sé,2024-05-23,0.716,0.462,5,-9.847,0,0.128,0.68,0.0,0.132,0.626,136.045,4
3sK8wGT43QFpWrvNQsrQya,DtMF,Bad Bunny,16,2,-2,PY,2025-06-10,97,True,237117,DeBÍ TiRAR MáS FOToS,2025-01-05,0.625,0.131,7,-27.405,0,0.0717,0.177,0.218,0.0807,0.032,136.02,4
6J5kc12BW5HuP3d7C3vvx8,EoO,Bad Bunny,17,3,0,PY,2025-06-10,94,True,204768,DeBÍ TiRAR MáS FOToS,2025-01-05,0.36,0.464,10,-29.598,0,0.0702,0.749,0.859,0.0825,0.184,63.662,4
2SkB7jADnfiWH8qAE9H8cO,En Privado,"Xavi, Manuel Turizo",18,3,3,PY,2025-06-10,89,False,199399,En Privado,2025-02-06,0.833,0.863,7,-3.822,1,0.0377,0.111,4.75e-06,0.135,0.91,126.973,4
7bywjHOc0wSjGGbj04XbVi,LUNA,"Feid, ATL Jacob",19,8,9,PY,2025-06-10,89,False,196800,FERXXOCALIPSIS,2023-12-01,0.774,0.86,7,-2.888,0,0.13,0.131,0.0,0.116,0.446,100.019,4
3D24ErT1MMmUfXWotSj2A2,ME JALO,"Fuerza Regida, Grupo Frontera",20,-3,-5,PY,2025-06-10,92,True,212002,MALA MÍA,2024-12-19,0.47,0.75,2,-5.887,0,0.112,0.216,0.0,0.169,0.62,79.814,4
6C1RD7YQVvt3YQj0CmuTeu,Diles,"Bad Bunny, Ozuna, Farruko, Arcángel, Ñengo Flow, DJ Luian, Mambo Kingz",21,13,29,PY,2025-06-10,84,True,286040,Diles,2016-08-26,0.813,0.56,2,-5.904,0,0.0618,0.108,0.0,0.268,0.287,118.033,4
5q2JbCNi4FcnglgPfxcV65,Sola (Remix),"Anuel AA, Daddy Yankee, Zion & Lennox, Farruko, Wisin",22,-3,5,PY,2025-06-10,82,False,307910,Sola (Remix),2016-12-01,0.639,0.869,11,-4.024,1,0.147,0.27,0.0,0.0802,0.767,169.801,4
2BvPMS2XWfnCpHHvWeOyeC,DETRÁS DE TU ALMA,Mora,23,16,8,PY,2025-06-10,83,True,237000,LO MISMO DE SIEMPRE,2025-05-18,0.433,0.733,4,-5.54,0,0.128,0.503,0.0,0.244,0.263,89.405,4
31we7ZzWdSBEOKs5Ln6QVF,NUBES,"De La Rose, Omar Courtz",24,-1,-2,PY,2025-06-10,85,True,271801,NUBES,2025-04-03,0.657,0.666,7,-3.786,1,0.0302,0.243,0.0,0.101,0.19,99.945,4
372WH7eXbJKJX37iYPeqvR,Te Quiero Asi,Lalo Y Los Descalzos,25,-15,-6,PY,2025-06-10,61,False,177841,No Hay Problema,2008-08-29,0.721,0.566,11,-8.546,1,0.0325,0.49,2.94e-06,0.189,0.828,74.017,4
1o4xkdBe0RjSf2u6VXi4OI,444,"Yan Block, Panda Black",26,-1,-8,PY,2025-06-10,85,True,175280,444,2024-04-04,0.435,0.61,1,-8.114,0,0.0895,0.152,1.21e-05,0.142,0.22,118.653,5
1YYfyJ2yCvGFCxwjsIqEK9,Khé?,"Rauw Alejandro, Romeo Santos",27,3,-2,PY,2025-06-10,88,False,206066,Cosa Nuestra,2024-11-15,0.687,0.627,7,-4.975,1,0.181,0.326,0.0,0.0893,0.47,155.865,4
0Sr7ssScx54yxdM2ols7nW,Q U E V A S H A C E R H O Y ?,"Omar Courtz, De La Rose",28,-4,4,PY,2025-06-10,86,True,224022,PRIMERA MUSA,2024-09-20,0.56,0.681,6,-6.304,0,0.244,0.103,0.0,0.106,0.388,155.079,4
59D4DOkspUbWyMmbAPQkxZ,VOY A LLeVARTE PA PR,Bad Bunny,29,-3,-6,PY,2025-06-10,93,True,156364,DeBÍ TiRAR MáS FOToS,2025-01-05,0.148,0.604,7,-35.032,1,0.0588,0.921,0.453,0.405,1e-05,106.295,3
2SPBFiD8iITb8CKJGz1TEQ,111,Yan Block,30,-2,-6,PY,2025-06-10,86,True,153750,111,2025-02-20,0.792,0.498,4,-10.327,0,0.196,0.501,0.165,0.0951,0.14,127.974,4
4AdkryAxDTbgwQdqtFH8qx,Siempre Me Buscabas,Lalo Y Los Descalzos,31,-16,5,PY,2025-06-10,60,False,218133,Super Cumbias (Remastered),2019-10-26,0.693,0.433,4,-10.062,1,0.118,0.286,0.0,0.273,0.928,162.194,4
6ifUES3keWjwXgae8pXI3o,Me Rehúso,Danny Ocean,32,-10,-2,PY,2025-06-10,86,False,205714,54+1,2019-03-22,0.744,0.804,1,-6.327,1,0.0677,0.0231,0.0,0.0494,0.426,104.823,4
3Btqti3QpzZZr6uz5mlNzz,Es un Secreto,Plan B,33,2,17,PY,2025-06-10,74,False,190560,House Of Pleasure,2010-07-20,0.843,0.786,6,-4.938,0,0.0434,0.103,2.41e-06,0.0535,0.502,95.0,4
0STW8nw4lNN4TEQ8KmNer6,Parte & Choke,"Jombriel, Alex Krack, Jøtta",34,-2,-8,PY,2025-06-10,84,False,205264,Parte & Choke,2024-11-05,0.728,0.654,5,-3.976,0,0.365,0.00581,0.0,0.131,0.884,117.337,5
7LABrQFfRYcZUqUwng0Heb,Encantadora,Yandel,35,1,0,PY,2025-06-10,83,False,240093,Dangerous,2015-11-06,0.662,0.874,8,-4.509,1,0.0471,0.147,0.0,0.141,0.926,169.943,4
5Nj2UVsxXAvhfYNpcre3al,FAMOSINHA,"Dj Caio Vieira, MC Meno K, Mc Rodrigo do CN",36,-3,14,PY,2025-06-10,81,True,132922,FAMOSINHA,2025-02-28,0.945,0.661,9,-2.343,0,0.356,0.216,0.0,0.0698,0.773,130.069,4
0fea68AdmYNygeTGI4RC18,LA CANCIÓN,"J Balvin, Bad Bunny",37,1,-8,PY,2025-06-10,90,False,242573,OASIS,2019-06-28,0.756,0.646,7,-5.795,1,0.319,0.152,1.81e-05,0.108,0.429,176.088,4
2JPctdUgvkQSpnUdfROxvY,Te Quería Ver,"Alemán, Neton Vega",38,-7,-4,PY,2025-06-10,84,False,176129,De Vuelta a las Andadas,2025-05-09,0.807,0.763,4,-5.172,0,0.0624,0.186,1.69e-05,0.0917,0.448,100.033,4
61C7zXd4t2Zuhz6DRwgsLM,Volver,"Piso 21, Marc Anthony, Beéle",39,5,9,PY,2025-06-10,85,False,232149,Volver,2025-02-06,0.478,0.793,11,-4.449,1,0.387,0.235,0.0,0.146,0.604,92.294,4
6WatFBLVB0x077xWeoVc2k,Si Antes Te Hubiera Conocido,KAROL G,40,0,-2,PY,2025-06-10,94,False,195824,Si Antes Te Hubiera Conocido,2024-06-21,0.924,0.668,11,-6.795,1,0.0469,0.446,0.000594,0.0678,0.787,128.027,4
4zbEItKoaRId1vRZkoO0Uh,Imagínate,"Danny Ocean, Kapo",41,6,8,PY,2025-06-10,88,False,170365,Imagínate,2024-11-07,0.779,0.737,11,-4.667,1,0.109,0.134,0.0,0.0974,0.445,101.923,4
5xSt1wxZobFcLzHrFakv6z,COSAS QUE NO TE DIJE,SAIKO,42,8,8,PY,2025-06-10,79,False,224725,COSAS QUE NO TE DIJE,2021-09-17,0.616,0.673,2,-3.948,1,0.0327,0.563,0.0,0.122,0.21,99.971,4
0Imc5xRXd0eV9Ln55M1kz6,More,"Zion, Jory Boy, Ken-Y",43,-2,7,PY,2025-06-10,67,False,240733,La Fórmula,2023-12-01,0.686,0.78,1,-6.662,0,0.107,0.191,0.0,0.118,0.867,172.059,4
32SJM4tQyJHsB8rgVtZURn,WASSUP,Young Miko,44,2,-11,PY,2025-06-10,87,True,162263,WASSUP,2025-04-25,0.86,0.681,1,-4.757,0,0.0399,0.00481,6.09e-06,0.142,0.656,145.023,4
6WJ2QzbVnjmPGKpmb6tmmO,amor de veraNO,La T y La M,45,4,5,PY,2025-06-10,72,False,198469,amor de veraNO,2025-03-07,0.795,0.656,1,-6.813,0,0.0473,0.63,0.0111,0.366,0.969,82.008,4
2iDDnYmaz1HhedjI91fbmp,MOTINHA 2.0 (Mete Marcha) - Remix,"DENNIS, Luísa Sonza, Emilia",46,-4,4,PY,2025-06-10,81,False,118081,MOTINHA 2.0 (Mete Marcha) - Remix,2025-04-24,0.861,0.894,0,-1.306,0,0.13,0.0511,0.0,0.333,0.918,135.078,4
7eNwwoxDR8KVzNAuGvliAO,Kyoto,"Omar Courtz, De La Rose, Haze",47,3,-7,PY,2025-06-10,82,True,247840,Kyoto,2023-07-14,0.732,0.753,9,-4.269,0,0.0512,0.235,1.74e-05,0.568,0.405,94.978,4
6kPCcIAGoTeRrh8qrmKa90,Piel,"Tiago PZK, Ke Personajes",48,-5,-1,PY,2025-06-10,77,True,142041,GOTTI A,2024-07-04,0.646,0.907,0,-1.617,1,0.0593,0.422,0.0,0.14,0.816,168.004,4
18m5dJOPB2geFwOymXNaWg,AURORA,"Mora, De La Rose",49,1,-12,PY,2025-06-10,85,True,192853,LO MISMO DE SIEMPRE,2025-05-18,0.595,0.761,11,-4.966,0,0.042,0.592,0.0,0.202,0.367,111.926,4
0l0vcZMU7AOeQmUIREoI2U,Qué Pasaría...,"Rauw Alejandro, Bad Bunny",50,0,-7,PY,2025-06-10,91,True,191018,Cosa Nuestra,2024-11-15,0.833,0.563,4,-5.593,0,0.204,0.528,1.27e-05,0.139,0.343,105.008,4
2RkZ5LkEzeHGRsmDqKwmaJ,Ordinary,Alex Warren,1,0,0,PT,2025-06-10,95,False,186964,"You'll Be Alright, Kid (Chapter 1)",2024-09-26,0.368,0.694,2,-6.141,1,0.06,0.704,6.59e-06,0.055,0.391,168.115,3
12j1Mq9Of1xfONYvGzhayD,Interestelar,Plutonio,2,0,0,PT,2025-06-10,68,False,188593,Carta de Alforria,2024-11-08,0.676,0.621,11,-7.055,0,0.288,0.451,2.19e-06,0.143,0.21,65.301,3
2yMTUaAv55qoTD0JPLodIQ,Pôr do Sol,Vizinhos,3,1,0,PT,2025-06-10,65,False,160625,Pôr do Sol,2025-03-21,0.713,0.487,11,-10.438,1,0.0392,0.349,0.0,0.102,0.521,114.034,4
5Nj2UVsxXAvhfYNpcre3al,FAMOSINHA,"Dj Caio Vieira, MC Meno K, Mc Rodrigo do CN",4,1,6,PT,2025-06-10,81,True,132922,FAMOSINHA,2025-02-28,0.945,0.661,9,-2.343,0,0.356,0.216,0.0,0.0698,0.773,130.069,4
3VSO45erUjYsPi1IFuc43Q,Mussulo (feat. Doddy),"DJ Malvado, DJ Aka-m, DODDY",5,-2,1,PT,2025-06-10,69,False,256483,Mussulo (feat. Doddy),2024-12-20,0.893,0.543,8,-5.879,0,0.07,0.115,4.72e-05,0.0919,0.78,124.038,4
31CsSZ9KlQmEu0JvWSkM3j,Deslocado,NAPA,6,0,-2,PT,2025-06-10,79,False,179996,Deslocado,2025-03-10,0.568,0.455,6,-7.931,1,0.0275,0.15,0.00027,0.152,0.412,75.504,4
6iOndD4OFo7GkaDypWQIou,La Plena - W Sound 05,"W Sound, Beéle, Ovy On The Drums",7,2,8,PT,2025-06-10,95,True,150001,La Plena (W Sound 05),2025-02-19,0.894,0.643,5,-3.485,1,0.132,0.543,0.000984,0.101,0.659,99.039,4
1UQvRmRhbX3WxSLW3NbUIU,Amar Pela Metade,Calema,8,-1,3,PT,2025-06-10,64,False,186922,Voyage (Part III),2024-11-08,0.663,0.564,6,-8.569,0,0.238,0.318,0.0,0.415,0.685,94.84,4
3sK8wGT43QFpWrvNQsrQya,DtMF,Bad Bunny,9,-1,-2,PT,2025-06-10,97,True,237117,DeBÍ TiRAR MáS FOToS,2025-01-05,0.625,0.131,7,-27.405,0,0.0717,0.177,0.218,0.0807,0.032,136.02,4
4Hk1gmBr2KVEXr3hHwSgUi,Mãe Solteira,"DG e Batidão Stronda, Mc Davi, J. Eskine, MC G15",10,1,-5,PT,2025-06-10,85,False,144000,Mãe Solteira,2025-03-03,0.745,0.881,4,-2.964,0,0.0335,0.192,0.0,0.0639,0.967,140.047,4
6qAwPDEkGruLmGooPRL1Gb,Álcool & Prazer,"Deejay Telio, Wet Bed Gang",11,3,1,PT,2025-06-10,59,False,263767,Reservado,2025-05-09,0.776,0.679,6,-8.179,0,0.33,0.118,0.0,0.102,0.657,130.011,4
2OMkXPz6pHdKJSkzxG0MwZ,Descer,"Kew, Dj LK da Escócia",12,-2,-3,PT,2025-06-10,85,True,111653,Descer,2025-01-30,0.84,0.72,9,-4.23,1,0.0538,0.143,3.36e-05,0.0587,0.828,130.029,4
5ITV0zqzjOYfFWpW0xBmRa,Show Me Love,"WizTheMc, bees & honey",13,0,-5,PT,2025-06-10,94,False,176965,Show Me Love,2025-02-07,0.714,0.691,1,-7.333,1,0.0434,0.0212,0.000292,0.111,0.155,107.15,4
4pOGEJRVOuaa9oyy7qTGf6,Fui Mlk,"Nilo, Mc Paiva ZS, DJ Di Marques, Tropa da W&S, FamousKyo",14,1,-1,PT,2025-06-10,83,False,174110,Fui Mlk,2024-11-22,0.635,0.636,5,-3.72,1,0.309,0.636,0.0,0.317,0.691,128.528,4
42UBPzRMh5yyz0EDPr6fr1,Manchild,Sabrina Carpenter,15,8,35,PT,2025-06-10,87,True,213645,Manchild,2025-06-05,0.731,0.685,7,-5.087,1,0.0572,0.122,0.0,0.317,0.811,123.01,4
0BUkQGUXgcvf3gdCWYbtnJ,Oh Garota Eu Quero Você Só Pra Mim.,"Oruam, Zé Felipe, MC Tuto, Dj Lc da Roça, Mc Rodrigo do CN, MC K9, mc pl alves",16,-4,-2,PT,2025-06-10,81,True,166861,Oh Garota Eu Quero Você Só Pra Mim.,2024-12-17,0.905,0.861,11,-2.313,0,0.243,0.0361,1.3e-05,0.0808,0.727,137.195,4
6WatFBLVB0x077xWeoVc2k,Si Antes Te Hubiera Conocido,KAROL G,17,-1,-1,PT,2025-06-10,94,False,195824,Si Antes Te Hubiera Conocido,2024-06-21,0.924,0.668,11,-6.795,1,0.0469,0.446,0.000594,0.0678,0.787,128.027,4
1RnPdd7EKKhKN3E4o4DRsh,MONTAGEM BAILÃO,"Repsaj, ATLXS, Mc Jhey",18,-1,20,PT,2025-06-10,86,True,103727,MONTAGEM BAILÃO,2025-04-04,0.67,0.976,1,-2.113,1,0.044,0.027,1.59e-06,0.124,0.34,130.103,4
5nPbKG04fhLkIAjcPFaZq7,I Adore You (feat. Daecolm),"HUGEL, Topic, Arash, Daecolm",19,1,0,PT,2025-06-10,89,False,214000,I Adore You (feat. Daecolm),2024-07-19,0.704,0.787,11,-6.751,0,0.0462,0.00926,0.00538,0.159,0.31,119.996,4
2ZrC9CTs01XkbFPtLbpHzl,Senta e Cala a Boca,"Mc Jacaré, DJ JHOW BEATS",20,-2,0,PT,2025-06-10,82,False,147221,Senta e Cala a Boca,2025-02-04,0.568,0.614,4,-1.888,0,0.152,0.434,0.0,0.542,0.46,162.56,5
1kJml4AvYDxIMcJVt7nYlL,Champions League (feat. Slow J & Gson),"Mizzy Miles, Slow J, Gson",21,1,1,PT,2025-06-10,61,False,161082,FIM DO NADA,2025-01-31,0.791,0.743,11,-5.043,0,0.271,0.23,0.0,0.199,0.527,145.825,4
1X3ltingEVNGRoJf1dvZfQ,Somos Iguais,Plutonio,22,-1,-5,PT,2025-06-10,65,False,237679,"Sacrifício: Sangue, Lágrimas, Suor",2019-11-22,0.65,0.699,1,-7.634,1,0.175,0.306,0.000282,0.118,0.568,91.837,4
6vBuEFImAx36hDYiYqBtkZ,Alô,"Dillaz, Plutonio",23,2,3,PT,2025-06-10,64,False,211714,O Próprio,2024-02-16,0.569,0.56,9,-7.768,0,0.13,0.691,3.8e-05,0.293,0.754,139.716,4
17xyLNjsAkAbMRzZl8eOJX,Rebolando,"Kew, Mc Livinho, Dj LK da Escócia",24,-5,-6,PT,2025-06-10,79,False,106685,Rebolando,2025-04-30,0.908,0.965,7,-2.158,1,0.2,0.00569,1.28e-06,0.0608,0.702,135.084,4
5TFD2bmFKGhoCRbX61nXY5,NUEVAYoL,Bad Bunny,25,1,-2,PT,2025-06-10,94,False,183685,DeBÍ TiRAR MáS FOToS,2025-01-05,0.142,0.195,6,-20.024,1,0.139,0.265,0.995,0.204,0.12,137.922,4
5VOhg3dqCqRGWwKXF6DLLW,Bênção (feat. Van Zee & Bispo),"Mizzy Miles, Van Zee, Bispo",26,-2,1,PT,2025-06-10,58,False,205934,FIM DO NADA,2025-01-31,0.67,0.529,10,-7.15,0,0.0664,0.493,5.43e-05,0.209,0.324,90.038,4
4jUZymsR3lkia9wkP0o9cX,MTG NA IMAGINAÇÃO - TOPO SESSIONS VOL. 1,"DJ TOPO, Mc Livinho",27,1,13,PT,2025-06-10,81,False,144923,MTG NA IMAGINAÇÃO (TOPO SESSIONS VOL. 1),2024-09-13,0.64,0.588,2,-0.766,0,0.177,0.605,1.51e-05,0.0979,0.379,162.568,5
1BJJbSX6muJVF2AK7uH1x4,Move,"Adam Port, Stryv, Keinemusik, Orso, Malachiii",28,-1,5,PT,2025-06-10,88,False,177598,Move,2024-06-07,0.727,0.782,8,-8.529,0,0.042,0.0563,0.336,0.225,0.655,119.992,4
2yWlGEgEfPot0lv3OAjuG3,Just Keep Watching (From F1® The Movie),"Tate McRae, F1 The Album",29,1,-8,PT,2025-06-10,90,False,142550,Just Keep Watching (From F1® The Movie),2025-05-30,0.656,0.796,9,-5.856,0,0.113,0.0767,0.0,0.509,0.425,129.956,4
35ISBknsCeZQtq66xABI9g,Messy,Lola Young,30,3,-6,PT,2025-06-10,89,True,284066,This Wasn't Meant For You Anyway,2024-06-21,0.798,0.562,9,-5.913,1,0.0375,0.11,0.00606,0.122,0.647,110.991,4
6dOtVTDdiauQNBQEDOtlAB,BIRDS OF A FEATHER,Billie Eilish,31,6,-3,PT,2025-06-10,100,False,210373,HIT ME HARD AND SOFT,2024-05-17,0.747,0.507,2,-10.171,1,0.0358,0.2,0.0608,0.117,0.438,104.978,4
7so0lgd0zP2Sbgs2d7a1SZ,Die With A Smile,"Lady Gaga, Bruno Mars",32,0,-7,PT,2025-06-10,91,False,251667,MAYHEM,2025-03-07,0.519,0.601,6,-7.727,0,0.0317,0.289,0.0,0.126,0.498,157.964,3
1VpOT1TfTivUmFjSGSRt1U,Olha pra Cara de Quem Te...,"MC LUUKY, MC Jvila, DJ Dael",33,-4,10,PT,2025-06-10,81,True,120916,Olha pra Cara de Quem Te...,2025-03-06,0.939,0.701,2,-3.701,1,0.246,0.515,0.000116,0.113,0.863,131.024,4
2lTm559tuIvatlT1u0JYG2,BAILE INoLVIDABLE,Bad Bunny,34,5,-4,PT,2025-06-10,96,True,367725,DeBÍ TiRAR MáS FOToS,2025-01-05,0.168,0.00332,10,-46.113,1,0.0615,0.192,0.79,0.112,0.219,119.387,3
3xkHsmpQCBMytMJNiDf3Ii,Beautiful Things,Benson Boone,35,1,-6,PT,2025-06-10,93,False,180304,Fireworks & Rollerblades,2024-04-05,0.472,0.471,10,-5.692,1,0.0603,0.151,0.0,0.14,0.219,105.029,3
0xKBEEJwpjaLn1QhCdyKcf,A Nossa Dança,Calema,36,-5,14,PT,2025-06-10,63,False,182500,A Nossa Dança,2023-04-06,0.664,0.692,0,-6.802,1,0.222,0.271,0.0,0.343,0.579,97.926,4
05vX30MflAXWQnYkwXbczt,Leva Tudo,"Calema, Dilsinho",37,-3,13,PT,2025-06-10,63,False,191168,Leva Tudo,2025-05-08,0.498,0.733,7,-7.334,0,0.137,0.521,0.0,0.0926,0.8,171.96,4
2Z1DmmPWD3Lm0dWAxMfjxG,Pirocada Quente,"MC Jvila, Mc Negão Original, DJ Dael, DJ Guh Mix",38,0,-1,PT,2025-06-10,82,True,195692,Pirocada Quente,2025-01-28,0.882,0.87,11,-1.803,0,0.32,0.319,1.74e-06,0.101,0.75,130.0,4
2LzXPUzL9sgeRl9a5miHMA,OUTRA,"tarisiix, fire hair, WenHard",39,-4,5,PT,2025-06-10,79,True,128000,OUTRA,2025-04-15,0.887,0.5,9,-6.805,0,0.349,0.11,0.0206,0.103,0.58,90.023,3
1HEwEN64NjgTaHmo7LfkX8,no tiene sentido,Beéle,40,4,10,PT,2025-06-10,89,False,158036,BORONDO,2025-05-15,0.671,0.596,2,-7.565,0,0.0556,0.0871,1.97e-05,0.119,0.497,121.976,4
0FTmksd2dxiE5e3rWyJXs6,back to friends,sombr,41,-1,-7,PT,2025-06-10,98,False,199032,back to friends,2024-12-27,0.436,0.723,1,-2.291,1,0.0301,9.37e-05,8.82e-05,0.0929,0.235,92.855,4
2wAmparvQdtQemzY9I8PKv,Y Que Fue?,Don Miguelo,42,8,8,PT,2025-06-10,78,False,163759,EMDP (The Last Album),2024-03-21,0.887,0.654,1,-6.583,1,0.0592,0.0473,0.0165,0.0957,0.871,132.938,4
0fPOFtS7ZylYKcC9b64cSj,Tata,Slow J,43,2,7,PT,2025-06-10,61,False,159751,Afro Fado,2023-11-24,0.571,0.718,5,-4.836,1,0.425,0.771,0.0298,0.104,0.491,92.023,4
5ZxHzpxIEr0rxGJN8Jsdjy,1 de Abril,Plutonio,44,4,-3,PT,2025-06-10,62,False,158114,"Sacrifício: Sangue, Lágrimas, Suor",2019-11-22,0.774,0.648,1,-8.196,1,0.209,0.193,0.0,0.0707,0.3,146.044,4
4jq69Jq3ZxYXTeXu9JhmIO,Cacau,"Deejay Telio, Slow J",45,1,-13,PT,2025-06-10,61,False,158326,Reservado,2025-05-09,0.529,0.516,1,-10.211,0,0.217,0.132,0.0,0.0919,0.366,98.706,4
1jxQFCC0ukN7AaUwXWK0N8,Tipo Nino Vs Kabrinha,"DJ Biel Divulga, DJ Dozabri, Mc Lekão",46,4,4,PT,2025-06-10,69,True,201230,Tipo Nino Vs Kabrinha,2025-05-31,0.963,0.862,0,-4.335,1,0.234,0.544,0.00158,0.193,0.919,130.113,4
0qGRWcPOMkkt7edm4wMVRf,País das Maravilhas,Plutonio,47,3,-16,PT,2025-06-10,61,False,245461,Carta de Alforria,2024-11-08,0.701,0.387,8,-10.795,0,0.0955,0.68,0.0,0.361,0.223,98.019,4
1M7pnSHpd4i5xFE2nUGq2W,Acordar,Plutonio,48,2,-9,PT,2025-06-10,63,False,197862,Acordar,2024-05-24,0.793,0.747,6,-6.632,0,0.0931,0.285,0.000218,0.0873,0.533,100.011,4
5AoOD6SAzOOE6jwxvRIBPq,Baile do Panta,"Nego Trufa, Dj TC, DJ Japa NK",49,-2,-4,PT,2025-06-10,81,False,129229,Baile do Panta,2025-04-01,0.768,0.543,7,-5.68,0,0.398,0.644,0.0,0.36,0.795,129.799,4
3CvpnVAV75lKCcaTtUTpgW,Se Essa Bunda For Uma Empresa,"Chefin, LB Único",50,-9,-15,PT,2025-06-10,79,True,162461,Se Essa Bunda For Uma Empresa,2025-02-18,0.791,0.819,9,-2.283,0,0.188,0.513,0.0,0.0811,0.709,130.005,4
1U7ZU4sJsMDzHSA7n333BJ,CASABLANCA,"Sentino, BNP",1,0,49,PL,2025-06-10,44,False,217850,King Sento 2,2025-06-08,0.591,0.515,0,-8.105,0,0.396,0.272,0.0,0.118,0.627,129.968,4
7eBnyfgpicRCTgGvlwJoMS,Santa Cruz,"Ekipa, MODELKI, Qry, WERSOW, Mortal, Vłodarski, Świeży",2,28,48,PL,2025-06-10,56,False,145403,Santa Cruz,2025-06-08,0.803,0.755,11,-8.291,0,0.211,0.273,0.0,0.238,0.574,124.021,4
51cTY5CXYRwZdAyWFzWsxt,CAŁE LATO,"Sobel, francis",3,-1,0,PL,2025-06-10,76,False,148187,NAPISZ JAK BĘDZIESZ,2025-04-24,0.423,0.687,7,-7.865,0,0.223,0.00571,0.0,0.106,0.254,148.419,4
5AhdjJudenQlp1IrNthII9,LOLA,Żabson,4,0,2,PL,2025-06-10,74,True,166567,HOLLYWOOD SMILE,2025-03-20,0.69,0.601,10,-9.346,1,0.0555,0.005,0.0,0.308,0.153,146.002,4
107Zf6E46a1ipHa3x5Nqlr,samoloty,"Dawid Podsiadło, Kaśka Sochacka, ZORZA",5,-2,45,PL,2025-06-10,56,False,244373,tylko haj.,2025-06-06,0.627,0.633,6,-7.179,0,0.0338,0.503,5.62e-05,0.109,0.438,126.058,4
7Lz3Eidz8YjBbK7GHNIn3o,CHA CHA,"Sobel, SHDØW, francis",6,-1,-1,PL,2025-06-10,73,False,150545,NAPISZ JAK BĘDZIESZ,2025-04-24,0.719,0.584,1,-12.63,1,0.0941,0.0319,0.0,0.315,0.575,110.01,4
7lK3S48dLraP8kZ18XPTSO,To tylko wiosna,"Mata, Maryla Rodowicz",7,-1,-3,PL,2025-06-10,73,True,234666,To tylko wiosna,2025-05-16,0.703,0.729,1,-6.805,1,0.271,0.0983,0.0,0.0785,0.736,90.326,4
2RkZ5LkEzeHGRsmDqKwmaJ,Ordinary,Alex Warren,8,-1,3,PL,2025-06-10,95,False,186964,"You'll Be Alright, Kid (Chapter 1)",2024-09-26,0.368,0.694,2,-6.141,1,0.06,0.704,6.59e-06,0.055,0.391,168.115,3
6ntMlo1XQ9gjiZwd2kGE5U,MARBELLA,"Sentino, BNP, Amadeusz Ferrari",9,-1,41,PL,2025-06-10,42,False,170671,King Sento 2,2025-06-08,0.816,0.538,7,-8.905,0,0.158,0.572,0.00048,0.112,0.38,135.025,4
13rD30ryASvBVoq1xdptne,Po mojemu albo po mnie - Nowe Rozdanie | S1,"Zippy Ogar, @atutowy, Nowe Rozdanie",10,0,-3,PL,2025-06-10,68,True,168965,Po mojemu albo po mnie - Nowe Rozdanie | S1,2025-05-29,0.689,0.666,7,-5.377,0,0.234,0.133,0.0,0.315,0.41,155.128,4
3fsukGRaCYqfoQ010VQGcC,Dom Nad Wodą,"Pezet, Auer",11,-2,-1,PL,2025-06-10,70,True,195704,Muzyka Komercyjna (Deluxe),2022-12-23,0.47,0.637,9,-8.33,0,0.187,0.17,7.65e-05,0.12,0.554,88.827,4
2ZBrW0kxfB4vctMPJ03wqI,Potwory i spółka - Nowe Rozdanie | S1,"po prostu Kajtek, Kubi Producent, Nowe Rozdanie",12,4,-3,PL,2025-06-10,68,True,187176,Potwory i spółka - Nowe Rozdanie | S1,2025-05-29,0.39,0.704,6,-8.22,0,0.0944,0.454,0.0,0.188,0.288,134.789,4
5LreD4p6buqBGNwV84YsZb,W co ja się wjebałem - Nowe Rozdanie | S1,"po prostu Kajtek, Zippy Ogar, Shelast, matiorzel, Nowe Rozdanie",13,4,-5,PL,2025-06-10,69,True,186929,W co ja się wjebałem - Nowe Rozdanie | S1,2025-05-15,0.543,0.799,1,-4.786,1,0.373,0.115,0.0,0.105,0.526,145.116,4
0FTmksd2dxiE5e3rWyJXs6,back to friends,sombr,14,-2,7,PL,2025-06-10,98,False,199032,back to friends,2024-12-27,0.436,0.723,1,-2.291,1,0.0301,9.37e-05,8.82e-05,0.0929,0.235,92.855,4
2XjSsK9NKNcojJwzmLdIWG,KOCHASZ?,"Sobel, francis, Deemz",15,-2,-2,PL,2025-06-10,67,False,152386,NAPISZ JAK BĘDZIESZ,2025-04-24,0.61,0.685,6,-8.319,1,0.0354,0.189,0.0,0.12,0.583,120.015,4
08gvD5pFucRIkh16bN5qRA,Miss Dior,"MODELKI, Vłodarski",16,4,4,PL,2025-06-10,71,False,123750,Miss Dior,2025-04-03,0.802,0.761,1,-5.208,0,0.0701,0.699,0.0,0.121,0.698,127.997,4
4AajxCEwGEsmHmT4H1TwjY,undressed,sombr,17,-3,-1,PL,2025-06-10,96,False,182088,undressed,2025-03-21,0.642,0.887,0,-3.883,1,0.0406,0.137,0.0,0.0829,0.888,115.999,4
6zpsWkV2EMMjIJhGE6b62d,Z TYŁU GŁOWY,"Sobel, francis",18,-3,-6,PL,2025-06-10,68,False,170624,NAPISZ JAK BĘDZIESZ,2025-04-24,0.716,0.645,11,-5.92,0,0.0372,0.00642,0.0,0.088,0.34,95.973,4
2yWlGEgEfPot0lv3OAjuG3,Just Keep Watching (From F1® The Movie),"Tate McRae, F1 The Album",19,2,12,PL,2025-06-10,90,False,142550,Just Keep Watching (From F1® The Movie),2025-05-30,0.656,0.796,9,-5.856,0,0.113,0.0767,0.0,0.509,0.425,129.956,4
4eCh76j61UPiiQXNRaqn5K,Lovestory,White 2115,20,2,-6,PL,2025-06-10,67,False,162195,Lovestory,2025-05-30,0.686,0.634,1,-7.588,1,0.0312,0.219,0.0,0.216,0.445,123.08,4
7ztpISTetVPoca640QDqZn,Bailando,"Bajorson, Dawid Obserwator, Dj Killer, David Tango",21,-3,3,PL,2025-06-10,69,False,222620,Bailando,2025-04-04,0.786,0.837,7,-7.087,0,0.084,0.247,1.64e-06,0.0604,0.87,140.04,4
5ITV0zqzjOYfFWpW0xBmRa,Show Me Love,"WizTheMc, bees & honey",22,-3,-3,PL,2025-06-10,94,False,176965,Show Me Love,2025-02-07,0.714,0.691,1,-7.333,1,0.0434,0.0212,0.000292,0.111,0.155,107.15,4
6g254BzxAtBlpi9wzDcAJ9,nadprzestrzenie,"Dawid Podsiadło, Kaśka Sochacka, ZORZA",23,0,27,PL,2025-06-10,55,False,273800,tylko haj.,2025-06-06,0.594,0.609,10,-8.141,1,0.0408,0.448,0.145,0.0986,0.18,80.984,4
1ZIscVoYHftgA5STle5cPo,Multisport,"Kaz Bałagane, Oskar83",24,-13,-1,PL,2025-06-10,66,True,179571,A nie mówiłem?,2024-10-04,0.792,0.667,11,-7.165,0,0.186,0.0608,0.0,0.114,0.429,139.886,4
42UBPzRMh5yyz0EDPr6fr1,Manchild,Sabrina Carpenter,25,14,25,PL,2025-06-10,87,True,213645,Manchild,2025-06-05,0.731,0.685,7,-5.087,1,0.0572,0.122,0.0,0.317,0.811,123.01,4
4WFgvKVfEhb3IUAFGrutTR,Love Me Not,Ravyn Lenae,26,-2,4,PL,2025-06-10,90,False,213466,Bird's Eye,2024-08-09,0.779,0.731,0,-6.176,1,0.0306,0.296,0.0,0.128,0.814,114.001,4
0GRc3eGTg8HBdWLRGYgqIc,Azizam,Ed Sheeran,27,-1,-5,PL,2025-06-10,92,False,162029,Azizam,2025-04-04,0.663,0.899,6,-5.103,1,0.0473,0.00255,0.0,0.065,0.876,127.998,4
0CbqbY48Q9lmtsc7q0B15a,Bez promo,Młody West,28,3,-2,PL,2025-06-10,69,True,138857,Bez promo,2025-03-27,0.721,0.596,11,-8.89,1,0.472,0.022,0.0,0.11,0.165,76.089,4
5gdYiLyMA2Q4sD4S8gCmVk,COWABONGA,Żabson,29,-2,-14,PL,2025-06-10,72,True,183018,HOLLYWOOD SMILE,2025-03-20,0.771,0.775,8,-6.298,1,0.185,0.0527,0.0,0.156,0.217,146.977,4
0gZ6aSidViW10soPaibyFa,NIE CHCĘ WRACAĆ,"Fukaj, charlie moncler, Hubert.",30,-2,20,PL,2025-06-10,64,False,204221,INTERLUDIUM,2025-05-22,0.598,0.71,6,-10.342,0,0.0306,0.088,6.83e-06,0.196,0.171,140.044,4
30Mb1itXAG1HGfQrwF5guj,Opener,"Tax Free, CUZCO$, Dj.Frodo",31,2,-6,PL,2025-06-10,65,True,144000,Opener,2025-05-16,0.88,0.649,0,-10.747,0,0.132,0.0121,1.66e-05,0.612,0.608,100.013,4
6dOtVTDdiauQNBQEDOtlAB,BIRDS OF A FEATHER,Billie Eilish,32,-7,0,PL,2025-06-10,100,False,210373,HIT ME HARD AND SOFT,2024-05-17,0.747,0.507,2,-10.171,1,0.0358,0.2,0.0608,0.117,0.438,104.978,4
7G4wYMAA1C4sgjfUqDiPLf,w kilometrach,"Dawid Podsiadło, Kaśka Sochacka, ZORZA",33,-4,17,PL,2025-06-10,58,False,215560,tylko haj.,2025-06-06,0.768,0.529,4,-8.019,0,0.0552,0.439,1.98e-05,0.0846,0.533,120.038,4
4BY3ThfL9Mo43cz6GkrIO3,LABUBU,"Ekipa, FRIZ, Kacper Blonsky, Postirol, Kartonii",34,16,16,PL,2025-06-10,48,True,184500,LABUBU,2025-06-08,0.679,0.764,8,-7.821,0,0.271,0.625,0.0,0.247,0.721,159.921,4
5RUFt3NWCpyYlq27V52LOm,mosty,"Dawid Podsiadło, Kaśka Sochacka, ZORZA",35,6,15,PL,2025-06-10,57,False,200240,tylko haj.,2025-06-06,0.397,0.432,9,-10.021,1,0.0344,0.792,0.0027,0.0981,0.326,199.943,4
7hDySXTBCluEHbJJaNN8It,To bardzo ziemskie,"Męskie Granie Orkiestra, Ralph Kaminski, Igor Herbut, Natalia Przybysz, Błażej Król",36,0,14,PL,2025-06-10,59,False,201482,To bardzo ziemskie,2025-06-05,0.623,0.747,4,-6.197,0,0.0428,0.128,0.0,0.58,0.571,123.02,4
3qD07JJOPiyqjiQeg1wDK3,Szum,Kaśka Sochacka,37,1,-3,PL,2025-06-10,65,False,232171,Ta druga,2024-11-15,0.544,0.703,1,-8.914,1,0.0362,0.0439,0.00347,0.0851,0.455,129.979,4
126sCXH3zr18kbHlKit0sX,NIENAWIDZĘ BYĆ W KLUBIE,"GOMBAO 33, Mata, Wyguś, Tadeo, Szczepan",38,7,-11,PL,2025-06-10,70,True,164000,NIENAWIDZĘ BYĆ W KLUBIE,2025-02-14,0.676,0.76,8,-8.048,1,0.0583,0.261,0.0,0.265,0.227,120.057,4
2EiWaXhjxMPa1gSXAMj65S,WOW,Fagata,39,-2,-4,PL,2025-06-10,70,True,144000,WOW,2025-03-28,0.791,0.61,2,-9.74,1,0.336,0.0103,0.0,0.0686,0.716,159.98,4
3BntzKsnLf2pc0dsvE3Zav,Bad Dreams,Teddy Swims,40,10,-1,PL,2025-06-10,89,False,184577,I've Tried Everything But Therapy (Part 2),2025-01-24,0.707,0.68,8,-6.203,1,0.0884,0.274,0.0,0.0932,0.62,125.058,4
6esBajH4pfY0i61Vr53QWR,On Me,"MODELKI, Vłodarski",41,5,9,PL,2025-06-10,65,False,128000,On Me,2023-12-07,0.818,0.607,9,-9.827,0,0.186,0.389,2.37e-06,0.099,0.824,150.004,4
0peRfvtx1Je91FxQtii5DJ,Chyba że z Tobą,"MODELKI, Vłodarski",42,-2,8,PL,2025-06-10,68,False,131250,Chyba że z Tobą,2024-04-04,0.739,0.575,11,-10.244,0,0.0396,0.633,0.0361,0.122,0.663,128.056,4
6A6537BwTdiRefKxjYyYAD,Nie mogę cię zapomnieć - Radio Edit,Agnieszka Chylińska,43,6,7,PL,2025-06-10,66,False,202585,Nie Moge Cie Zapomniec,2009-10-02,0.677,0.699,0,-6.432,0,0.0909,0.00671,2.6e-05,0.585,0.627,126.305,4
0QCIpQV3twfqo9kh0t8Zza,Shake It To The Max (FLY) - Remix,"MOLIY, Silent Addy, Skillibeng, Shenseea",44,6,4,PL,2025-06-10,93,True,178775,Shake It To The Max (FLY) (Remix),2025-02-21,0.856,0.548,0,-6.609,0,0.123,0.561,0.0,0.155,0.562,97.997,4
6pMLpqFEmvZKwPcIC16fdl,Chcę Ciebie częściej,Maciej Skiba,45,5,-5,PL,2025-06-10,68,False,181875,Chcę Ciebie częściej,2025-03-28,0.616,0.413,7,-9.195,1,0.139,0.491,0.0,0.158,0.289,163.811,3
2lszjkyKpER3mEFPQQayZR,Uno Momento,"Majki, Kumi, Major SPZ",46,4,4,PL,2025-06-10,67,False,138000,Uno Momento,2025-03-13,0.84,0.548,11,-7.636,1,0.34,0.178,0.0,0.0575,0.786,140.038,4
493ORSeExHylEYu7tolox9,Sophia Loren,"Tymek, Urbanski, Tymoteusz",47,3,3,PL,2025-06-10,69,True,169939,Popularne,2021-08-12,0.755,0.634,8,-8.904,0,0.0781,0.73,0.125,0.237,0.611,124.993,4
2FAZskT9yRjp2Oow9szJD8,The Days - NOTION Remix,"Chrystal, NOTION",48,2,1,PL,2025-06-10,92,False,233229,The Days (NOTION Remix),2024-11-08,0.62,0.843,6,-5.321,0,0.0844,0.0062,4.63e-06,0.55,0.237,137.812,4
4laCtGHEZEupZ7uEDQH2Ae,300 BANIEK,"Otsochodzi, Oki, lohleq",49,-7,-21,PL,2025-06-10,67,True,157500,TTHE GRIND (DELUXE),2025-01-30,0.522,0.762,4,-6.42,0,0.17,0.0496,0.0,0.417,0.846,150.261,4
0oF40HEGBYbYQufEtB81BM,Lato,Sentino,50,0,-9,PL,2025-06-10,66,True,178758,Megalomania,2022-04-12,0.781,0.725,3,-8.457,0,0.0911,0.519,7.14e-05,0.0703,0.641,145.019,4
4LMlVCXHJtCE9abhmn0mYo,Pal Pal,"Afusic, AliSoomroMusic",1,0,0,PK,2025-06-10,80,False,147000,Pal Pal,2025-02-17,0.752,0.596,5,-9.177,0,0.0505,0.67,0.00166,0.106,0.249,105.088,4
4XTgFBxBHN6var1BzAgE1m,Jhol,"Maanu, Annural Khalid",2,0,1,PK,2025-06-10,81,False,265817,Jhol,2024-06-14,0.485,0.481,7,-8.145,0,0.0852,0.596,0.0,0.34,0.296,155.368,4
5UGrftqh9U3zKQUt3vs7Ob,Supreme,Shubh,3,0,-1,PK,2025-06-10,85,True,178244,Supreme,2025-04-18,0.743,0.642,8,-3.758,1,0.0482,0.00445,0.0,0.244,0.156,165.966,4
1JioaCninhpfY1filFEIZi,STFU,"AP Dhillon, Shinda Kahlon",4,0,0,PK,2025-06-10,79,False,174810,OKAY STFU,2025-05-02,0.879,0.676,4,-6.284,0,0.0438,0.522,0.0,0.134,0.362,105.007,4
2ZzZ2qwZBWlDKs420hhloc,Maand,"Bayaan, Hasan Raheem, Rovalio",5,0,0,PK,2025-06-10,77,False,185000,Safar,2024-12-12,0.58,0.507,0,-11.262,0,0.0334,0.698,5.52e-05,0.497,0.184,139.842,4
4Qm7r3ImER8S2Ori1gLMAf,Afsos,"Anuv Jain, AP Dhillon",6,0,1,PK,2025-06-10,82,False,191752,Afsos,2025-01-31,0.702,0.341,0,-10.612,0,0.0349,0.502,0.0,0.143,0.582,96.94,4
5ThyDv6aRVU8AH4vXQNldF,Finding Her,"Kushagra, Bharath, Saaheal",7,0,-1,PK,2025-06-10,88,False,207000,Finding Her,2025-01-29,0.558,0.378,0,-6.419,1,0.0526,0.894,2.32e-06,0.0799,0.44,170.195,3
5FDVyL6VahLO3B4T7xRYD9,Qatal,"Guru Randhawa, Sanjoy, Gill Machhrai",8,0,0,PK,2025-06-10,83,False,171789,WITHOUT PREJUDICE,2025-03-28,0.73,0.767,3,-4.147,0,0.152,0.109,1.56e-06,0.168,0.477,95.109,4
75OSVIdR2KPpEmViMt8MX2,Pal Pal (with Talwiinder),"Afusic, Talwiinder, AliSoomroMusic",9,0,0,PK,2025-06-10,74,False,208000,Pal Pal (with Talwiinder),2025-04-10,0.73,0.527,5,-8.318,0,0.081,0.696,0.00109,0.243,0.299,105.059,4
08GYLNhKthS3arMdXsveRI,Haseen,"Talwiinder, NDS, Rippy Grewal",10,0,0,PK,2025-06-10,75,False,174545,Haseen,2025-02-23,0.461,0.455,5,-6.819,0,0.16,0.775,0.0,0.104,0.397,175.669,4
1hlbywc8Jhl1FFqJxAMabE,Ishq,"Faheem Abdullah, Rauhan Malik, Amir Ameer",11,1,1,PK,2025-06-10,81,False,224842,Lost;Found,2024-05-25,0.39,0.558,4,-8.92,0,0.0282,0.499,0.0284,0.173,0.292,94.788,4
0eCajpR75pDW0r64U6hP2x,Jo Tum Mere Ho,Anuv Jain,12,-1,-1,PK,2025-06-10,85,False,251813,Jo Tum Mere Ho,2024-08-02,0.46,0.302,1,-12.934,0,0.0398,0.661,0.0,0.293,0.176,123.871,5
2618Fg2I7K5leCzDUhOjbr,Heer,"Ali & Shjr, Haider Ali, Ali Raza",13,0,0,PK,2025-06-10,73,False,250746,Heer,2025-01-30,0.459,0.187,7,-12.514,0,0.0546,0.908,0.00258,0.258,0.367,132.279,4
0fAPcsD7qrEAfO2EH0ce4V,Aura,Shubh,14,0,0,PK,2025-06-10,78,False,165466,Sicario,2025-01-17,0.756,0.595,2,-7.0,1,0.126,0.139,0.000224,0.126,0.311,180.07,4
5wqMM6wOwXmX4rc1C3lUkd,Courtside,"Karan Aujla, Signature By SB",15,0,1,PK,2025-06-10,81,False,168125,Courtside,2025-05-13,0.664,0.695,6,-4.304,0,0.221,0.0823,0.0,0.214,0.556,86.885,4
4d2jV5fmX6hbRwaRbY39dt,Wavy,"Karan Aujla, Jay Trak",16,0,1,PK,2025-06-10,82,False,161000,Wavy,2024-11-15,0.567,0.752,7,-3.863,0,0.0798,0.04,0.0,0.144,0.498,90.027,4
5rpCUsEfBLIumvrxrahnKF,Wishes,"Hasan Raheem, Umair, Talwiinder",17,0,1,PK,2025-06-10,76,False,218400,"Maybe, It's Love",2023-09-02,0.684,0.531,9,-7.037,0,0.0523,0.669,0.013,0.135,0.613,100.014,4
5fBghXeYCGIEVuExKytoJ9,Fell For You,Shubh,18,0,5,PK,2025-06-10,79,False,153466,Sicario,2025-01-17,0.728,0.596,4,-6.803,0,0.0454,0.0985,0.00348,0.0533,0.224,95.006,4
7wGgYAOMhhRObOGdWlJ9Hi,Departure Lane,"Talha Anjum, Umair",19,0,0,PK,2025-06-10,72,False,166736,My Terrible Mind,2024-11-29,0.911,0.481,10,-6.275,0,0.269,0.337,5.53e-05,0.0805,0.65,94.979,4
4vHRQnzGcKEtqsLH70tAms,"Raanjhan (From ""Do Patti"")","Sachet-Parampara, Parampara Tandon, Kausar Munir",20,1,1,PK,2025-06-10,87,False,240066,"Raanjhan (From ""Do Patti"")",2024-10-04,0.444,0.49,6,-7.328,1,0.0295,0.809,2.96e-05,0.107,0.2,92.107,4
0REdqbK0A99eKrYF66zSDO,"Main Rahun (From ""Parwarish"") [Original Motion Picture Soundtrack]",Samar Jafri,21,-1,-6,PK,2025-06-10,67,False,205727,"Main Rahun (From ""Parwarish"") [Original Motion Picture Soundtrack]",2025-04-17,0.761,0.368,7,-11.082,1,0.0282,0.796,8.94e-06,0.0823,0.547,109.971,4
4BGfzLrK6lgvKDjKSU7wrN,Sajde,"Faheem Abdullah, Huzaif Nazar",22,3,15,PK,2025-06-10,67,False,460833,Lost;Found,2024-05-25,0.486,0.445,9,-10.623,0,0.0306,0.0477,0.000109,0.0949,0.229,144.025,4
0OdztoASgKBBNcAgtErk0X,Bikhra,"Abdul Hannan, Rovalio",23,0,-3,PK,2025-06-10,75,False,168300,Bikhra,2022-02-11,0.462,0.371,6,-11.604,0,0.0988,0.794,0.118,0.124,0.187,99.662,4
0cUdmruT6kjxa5KpteSdwc,Nahin Milta,Bayaan,24,2,-2,PK,2025-06-10,75,False,285656,4 Saal,2019-02-01,0.325,0.378,10,-12.695,1,0.0436,0.856,0.000412,0.102,0.242,119.691,4
2oJxsbdvHuzkQ44hoyMsis,"Laal Pari (From ""Housefull 5"")","Yo Yo Honey Singh, Simar Kaur, Alfaaz",25,-1,6,PK,2025-06-10,80,False,256148,"Laal Pari (From ""Housefull 5"")",2025-05-03,0.81,0.759,7,-4.509,1,0.124,0.414,7.35e-05,0.637,0.45,115.063,4
51EAvQ6RYU14VwUaMJHsnD,ROOP,"NAYEL, Hasan Raheem",26,-4,-1,PK,2025-06-10,63,False,152445,ROOP,2024-12-13,0.766,0.706,7,-5.633,1,0.057,0.339,0.655,0.141,0.546,119.979,4
2HI1eYwbbiJGqi0XaeByOI,Shaky,"Sanju Rathod, G-SPXRK",27,7,23,PK,2025-06-10,77,False,175138,Shaky,2025-04-22,0.796,0.841,9,-2.524,1,0.144,0.144,0.000773,0.183,0.89,108.913,4
4Q0qVhFQa7j6jRKzo3HDmP,Sapphire,Ed Sheeran,28,13,22,PK,2025-06-10,79,False,179082,Sapphire,2025-06-05,0.631,0.72,1,-6.152,1,0.0655,0.0163,0.0,0.347,0.394,95.011,4
0TL0LFcwIBF5eX7arDIKxY,Husn,Anuv Jain,29,-2,-3,PK,2025-06-10,80,False,217894,Husn,2023-12-01,0.527,0.376,5,-9.974,1,0.0298,0.682,0.0,0.142,0.24,151.928,4
44LaY2y6wRRlSRjsqbKnuU,Jhol - Acoustic,"Maanu, Annural Khalid, Abdullah Siddiqui",30,-2,-3,PK,2025-06-10,67,False,277600,Jhol - Acoustic,2025-03-03,0.463,0.256,0,-13.598,0,0.0513,0.856,0.0,0.0758,0.522,102.152,3
1kKnxDBA03jTlAuZvkIB8r,"Guzaarishein (From ""Parwarish"") - Original Motion Picture Soundtrack","Samar Jafri, Alistair Alvin",31,-1,-7,PK,2025-06-10,62,False,211200,"Guzaarishein (From ""Parwarish"") [Original Motion Picture Soundtrack]",2025-05-20,0.498,0.461,2,-7.582,1,0.0309,0.696,0.0,0.253,0.251,75.026,4
25jtUwCQfXwnxENh8Bvoj4,Water,"Diljit Dosanjh, MixSingh, Raj Ranjodh",32,-3,10,PK,2025-06-10,79,False,196800,Water,2025-02-14,0.81,0.522,6,-6.381,0,0.125,0.406,0.0,0.0778,0.387,100.031,4
4eBvRhTJ2AcxCsbfTUjoRp,Cheques,Shubh,33,-2,-4,PK,2025-06-10,80,False,183756,Still Rollin,2023-05-19,0.742,0.627,4,-8.939,0,0.0533,0.262,1.23e-05,0.269,0.356,89.998,4
5J9L7IbadCt0ivs9xmNrr0,Ranjheya Ve,Zain Zohaib,34,-2,-6,PK,2025-06-10,78,False,278474,Ranjheya Ve,2022-10-13,0.51,0.479,3,-9.007,1,0.0868,0.249,0.0,0.0936,0.4,186.299,4
3FqtduiaqnFYvBgKuc6QWQ,Winning Speech,"Karan Aujla, Seshnolan",35,0,-5,PK,2025-06-10,79,False,227441,Winning Speech,2024-05-16,0.461,0.78,11,-5.004,0,0.363,0.128,0.0,0.181,0.448,171.285,4
5xlYVZxEwriP6hetG7QJw7,Old Money,AP Dhillon,36,-3,-3,PK,2025-06-10,73,False,128098,The Brownprint,2024-08-30,0.866,0.734,4,-3.328,0,0.0696,0.154,0.000307,0.175,0.183,93.01,4
2O0sJTtjLKvMhd7cWyNdbe,Memories,"Hasan Raheem, Justin Bibis, Shehryar Khan",37,0,13,PK,2025-06-10,56,False,158333,Memories,2025-05-23,0.802,0.767,4,-5.657,0,0.0457,0.0563,0.0,0.0819,0.759,107.975,4
40MgoUXdjPRk27R1Fp7EAp,OBVIOUS (feat. Hasan Raheem),"Umair, Hasan Raheem",38,-2,-3,PK,2025-06-10,61,False,195692,ROCKSTAR WITHOUT A GUITAR,2024-04-25,0.76,0.419,1,-11.711,1,0.117,0.368,0.00255,0.113,0.506,130.074,4
7KQdgW7QzNd9oPoCzjCU76,Bandana,Shubh,39,-1,5,PK,2025-06-10,78,False,154666,Bandana,2024-03-29,0.716,0.718,6,-5.348,0,0.148,0.0452,0.0,0.192,0.91,89.906,4
6rFckZb1cuJYzsZiGHgqks,52 Bars,"Karan Aujla, Ikky",40,2,3,PK,2025-06-10,77,True,214024,Four You,2023-02-04,0.449,0.779,1,-3.321,0,0.205,0.000898,0.0,0.389,0.433,115.231,3
2cPUB8EOT6AfJ8oxhyoNXL,Ye Tune Kya Kiya,"Pritam, Javed Bashir",41,-1,8,PK,2025-06-10,82,False,314239,Once Upon Ay Time In Mumbai Dobaara !,2013-07-22,0.578,0.798,7,-6.01,1,0.0699,0.58,0.0,0.111,0.728,91.96,4
4yQQJ9Tj3DDYG3zgHhEgtq,"Baat (From ""Meem Se Mohabbat"")","Asim Azhar, Qirat Haider",42,-3,-10,PK,2025-06-10,70,False,202916,"Baat (From ""Meem Se Mohabbat"")",2024-12-26,0.66,0.483,11,-6.643,0,0.0314,0.851,4.29e-05,0.0918,0.425,143.896,4
4AyKPZ1b7lUlsAOb3aG6tC,Heer,"Afusic, AliSoomroMusic",43,7,7,PK,2025-06-10,63,False,196363,Heer,2024-10-21,0.734,0.296,5,-12.229,0,0.0608,0.911,0.00107,0.0959,0.615,110.113,4
3zSSCPpLZ5Oc8nelhhGjKz,Tu hai kahan,AUR,44,0,-4,PK,2025-06-10,70,False,263184,Tu hai kahan,2023-10-16,0.708,0.356,1,-9.738,1,0.075,0.437,6.54e-05,0.112,0.569,83.679,4
0KSOLEBixnBYIKNHF1VbzF,Hona Tha Pyar,"Atif Aslam, Hadiqa Kiani",45,-2,5,PK,2025-06-10,77,False,221986,Bol (Original Motion Picture Soundtrack),2011-06-05,0.687,0.542,4,-8.689,1,0.0307,0.571,0.0307,0.118,0.782,102.994,4
0YQJoDL6f46J0n1rOVkpxJ,Softly,"Karan Aujla, Ikky",46,0,4,PK,2025-06-10,80,False,155161,Making Memories,2023-08-18,0.735,0.564,8,-7.786,1,0.204,0.191,0.0,0.0791,0.902,92.986,4
1d5lpW3gUyq537iuyrb9Lf,Samjho Na,Aditya Rikhari,47,1,-8,PK,2025-06-10,77,False,172408,Samjho Na,2022-02-10,0.744,0.328,0,-12.535,1,0.231,0.681,0.0002,0.128,0.532,98.923,4
5ZLkihi6DVsHwDL3B8ym1t,One Love,Shubh,48,-3,-7,PK,2025-06-10,80,False,159222,One Love,2023-08-18,0.848,0.512,7,-7.757,1,0.118,0.284,0.00645,0.101,0.881,144.926,4
5BQePe9rcCJozHK3oPayYk,MVP,Shubh,49,1,1,PK,2025-06-10,76,True,196897,MVP,2024-05-10,0.742,0.572,7,-8.163,0,0.0743,0.391,0.00428,0.318,0.644,88.041,4
7AsG1F1eMWd17RYan8M3Wm,Dil Nu,"AP Dhillon, Shinda Kahlon",50,-3,-14,PK,2025-06-10,76,False,233666,Two Hearts Never Break The Same,2022-10-07,0.811,0.655,1,-7.118,0,0.0353,0.0947,1.63e-06,0.068,0.925,117.979,4
5tlb0AxuzsMWL2GtEppXGX,Multo,Cup of Joe,1,0,0,PH,2025-06-10,86,False,237692,Silakbo,2025-01-17,0.473,0.561,11,-7.504,1,0.0445,0.433,0.00455,0.0973,0.442,208.053,4
2Dhdu4YB3y5U3RiIcCJduv,Tibok,Earl Agustin,2,0,0,PH,2025-06-10,85,False,326666,Tibok,2023-06-16,0.568,0.537,10,-9.004,1,0.0263,0.097,0.00261,0.215,0.68,143.974,4
1UPB5rYJ0bzn6mNSoAHrZC,You'll Be in My Heart,NIKI,3,0,0,PH,2025-06-10,93,False,241776,You'll Be In My Heart,2022-09-14,0.486,0.613,9,-8.748,1,0.0394,0.0569,0.00139,0.126,0.633,187.531,4
0FTmksd2dxiE5e3rWyJXs6,back to friends,sombr,4,1,1,PH,2025-06-10,98,False,199032,back to friends,2024-12-27,0.436,0.723,1,-2.291,1,0.0301,9.37e-05,8.82e-05,0.0929,0.235,92.855,4
26gpJidk118QGbNcDqCHbW,My Day,HELLMERRY,5,-1,-1,PH,2025-06-10,82,True,229714,My Day,2024-12-21,0.674,0.519,9,-10.047,1,0.028,0.657,0.0,0.277,0.743,105.005,4
2cIxxsxXNvOXNFVvDJpF3x,Dalangin,Earl Agustin,6,0,0,PH,2025-06-10,81,False,252162,Dalangin,2023-02-24,0.445,0.562,9,-8.336,1,0.0314,0.0414,0.0,0.217,0.538,147.887,4
3ubEHwfx9d54LTme8Ft8gp,B4 I LET YOU GO,"Ryouji, CK YG",7,3,4,PH,2025-06-10,81,False,195250,B4 I LET YOU GO,2025-01-31,0.81,0.562,7,-6.105,1,0.038,0.502,0.0,0.176,0.566,118.044,4
7b89Ffklm3xh4GI37vlZDZ,Tingin,"Cup of Joe, Janine",8,1,0,PH,2025-06-10,82,False,222298,Tingin,2023-04-28,0.624,0.769,4,-6.277,1,0.0498,0.21,0.000147,0.106,0.466,105.099,4
7dXZnGGBn9Kfu8NCnrRl3w,Kalimutan Ka,Skusta Clee,9,-2,1,PH,2025-06-10,81,False,288000,Kalimutan Ka,2025-02-12,0.596,0.813,0,-4.862,1,0.0315,0.012,0.0,0.0706,0.763,127.006,4
06IkOr83qPqa3yYvrIjgxp,Sa Bawat Sandali,Amiel Sol,10,-2,-3,PH,2025-06-10,82,False,302608,Sa Bawat Sandali,2024-12-06,0.591,0.597,5,-8.926,1,0.0297,0.388,0.112,0.569,0.329,138.064,4
2zbq6eS68i4NIJWekIuW1s,Marilag,Dionela,11,0,-2,PH,2025-06-10,84,False,157692,Marilag,2024-11-08,0.639,0.583,1,-9.346,1,0.209,0.472,4.14e-06,0.101,0.907,155.92,4
3nqqDo8CcCLke3ZoTgiOKf,The Man Who Can't Be Moved,The Script,12,1,0,PH,2025-06-10,87,False,241373,The Script,2008-07-14,0.605,0.629,10,-5.051,1,0.0279,0.437,0.0,0.097,0.308,99.894,4
7vWHppvllFJXdXf0xplZum,Your Universe,Rico Blanco,13,-1,9,PH,2025-06-10,76,False,238466,Your Universe,2008-05-15,0.445,0.573,7,-7.309,1,0.0343,0.638,6.69e-06,0.114,0.503,175.985,4
0HAG6nIiEKd75yGpovuSJQ,Isa lang,Arthur Nery,14,2,0,PH,2025-06-10,81,False,269256,Isa lang,2021-12-17,0.429,0.464,6,-8.445,0,0.0719,0.783,0.0,0.0846,0.375,121.17,3
2NxnWXho1vkCkuBijDyYNK,Naiilang,Le John,15,-1,4,PH,2025-06-10,77,False,247071,Naiilang,2025-04-25,0.64,0.509,11,-8.549,1,0.0332,0.735,0.00112,0.119,0.256,140.018,4
0kE1SmlJNLg14dgdo9kJws,Misteryoso,Cup of Joe,16,-1,-3,PH,2025-06-10,81,False,221641,Misteryoso,2024-05-17,0.723,0.615,8,-5.915,1,0.0548,0.464,0.0,0.102,0.591,133.931,4
1imaIe1NEAaWnLF0BY0V6F,sining (feat. Jay R),"Dionela, Jay R",17,0,-2,PH,2025-06-10,82,False,200000,sining (feat. Jay R),2024-06-07,0.65,0.424,9,-11.0,1,0.109,0.438,0.0,0.102,0.403,119.589,4
5gQyJNVUEydHMciwhih7EK,Ikot,Over October,18,0,10,PH,2025-06-10,74,False,250093,Make Believe,2024-10-01,0.683,0.637,2,-7.783,1,0.0287,0.135,0.00211,0.0847,0.378,107.02,4
6Qyc6fS4DsZjB2mRW9DsQs,Iris,The Goo Goo Dolls,19,1,-2,PH,2025-06-10,94,False,289533,Dizzy up the Girl,1998-01-01,0.315,0.715,11,-8.072,0,0.0362,0.00125,7.97e-06,0.0942,0.497,155.925,3
7LnIjqQ777a9YdPQXkAAOy,Nicotine,SAJKA,20,1,-4,PH,2025-06-10,60,True,120707,Weed&Melodies,2025-05-01,0.615,0.714,8,-6.635,1,0.118,0.601,0.000116,0.159,0.46,128.037,4
4g6QB9ktIdyEW5sIfcp71i,Dito Sa'kin,Earl Agustin,21,1,-1,PH,2025-06-10,78,False,330720,Dito Sa'kin,2024-03-15,0.563,0.355,10,-12.259,1,0.0305,0.29,6.57e-06,0.124,0.427,124.864,4
6FIEuf1JIzmCtach0gXpeG,Tadhana,Up Dharma Down,22,12,-4,PH,2025-06-10,79,False,222446,Capacities,2012-12-07,0.685,0.322,6,-13.2,1,0.0369,0.162,0.0299,0.0809,0.508,155.977,4
0ZCCbW4Aym7b5QdQUKfVdv,Burnout,Sugarfree,23,10,22,PH,2025-06-10,77,False,210426,Sa Wakas,2003-01-01,0.673,0.618,7,-7.79,1,0.0314,0.0126,9.83e-06,0.122,0.645,132.426,4
2CGNAOSuO1MEFCbBRgUzjd,luther (with sza),"Kendrick Lamar, SZA",24,0,-1,PH,2025-06-10,92,False,177598,GNX,2024-11-21,0.707,0.575,2,-7.546,1,0.125,0.251,0.0,0.248,0.576,138.008,4
27xkOIER6uDLKALIelHylZ,Don’t Say You Love Me,Jin,25,-6,-4,PH,2025-06-10,92,False,180716,Echo,2025-05-16,0.729,0.562,8,-5.49,1,0.0304,0.484,0.0,0.105,0.757,111.976,4
6dOtVTDdiauQNBQEDOtlAB,BIRDS OF A FEATHER,Billie Eilish,26,-3,4,PH,2025-06-10,100,False,210373,HIT ME HARD AND SOFT,2024-05-17,0.747,0.507,2,-10.171,1,0.0358,0.2,0.0608,0.117,0.438,104.978,4
6HVT2c1ZZdhH1nGFb4AxUJ,Estranghero,Cup of Joe,27,1,10,PH,2025-06-10,78,False,186610,Estranghero,2022-06-10,0.745,0.628,7,-7.449,1,0.0535,0.553,0.0,0.0843,0.803,117.919,4
142PiXzA84lmEw2RstFHFa,supernatural,Ariana Grande,28,2,-3,PH,2025-06-10,87,False,163381,eternal sunshine,2024-03-08,0.58,0.714,8,-6.924,1,0.117,0.0969,0.0,0.16,0.522,76.496,4
2RdEC8Ff83WkX7kDVCHseE,party 4 u,Charli xcx,29,-3,3,PH,2025-06-10,93,False,296653,how i'm feeling now,2020-05-15,0.579,0.522,1,-8.393,1,0.0993,0.761,1.41e-05,0.655,0.245,79.453,4
42UBPzRMh5yyz0EDPr6fr1,Manchild,Sabrina Carpenter,30,20,20,PH,2025-06-10,87,True,213645,Manchild,2025-06-05,0.731,0.685,7,-5.087,1,0.0572,0.122,0.0,0.317,0.811,123.01,4
1nzcXFlq2lJULOJxCg5vBA,PWEDE BANG?,Hev Abi,31,-6,-7,PH,2025-06-10,76,True,144353,PAUTANG NG PAG-IBIG,2022-01-11,0.652,0.551,3,-9.843,0,0.0255,0.123,0.0,0.116,0.64,97.002,4
08hFNg8Oz3lvaAms7qrIif,The Day You Said Goodnight,Hale,32,5,14,PH,2025-06-10,77,False,291320,Hale,2005-01-01,0.556,0.563,4,-6.591,1,0.032,0.511,0.0,0.119,0.238,134.259,4
06VwVWrnYSTIikz801hGwD,Oksihina,Dionela,33,-2,-4,PH,2025-06-10,80,False,204051,Oksihina,2023-09-08,0.74,0.412,11,-11.124,1,0.0774,0.631,0.0,0.0828,0.561,115.957,4
0iq4IOcuvSXP3VNTjOLBf1,4:AM,HELLMERRY,34,-7,-3,PH,2025-06-10,74,False,228571,4:AM,2023-09-09,0.681,0.538,4,-9.78,0,0.0444,0.694,0.00208,0.114,0.583,104.964,4
3be9ACTxtcL6Zm4vJRUiPG,blue,yung kai,35,-6,-2,PH,2025-06-10,92,False,214357,blue,2024-08-02,0.746,0.317,4,-11.982,1,0.0342,0.933,0.0186,0.121,0.585,97.49,3
4AULw1VRyJP17zMvwgTIUs,Umaasa,Calein,36,-4,-10,PH,2025-06-10,79,False,335624,Umaasa,2019-06-28,0.627,0.433,9,-9.868,1,0.0232,0.295,0.393,0.332,0.353,96.016,4
5K7AMlpc4796JRWXb26nCV,I'll Be,Edwin McCain,37,-2,2,PH,2025-06-10,77,False,266533,Misguided Roses,1997-01-01,0.371,0.609,11,-5.524,1,0.0295,0.386,0.0,0.104,0.426,136.526,3
2xCkiGqGMkAIg6fQTag51C,Sino,Unique Salonga,38,9,10,PH,2025-06-10,76,False,280426,Grandma,2018-08-06,0.676,0.43,11,-10.563,1,0.0232,0.169,0.0309,0.109,0.226,104.982,4
0DdC92EziGIEN6j7kTCKQX,Unti-Unti,Up Dharma Down,39,2,11,PH,2025-06-10,76,False,283825,Unti-Unti,2017-02-14,0.629,0.38,2,-8.072,1,0.0323,0.186,0.000407,0.0338,0.655,155.97,4
2s9DQB5ftRcdIRpj3n3pDR,Balisong - Transformed,Rico Blanco,40,-2,10,PH,2025-06-10,73,False,163571,Balisong (Transformed),2019-06-13,0.488,0.45,0,-8.55,0,0.0369,0.487,0.0,0.232,0.535,83.456,4
2v6jmF6VQWS96x6tSg05IC,TAKE ALL THE LOVE,Arthur Nery,41,5,9,PH,2025-06-10,77,False,206181,TAKE ALL THE LOVE,2021-04-23,0.491,0.486,5,-6.588,1,0.0347,0.285,0.0,0.0976,0.262,82.411,3
7so0lgd0zP2Sbgs2d7a1SZ,Die With A Smile,"Lady Gaga, Bruno Mars",42,-2,1,PH,2025-06-10,91,False,251667,MAYHEM,2025-03-07,0.519,0.601,6,-7.727,0,0.0317,0.289,0.0,0.126,0.498,157.964,3
4legZBvlei0pwnrzzxMzol,Ikaw Lang,NOBITA,43,7,-9,PH,2025-06-10,78,False,263500,Ikaw Lang,2020-06-12,0.513,0.38,11,-11.091,1,0.0336,0.12,0.0,0.0924,0.323,120.952,4
2ADSh3Mp744n2586tpUtIW,Dilaw,Maki,44,-8,-4,PH,2025-06-10,79,False,192380,Dilaw,2024-05-24,0.652,0.674,9,-5.026,1,0.0276,0.00599,3.5e-06,0.307,0.458,126.004,4
4he4CYDhvSPTxQc0e0Le1L,Kung Wala Ka,Hale,45,5,-18,PH,2025-06-10,76,False,242813,Hale,2005-01-01,0.502,0.338,7,-7.261,1,0.0263,0.704,0.000887,0.113,0.155,136.355,4
0fK7ie6XwGxQTIkpFoWkd1,like JENNIE,JENNIE,46,-4,-10,PH,2025-06-10,95,True,123517,Ruby,2025-03-07,0.811,0.743,10,-5.321,0,0.0611,0.281,0.00671,0.0868,0.815,130.019,4
285hMzLhJwHVLe9QT9qilk,Breakeven,The Script,47,1,3,PH,2025-06-10,85,False,261426,The Script,2008-07-14,0.63,0.696,10,-4.501,1,0.0242,0.144,0.0,0.0835,0.491,94.034,4
2vnd3JVvcLs2LxRFwC6mKu,City Girl,Shanti Dope,48,-3,-10,PH,2025-06-10,76,False,188976,City Girl,2022-12-02,0.684,0.471,0,-9.995,1,0.0401,0.403,2.96e-05,0.113,0.247,127.026,4
0NJAqnvbF6vzripOB7PclP,Babaero,"gins&melodies, Hev Abi",49,1,-8,PH,2025-06-10,76,False,175396,Babaero,2024-01-09,0.866,0.494,8,-7.139,0,0.0827,0.531,0.0,0.118,0.77,121.018,4
7rPCoHeFhATM6JiiNKw5fL,G Luv,1550 Collective,50,-6,-15,PH,2025-06-10,55,True,436498,G Luv,2024-03-23,0.562,0.601,8,-9.218,0,0.286,0.0586,0.0,0.14,0.698,193.853,4
6iOndD4OFo7GkaDypWQIou,La Plena - W Sound 05,"W Sound, Beéle, Ovy On The Drums",1,0,0,PE,2025-06-10,95,True,150001,La Plena (W Sound 05),2025-02-19,0.894,0.643,5,-3.485,1,0.132,0.543,0.000984,0.101,0.659,99.039,4
1HEwEN64NjgTaHmo7LfkX8,no tiene sentido,Beéle,2,0,0,PE,2025-06-10,89,False,158036,BORONDO,2025-05-15,0.671,0.596,2,-7.565,0,0.0556,0.0871,1.97e-05,0.119,0.497,121.976,4
27xkOIER6uDLKALIelHylZ,Don’t Say You Love Me,Jin,3,1,0,PE,2025-06-10,92,False,180716,Echo,2025-05-16,0.729,0.562,8,-5.49,1,0.0304,0.484,0.0,0.105,0.757,111.976,4
2lTm559tuIvatlT1u0JYG2,BAILE INoLVIDABLE,Bad Bunny,4,-1,0,PE,2025-06-10,96,True,367725,DeBÍ TiRAR MáS FOToS,2025-01-05,0.168,0.00332,10,-46.113,1,0.0615,0.192,0.79,0.112,0.219,119.387,3
4zhk2RS2EZODmBW6il55Qj,mi refe,"Beéle, Ovy On The Drums",5,0,0,PE,2025-06-10,84,False,159404,BORONDO,2025-05-15,0.637,0.648,7,-5.306,0,0.271,0.403,5.41e-05,0.119,0.441,123.108,4
4DnrAI8WyUY6gkOwl8GlPN,capaz (merengueton),"Alleh, Yorghaki",6,2,3,PE,2025-06-10,90,False,173858,LA CIUDAD,2024-12-24,0.872,0.614,3,-5.618,0,0.181,0.0815,0.000207,0.135,0.785,126.957,4
0DMJz677XfXiiruhIELu2e,VITAMINA,"Jombriel, DFZM, Jøtta",7,0,-1,PE,2025-06-10,92,False,208743,VITAMINA,2025-02-27,0.815,0.746,10,-4.855,0,0.0528,0.015,2.26e-06,0.056,0.768,92.007,4
6ifUES3keWjwXgae8pXI3o,Me Rehúso,Danny Ocean,8,-2,-1,PE,2025-06-10,86,False,205714,54+1,2019-03-22,0.744,0.804,1,-6.327,1,0.0677,0.0231,0.0,0.0494,0.426,104.823,4
1PREzVLuDT6PSE9sej4wnV,COQUETA,"Fuerza Regida, Grupo Frontera",9,0,1,PE,2025-06-10,90,False,241648,MALA MÍA,2024-12-19,0.74,0.819,1,-4.853,0,0.0866,0.244,0.0,0.107,0.884,78.975,4
6J5kc12BW5HuP3d7C3vvx8,EoO,Bad Bunny,10,0,1,PE,2025-06-10,94,True,204768,DeBÍ TiRAR MáS FOToS,2025-01-05,0.36,0.464,10,-29.598,0,0.0702,0.749,0.859,0.0825,0.184,63.662,4
7bywjHOc0wSjGGbj04XbVi,LUNA,"Feid, ATL Jacob",11,2,3,PE,2025-06-10,89,False,196800,FERXXOCALIPSIS,2023-12-01,0.774,0.86,7,-2.888,0,0.13,0.131,0.0,0.116,0.446,100.019,4
3sK8wGT43QFpWrvNQsrQya,DtMF,Bad Bunny,12,-1,0,PE,2025-06-10,97,True,237117,DeBÍ TiRAR MáS FOToS,2025-01-05,0.625,0.131,7,-27.405,0,0.0717,0.177,0.218,0.0807,0.032,136.02,4
4zbEItKoaRId1vRZkoO0Uh,Imagínate,"Danny Ocean, Kapo",13,3,6,PE,2025-06-10,88,False,170365,Imagínate,2024-11-07,0.779,0.737,11,-4.667,1,0.109,0.134,0.0,0.0974,0.445,101.923,4
3fmw8iIyQDS2L7nE6Wd0xG,sobelove,Beéle,14,4,3,PE,2025-06-10,81,False,131827,BORONDO,2025-05-15,0.756,0.721,8,-4.046,0,0.191,0.36,9.88e-06,0.0794,0.715,111.994,4
1YYfyJ2yCvGFCxwjsIqEK9,Khé?,"Rauw Alejandro, Romeo Santos",15,2,3,PE,2025-06-10,88,False,206066,Cosa Nuestra,2024-11-15,0.687,0.627,7,-4.975,1,0.181,0.326,0.0,0.0893,0.47,155.865,4
0Qe2g06yzLBuuSvVmFiweP,Hasta Aquí Llegué,"Nanpa Básico, Beéle",16,4,6,PE,2025-06-10,84,False,188887,Duelo,2024-11-07,0.641,0.657,11,-8.338,0,0.218,0.538,0.0,0.106,0.411,100.016,4
7tI8dRuH2Yc6RuoTjxo4dU,Who,Jimin,17,-5,-2,PE,2025-06-10,90,False,170887,MUSE,2024-07-19,0.66,0.756,0,-3.743,0,0.032,0.00289,0.0,0.193,0.838,116.034,4
59D4DOkspUbWyMmbAPQkxZ,VOY A LLeVARTE PA PR,Bad Bunny,18,-4,-2,PE,2025-06-10,93,True,156364,DeBÍ TiRAR MáS FOToS,2025-01-05,0.148,0.604,7,-35.032,1,0.0588,0.921,0.453,0.405,1e-05,106.295,3
7d6yK8v8J484SWH5prIQiE,VeLDÁ,"Bad Bunny, Omar Courtz, Dei V",19,-4,-6,PE,2025-06-10,92,True,235336,DeBÍ TiRAR MáS FOToS,2025-01-05,0.613,0.981,1,-18.638,1,0.149,0.29,0.0023,0.437,0.0337,101.852,3
2QP041AcWg8PwPIWP95RKN,top diesel,Beéle,20,5,13,PE,2025-06-10,82,False,189456,BORONDO,2025-05-15,0.825,0.73,5,-4.007,1,0.11,0.144,0.000884,0.0435,0.77,99.995,4
4MUrUT38U98olfnyzMBCzm,KLOuFRENS,Bad Bunny,21,2,2,PE,2025-06-10,90,True,199114,DeBÍ TiRAR MáS FOToS,2025-01-05,0.326,0.125,1,-32.45,1,0.148,0.703,0.706,0.18,0.306,106.974,4
6WatFBLVB0x077xWeoVc2k,Si Antes Te Hubiera Conocido,KAROL G,22,0,-1,PE,2025-06-10,94,False,195824,Si Antes Te Hubiera Conocido,2024-06-21,0.924,0.668,11,-6.795,1,0.0469,0.446,0.000594,0.0678,0.787,128.027,4
0Lahr7sUDdtYnX3n3KobR6,PONTE LOKITA,"Katteyes, Kidd Voodoo, Swift 047",23,-4,-3,PE,2025-06-10,83,True,183673,PONTE LOKITA,2025-02-14,0.771,0.725,7,-3.574,0,0.0592,0.274,3.38e-05,0.0745,0.791,98.019,4
61C7zXd4t2Zuhz6DRwgsLM,Volver,"Piso 21, Marc Anthony, Beéle",24,4,2,PE,2025-06-10,85,False,232149,Volver,2025-02-06,0.478,0.793,11,-4.449,1,0.387,0.235,0.0,0.146,0.604,92.294,4
5FLzweTtgQurkLPs0E7uEO,Priti,"Danny Ocean, Sech",25,2,-17,PE,2025-06-10,87,False,130968,Priti,2025-03-20,0.8,0.681,9,-7.307,1,0.0499,0.163,0.0,0.101,0.523,121.915,4
0fea68AdmYNygeTGI4RC18,LA CANCIÓN,"J Balvin, Bad Bunny",26,-2,-2,PE,2025-06-10,90,False,242573,OASIS,2019-06-28,0.756,0.646,7,-5.795,1,0.319,0.152,1.81e-05,0.108,0.429,176.088,4
2JPctdUgvkQSpnUdfROxvY,Te Quería Ver,"Alemán, Neton Vega",27,-6,0,PE,2025-06-10,84,False,176129,De Vuelta a las Andadas,2025-05-09,0.807,0.763,4,-5.172,0,0.0624,0.186,1.69e-05,0.0917,0.448,100.033,4
0l0vcZMU7AOeQmUIREoI2U,Qué Pasaría...,"Rauw Alejandro, Bad Bunny",28,-2,-3,PE,2025-06-10,91,True,191018,Cosa Nuestra,2024-11-15,0.833,0.563,4,-5.593,0,0.204,0.528,1.27e-05,0.139,0.343,105.008,4
1i1n7hUzCDkXGFqIJSSzom,frente al mar,Beéle,29,4,1,PE,2025-06-10,78,False,165178,BORONDO,2025-05-15,0.75,0.682,10,-3.825,1,0.0945,0.168,1.28e-06,0.112,0.618,100.036,4
6C1RD7YQVvt3YQj0CmuTeu,Diles,"Bad Bunny, Ozuna, Farruko, Arcángel, Ñengo Flow, DJ Luian, Mambo Kingz",30,2,14,PE,2025-06-10,84,True,286040,Diles,2016-08-26,0.813,0.56,2,-5.904,0,0.0618,0.108,0.0,0.268,0.287,118.033,4
0Imc5xRXd0eV9Ln55M1kz6,More,"Zion, Jory Boy, Ken-Y",31,-1,19,PE,2025-06-10,67,False,240733,La Fórmula,2023-12-01,0.686,0.78,1,-6.662,0,0.107,0.191,0.0,0.118,0.867,172.059,4
5DdLSEyKh8zgCrJq2hFj92,Yo sé,"Yan Block, TORRRES",32,-3,4,PE,2025-06-10,86,True,129705,Yo sé,2024-05-23,0.716,0.462,5,-9.847,0,0.128,0.68,0.0,0.132,0.626,136.045,4
5TFD2bmFKGhoCRbX61nXY5,NUEVAYoL,Bad Bunny,33,-2,-4,PE,2025-06-10,94,False,183685,DeBÍ TiRAR MáS FOToS,2025-01-05,0.142,0.195,6,-20.024,1,0.139,0.265,0.995,0.204,0.12,137.922,4
7so0lgd0zP2Sbgs2d7a1SZ,Die With A Smile,"Lady Gaga, Bruno Mars",34,2,-3,PE,2025-06-10,91,False,251667,MAYHEM,2025-03-07,0.519,0.601,6,-7.727,0,0.0317,0.289,0.0,0.126,0.498,157.964,3
4OwhwvKESFtuu06dTgct7i,Tiroteo - Remix,"Marc Seguí, Rauw Alejandro, Pol Granch",35,5,8,PE,2025-06-10,84,False,321555,Tiroteo (Remix),2021-04-01,0.75,0.522,9,-7.018,1,0.0293,0.282,0.0,0.0743,0.601,110.427,4
6OCNg7QchXJMww1LHMjIzb,Hiekka,"Nicky Jam, Beéle",36,3,1,PE,2025-06-10,86,False,213333,Hiekka,2025-05-02,0.724,0.726,4,-4.077,0,0.0416,0.0451,0.0,0.12,0.332,107.865,4
6VfL3MEuYeJbDlD8m011HR,quédate,Beéle,37,8,-2,PE,2025-06-10,83,False,176481,BORONDO,2025-05-15,0.608,0.633,0,-4.609,0,0.137,0.294,2.04e-05,0.143,0.549,111.888,5
6DUdDIRgLqCGq1DwkNWQTN,Borro Cassette,Maluma,38,-4,0,PE,2025-06-10,85,False,207306,"Pretty Boy, Dirty Boy",2015-10-30,0.73,0.701,5,-5.885,0,0.106,0.132,0.0,0.151,0.785,175.95,4
3Btqti3QpzZZr6uz5mlNzz,Es un Secreto,Plan B,39,-4,2,PE,2025-06-10,74,False,190560,House Of Pleasure,2010-07-20,0.843,0.786,6,-4.938,0,0.0434,0.103,2.41e-06,0.0535,0.502,95.0,4
6dOtVTDdiauQNBQEDOtlAB,BIRDS OF A FEATHER,Billie Eilish,40,3,2,PE,2025-06-10,100,False,210373,HIT ME HARD AND SOFT,2024-05-17,0.747,0.507,2,-10.171,1,0.0358,0.2,0.0608,0.117,0.438,104.978,4
1zxqmOsOZPSrmC8Npve54s,SORRY 4 THAT MUCH - Bonus Track,Feid,41,9,9,PE,2025-06-10,0,True,207741,FERXXO VOL X: Sagrado,2025-06-09,0.818,0.683,7,-4.48,1,0.0726,0.0381,0.0,0.305,0.606,93.028,4
5QjmUqgpPQgXgg4606DqZF,UWAIE,Kapo,42,0,3,PE,2025-06-10,85,False,172427,UWAIE,2024-08-15,0.705,0.783,9,-4.783,0,0.0403,0.138,0.0,0.0984,0.454,103.001,4
32SJM4tQyJHsB8rgVtZURn,WASSUP,Young Miko,43,-2,-9,PE,2025-06-10,87,True,162263,WASSUP,2025-04-25,0.86,0.681,1,-4.757,0,0.0399,0.00481,6.09e-06,0.142,0.656,145.023,4
2gmd7lY3QSzLh0xIY4cRvi,SE ME OLVIDA,"Maisak, Feid",44,6,6,PE,2025-06-10,82,True,225373,SE ME OLVIDA,2024-08-23,0.786,0.707,7,-4.386,0,0.0635,0.0399,0.0,0.121,0.691,82.045,4
1vZoaMFn2gv3v7tEUBfRsK,Oh Que Lokazo,"Cajo, George F",45,1,5,PE,2025-06-10,60,False,143701,Oh Que Lokazo,2025-05-14,0.445,0.739,11,-5.802,0,0.302,0.231,0.0,0.232,0.379,89.452,4
51YOvMn0xShoUKDdPecFbb,morena (Bonus Track),Beéle,46,4,4,PE,2025-06-10,75,False,188930,BORONDO,2025-05-15,0.737,0.682,9,-6.149,1,0.13,0.155,0.0,0.227,0.676,104.107,4
2BE1Q5N4Enl1eRrM82uzsu,Solcito,"Miguel Bueno, Juan Duque",47,3,1,PE,2025-06-10,87,False,144000,Solcito,2025-03-13,0.762,0.57,11,-6.598,1,0.0707,0.674,0.0,0.315,0.734,100.015,4
0uK4qOvijuVKXgieyScZ04,TATTOO,La Única Tropical,48,-11,2,PE,2025-06-10,67,False,214875,TATTOO,2024-10-08,0.655,0.775,0,-6.674,0,0.0295,0.0551,0.00398,0.353,0.959,130.006,4
1o4xkdBe0RjSf2u6VXi4OI,444,"Yan Block, Panda Black",49,-11,-3,PE,2025-06-10,85,True,175280,444,2024-04-04,0.435,0.61,1,-8.114,0,0.0895,0.152,1.21e-05,0.142,0.22,118.653,5
2J9B63FawlTaPdg4eH5X03,Loco,Beéle,50,-2,0,PE,2025-06-10,82,False,204000,Loco,2019-08-08,0.82,0.565,6,-5.965,1,0.17,0.158,2.45e-05,0.0469,0.773,105.11,4
1HEwEN64NjgTaHmo7LfkX8,no tiene sentido,Beéle,1,1,0,PA,2025-06-10,89,False,158036,BORONDO,2025-05-15,0.671,0.596,2,-7.565,0,0.0556,0.0871,1.97e-05,0.119,0.497,121.976,4
6iOndD4OFo7GkaDypWQIou,La Plena - W Sound 05,"W Sound, Beéle, Ovy On The Drums",2,-1,0,PA,2025-06-10,95,True,150001,La Plena (W Sound 05),2025-02-19,0.894,0.643,5,-3.485,1,0.132,0.543,0.000984,0.101,0.659,99.039,4
2QP041AcWg8PwPIWP95RKN,top diesel,Beéle,3,0,3,PA,2025-06-10,82,False,189456,BORONDO,2025-05-15,0.825,0.73,5,-4.007,1,0.11,0.144,0.000884,0.0435,0.77,99.995,4
4zhk2RS2EZODmBW6il55Qj,mi refe,"Beéle, Ovy On The Drums",4,0,-1,PA,2025-06-10,84,False,159404,BORONDO,2025-05-15,0.637,0.648,7,-5.306,0,0.271,0.403,5.41e-05,0.119,0.441,123.108,4
6VfL3MEuYeJbDlD8m011HR,quédate,Beéle,5,1,-1,PA,2025-06-10,83,False,176481,BORONDO,2025-05-15,0.608,0.633,0,-4.609,0,0.137,0.294,2.04e-05,0.143,0.549,111.888,5
3fmw8iIyQDS2L7nE6Wd0xG,sobelove,Beéle,6,-1,-1,PA,2025-06-10,81,False,131827,BORONDO,2025-05-15,0.756,0.721,8,-4.046,0,0.191,0.36,9.88e-06,0.0794,0.715,111.994,4
1C7NXX8UJ6pgNx8EkmyZDd,si te pillara,Beéle,7,3,12,PA,2025-06-10,78,False,184547,BORONDO,2025-05-15,0.503,0.673,5,-5.594,1,0.0773,0.59,0.0,0.396,0.343,103.814,4
0Qe2g06yzLBuuSvVmFiweP,Hasta Aquí Llegué,"Nanpa Básico, Beéle",8,-1,-1,PA,2025-06-10,84,False,188887,Duelo,2024-11-07,0.641,0.657,11,-8.338,0,0.218,0.538,0.0,0.106,0.411,100.016,4
3XRcKdimtI5CXVmQhwbLOJ,CUBANA,Valentino GRM,9,-1,3,PA,2025-06-10,54,True,180000,CUBANA,2025-05-22,0.672,0.528,1,-5.141,1,0.323,0.561,3.68e-05,0.146,0.397,87.401,4
61C7zXd4t2Zuhz6DRwgsLM,Volver,"Piso 21, Marc Anthony, Beéle",10,-1,0,PA,2025-06-10,85,False,232149,Volver,2025-02-06,0.478,0.793,11,-4.449,1,0.387,0.235,0.0,0.146,0.604,92.294,4
27xkOIER6uDLKALIelHylZ,Don’t Say You Love Me,Jin,11,0,0,PA,2025-06-10,92,False,180716,Echo,2025-05-16,0.729,0.562,8,-5.49,1,0.0304,0.484,0.0,0.105,0.757,111.976,4
3UB1zEUQBh9Ff1emup6gvW,Woy,"Josuan, Eshconinco",12,0,38,PA,2025-06-10,48,False,204190,Woy,2025-05-26,0.718,0.575,6,-6.681,1,0.0883,0.659,0.000131,0.184,0.523,86.957,4
4zbEItKoaRId1vRZkoO0Uh,Imagínate,"Danny Ocean, Kapo",13,0,5,PA,2025-06-10,88,False,170365,Imagínate,2024-11-07,0.779,0.737,11,-4.667,1,0.109,0.134,0.0,0.0974,0.445,101.923,4
5FLzweTtgQurkLPs0E7uEO,Priti,"Danny Ocean, Sech",14,0,-5,PA,2025-06-10,87,False,130968,Priti,2025-03-20,0.8,0.681,9,-7.307,1,0.0499,0.163,0.0,0.101,0.523,121.915,4
6OCNg7QchXJMww1LHMjIzb,Hiekka,"Nicky Jam, Beéle",15,3,1,PA,2025-06-10,86,False,213333,Hiekka,2025-05-02,0.724,0.726,4,-4.077,0,0.0416,0.0451,0.0,0.12,0.332,107.865,4
18m5dJOPB2geFwOymXNaWg,AURORA,"Mora, De La Rose",16,4,-8,PA,2025-06-10,85,True,192853,LO MISMO DE SIEMPRE,2025-05-18,0.595,0.761,11,-4.966,0,0.042,0.592,0.0,0.202,0.367,111.926,4
4DnrAI8WyUY6gkOwl8GlPN,capaz (merengueton),"Alleh, Yorghaki",17,-2,3,PA,2025-06-10,90,False,173858,LA CIUDAD,2024-12-24,0.872,0.614,3,-5.618,0,0.181,0.0815,0.000207,0.135,0.785,126.957,4
1i1n7hUzCDkXGFqIJSSzom,frente al mar,Beéle,18,-2,-3,PA,2025-06-10,78,False,165178,BORONDO,2025-05-15,0.75,0.682,10,-3.825,1,0.0945,0.168,1.28e-06,0.112,0.618,100.036,4
2lTm559tuIvatlT1u0JYG2,BAILE INoLVIDABLE,Bad Bunny,19,-2,-6,PA,2025-06-10,96,True,367725,DeBÍ TiRAR MáS FOToS,2025-01-05,0.168,0.00332,10,-46.113,1,0.0615,0.192,0.79,0.112,0.219,119.387,3
2BvPMS2XWfnCpHHvWeOyeC,DETRÁS DE TU ALMA,Mora,20,3,-3,PA,2025-06-10,83,True,237000,LO MISMO DE SIEMPRE,2025-05-18,0.433,0.733,4,-5.54,0,0.128,0.503,0.0,0.244,0.263,89.405,4
7d6yK8v8J484SWH5prIQiE,VeLDÁ,"Bad Bunny, Omar Courtz, Dei V",21,0,0,PA,2025-06-10,92,True,235336,DeBÍ TiRAR MáS FOToS,2025-01-05,0.613,0.981,1,-18.638,1,0.149,0.29,0.0023,0.437,0.0337,101.852,3
1k7wYVm9FBqRIdG5zSdXxE,Si Te Vas,"BARBEL, Yemil, Focking Rafita, BCA, Sech, Jorkan, Tachi, Valentino GRM, Eiby, Kaih, Justin Quiles",22,-3,-8,PA,2025-06-10,60,True,365842,Si Te Vas,2025-04-18,0.732,0.794,5,-2.827,0,0.109,0.221,0.0,0.381,0.639,95.012,4
4MUrUT38U98olfnyzMBCzm,KLOuFRENS,Bad Bunny,23,-1,5,PA,2025-06-10,90,True,199114,DeBÍ TiRAR MáS FOToS,2025-01-05,0.326,0.125,1,-32.45,1,0.148,0.703,0.706,0.18,0.306,106.974,4
43J20QsNeYhG23RcLHIGIn,Korazong,Kapo,24,20,26,PA,2025-06-10,65,False,174048,Korazong,2025-06-05,0.916,0.532,4,-8.82,1,0.0807,0.506,0.0191,0.103,0.834,102.021,4
2BE1Q5N4Enl1eRrM82uzsu,Solcito,"Miguel Bueno, Juan Duque",25,-1,-3,PA,2025-06-10,87,False,144000,Solcito,2025-03-13,0.762,0.57,11,-6.598,1,0.0707,0.674,0.0,0.315,0.734,100.015,4
6J5kc12BW5HuP3d7C3vvx8,EoO,Bad Bunny,26,1,-1,PA,2025-06-10,94,True,204768,DeBÍ TiRAR MáS FOToS,2025-01-05,0.36,0.464,10,-29.598,0,0.0702,0.749,0.859,0.0825,0.184,63.662,4
3sK8wGT43QFpWrvNQsrQya,DtMF,Bad Bunny,27,-2,0,PA,2025-06-10,97,True,237117,DeBÍ TiRAR MáS FOToS,2025-01-05,0.625,0.131,7,-27.405,0,0.0717,0.177,0.218,0.0807,0.032,136.02,4
51YOvMn0xShoUKDdPecFbb,morena (Bonus Track),Beéle,28,3,1,PA,2025-06-10,75,False,188930,BORONDO,2025-05-15,0.737,0.682,9,-6.149,1,0.13,0.155,0.0,0.227,0.676,104.107,4
4feh4Ak3ZJfC6ibxkNzlkE,orióN,"Boza, ELENA ROSE",29,1,3,PA,2025-06-10,76,False,240964,SAN BLAS,2025-04-23,0.857,0.705,1,-4.775,1,0.183,0.322,0.00249,0.197,0.875,105.011,4
63GtSPbCOhcpt3kUqx3DnT,Psicólogo,Valentino GRM,30,-4,1,PA,2025-06-10,55,False,220000,Psicólogo,2025-04-15,0.7,0.684,0,-5.483,0,0.458,0.149,0.0074,0.0392,0.808,112.073,5
49MGvf2N9WkcZV2bwUj3XO,Benjamin,"Don Pablo Mures, Yemil, El Boys C",31,-3,-1,PA,2025-06-10,55,False,251428,Benjamin,2025-02-17,0.551,0.83,11,-4.846,0,0.244,0.424,0.0123,0.341,0.602,103.987,4
3jAshemiRYWukWLtT3Ivrb,SOLEAO,"Myke Towers, Quevedo",32,0,13,PA,2025-06-10,82,False,218305,SOLEAO,2025-05-29,0.738,0.606,5,-5.175,0,0.0603,0.253,1.11e-05,0.105,0.628,104.131,4
2yZxiXTqVtfLsGxHuDZqDI,SI TE PEGO - Remix,"Valentino GRM, JEYSON, Yemil, Akim, Don Pablo Mures, SMILE BEATS",33,-4,-7,PA,2025-06-10,56,True,314000,SI TE PEGO (Remix),2025-02-23,0.861,0.652,5,-7.65,0,0.343,0.172,0.0,0.793,0.794,104.722,4
5Ny4ZC20IKrNwlRdRK3cEi,Super Bowl,"Don Pablo Mures, LH, JEYSON, Yemil, Danny Yash, Quimico Ultra Mega, K4G",34,-1,16,PA,2025-06-10,47,True,264902,Super Bowl,2025-05-22,0.673,0.883,4,-2.591,0,0.248,0.235,0.0,0.879,0.528,104.903,4
4Hkp1TiYqGYhknFwtUsbqd,ME GUSTAS CC,ROA,35,10,11,PA,2025-06-10,79,True,173573,Private Suite (Vol. 2),2024-12-13,0.337,0.818,5,-5.261,0,0.149,0.303,0.000159,0.111,0.457,87.429,5
59D4DOkspUbWyMmbAPQkxZ,VOY A LLeVARTE PA PR,Bad Bunny,36,-2,-3,PA,2025-06-10,93,True,156364,DeBÍ TiRAR MáS FOToS,2025-01-05,0.148,0.604,7,-35.032,1,0.0588,0.921,0.453,0.405,1e-05,106.295,3
5QjmUqgpPQgXgg4606DqZF,UWAIE,Kapo,37,0,-2,PA,2025-06-10,85,False,172427,UWAIE,2024-08-15,0.705,0.783,9,-4.783,0,0.0403,0.138,0.0,0.0984,0.454,103.001,4
6xjW0WgfQLNunLGTSwZ5hA,i miss you,Beéle,38,5,0,PA,2025-06-10,71,False,173529,BORONDO,2025-05-15,0.511,0.549,10,-4.845,0,0.0788,0.156,0.0,0.213,0.108,124.041,5
7bywjHOc0wSjGGbj04XbVi,LUNA,"Feid, ATL Jacob",39,1,1,PA,2025-06-10,89,False,196800,FERXXOCALIPSIS,2023-12-01,0.774,0.86,7,-2.888,0,0.13,0.131,0.0,0.116,0.446,100.019,4
10MpBpx64MNixmUMNj7f6b,LATINA FOREVA,KAROL G,40,-4,-17,PA,2025-06-10,88,True,159452,LATINA FOREVA,2025-05-22,0.806,0.715,1,-3.539,0,0.0538,0.0115,0.0,0.0756,0.5,97.936,4
6WatFBLVB0x077xWeoVc2k,Si Antes Te Hubiera Conocido,KAROL G,41,-6,-7,PA,2025-06-10,94,False,195824,Si Antes Te Hubiera Conocido,2024-06-21,0.924,0.668,11,-6.795,1,0.0469,0.446,0.000594,0.0678,0.787,128.027,4
31we7ZzWdSBEOKs5Ln6QVF,NUBES,"De La Rose, Omar Courtz",42,-3,-3,PA,2025-06-10,85,True,271801,NUBES,2025-04-03,0.657,0.666,7,-3.786,1,0.0302,0.243,0.0,0.101,0.19,99.945,4
1o4xkdBe0RjSf2u6VXi4OI,444,"Yan Block, Panda Black",43,6,-6,PA,2025-06-10,85,True,175280,444,2024-04-04,0.435,0.61,1,-8.114,0,0.0895,0.152,1.21e-05,0.142,0.22,118.653,5
1YYfyJ2yCvGFCxwjsIqEK9,Khé?,"Rauw Alejandro, Romeo Santos",44,-2,3,PA,2025-06-10,88,False,206066,Cosa Nuestra,2024-11-15,0.687,0.627,7,-4.975,1,0.181,0.326,0.0,0.0893,0.47,155.865,4
5TFD2bmFKGhoCRbX61nXY5,NUEVAYoL,Bad Bunny,45,-7,-9,PA,2025-06-10,94,False,183685,DeBÍ TiRAR MáS FOToS,2025-01-05,0.142,0.195,6,-20.024,1,0.139,0.265,0.995,0.204,0.12,137.922,4
5DdLSEyKh8zgCrJq2hFj92,Yo sé,"Yan Block, TORRRES",46,1,4,PA,2025-06-10,86,True,129705,Yo sé,2024-05-23,0.716,0.462,5,-9.847,0,0.128,0.68,0.0,0.132,0.626,136.045,4
0l0vcZMU7AOeQmUIREoI2U,Qué Pasaría...,"Rauw Alejandro, Bad Bunny",47,3,1,PA,2025-06-10,91,True,191018,Cosa Nuestra,2024-11-15,0.833,0.563,4,-5.593,0,0.204,0.528,1.27e-05,0.139,0.343,105.008,4
7Jw88gAPxTaM8GWMAJV97A,QUE ME PEGUE +,"Farah, Don Pablo Mures, Italian Somali",48,0,2,PA,2025-06-10,44,False,159183,QUE ME PEGUE +,2025-05-26,0.804,0.602,10,-6.431,1,0.0568,0.798,0.0,0.612,0.522,98.004,4
3Ob9NJaBlOGDvndnG6G2PW,MÁS QUE ALGO,"Mora, Omar Courtz",49,1,-25,PA,2025-06-10,82,True,242306,LO MISMO DE SIEMPRE,2025-05-18,0.564,0.619,7,-6.331,1,0.0495,0.737,0.0,0.122,0.403,103.05,4
71LrvCBBn4q500OuayF7OK,FAVELA,"Valentino GRM, SMILE BEATS",50,-9,-6,PA,2025-06-10,56,True,183958,FAVELA,2024-08-21,0.688,0.755,8,-5.914,1,0.198,0.293,0.0,0.484,0.377,105.998,4
2RkZ5LkEzeHGRsmDqKwmaJ,Ordinary,Alex Warren,1,0,0,NZ,2025-06-10,95,False,186964,"You'll Be Alright, Kid (Chapter 1)",2024-09-26,0.368,0.694,2,-6.141,1,0.06,0.704,6.59e-06,0.055,0.391,168.115,3
0FTmksd2dxiE5e3rWyJXs6,back to friends,sombr,2,0,1,NZ,2025-06-10,98,False,199032,back to friends,2024-12-27,0.436,0.723,1,-2.291,1,0.0301,9.37e-05,8.82e-05,0.0929,0.235,92.855,4
42UBPzRMh5yyz0EDPr6fr1,Manchild,Sabrina Carpenter,3,2,47,NZ,2025-06-10,87,True,213645,Manchild,2025-06-05,0.731,0.685,7,-5.087,1,0.0572,0.122,0.0,0.317,0.811,123.01,4
4AajxCEwGEsmHmT4H1TwjY,undressed,sombr,4,-1,-2,NZ,2025-06-10,96,False,182088,undressed,2025-03-21,0.642,0.887,0,-3.883,1,0.0406,0.137,0.0,0.0829,0.888,115.999,4
4WFgvKVfEhb3IUAFGrutTR,Love Me Not,Ravyn Lenae,5,-1,-1,NZ,2025-06-10,90,False,213466,Bird's Eye,2024-08-09,0.779,0.731,0,-6.176,1,0.0306,0.296,0.0,0.128,0.814,114.001,4
0ofHAoxe9vBkTCp2UQIavz,Dreams - 2004 Remaster,Fleetwood Mac,6,0,-1,NZ,2025-06-10,91,False,257800,Rumours (Super Deluxe),1977-02-04,0.828,0.492,0,-9.744,1,0.0276,0.0644,0.00428,0.128,0.789,120.151,4
2yWlGEgEfPot0lv3OAjuG3,Just Keep Watching (From F1® The Movie),"Tate McRae, F1 The Album",7,0,7,NZ,2025-06-10,90,False,142550,Just Keep Watching (From F1® The Movie),2025-05-30,0.656,0.796,9,-5.856,0,0.113,0.0767,0.0,0.509,0.425,129.956,4
17phhZDn6oGtzMe56NuWvj,Lose Control,Teddy Swims,8,1,-1,NZ,2025-06-10,92,False,210688,I've Tried Everything But Therapy (Part 1),2023-09-15,0.561,0.604,9,-4.409,1,0.0337,0.199,1.9e-05,0.104,0.242,159.92,3
6dOtVTDdiauQNBQEDOtlAB,BIRDS OF A FEATHER,Billie Eilish,9,-1,-3,NZ,2025-06-10,100,False,210373,HIT ME HARD AND SOFT,2024-05-17,0.747,0.507,2,-10.171,1,0.0358,0.2,0.0608,0.117,0.438,104.978,4
2CGNAOSuO1MEFCbBRgUzjd,luther (with sza),"Kendrick Lamar, SZA",10,1,-1,NZ,2025-06-10,92,False,177598,GNX,2024-11-21,0.707,0.575,2,-7.546,1,0.125,0.251,0.0,0.248,0.576,138.008,4
7so0lgd0zP2Sbgs2d7a1SZ,Die With A Smile,"Lady Gaga, Bruno Mars",11,-1,-3,NZ,2025-06-10,91,False,251667,MAYHEM,2025-03-07,0.519,0.601,6,-7.727,0,0.0317,0.289,0.0,0.126,0.498,157.964,3
2FAZskT9yRjp2Oow9szJD8,The Days - NOTION Remix,"Chrystal, NOTION",12,3,3,NZ,2025-06-10,92,False,233229,The Days (NOTION Remix),2024-11-08,0.62,0.843,6,-5.321,0,0.0844,0.0062,4.63e-06,0.55,0.237,137.812,4
6Qyc6fS4DsZjB2mRW9DsQs,Iris,The Goo Goo Dolls,13,-1,0,NZ,2025-06-10,94,False,289533,Dizzy up the Girl,1998-01-01,0.315,0.715,11,-8.072,0,0.0362,0.00125,7.97e-06,0.0942,0.497,155.925,3
0qmhTHMVxnXRmT5N92wTD9,Bloodline (with Jelly Roll),"Alex Warren, Jelly Roll",14,2,-4,NZ,2025-06-10,90,False,182008,Bloodline (with Jelly Roll),2025-05-22,0.621,0.779,4,-6.346,0,0.056,0.255,0.0,0.0683,0.513,127.925,4
3xkHsmpQCBMytMJNiDf3Ii,Beautiful Things,Benson Boone,15,-1,-3,NZ,2025-06-10,93,False,180304,Fireworks & Rollerblades,2024-04-05,0.472,0.471,10,-5.692,1,0.0603,0.151,0.0,0.14,0.219,105.029,3
4wJ5Qq0jBN4ajy7ouZIV1c,APT.,"ROSÉ, Bruno Mars",16,-3,-5,NZ,2025-06-10,89,False,169917,rosie,2024-12-06,0.777,0.783,0,-4.477,0,0.26,0.0283,0.0,0.355,0.939,149.027,4
2u9S9JJ6hTZS3Vf22HOZKg,NOKIA,Drake,17,5,-1,NZ,2025-06-10,94,True,241023,$ome $exy $ongs 4 U,2025-02-14,0.537,0.727,5,-4.184,1,0.15,0.247,0.0,0.173,0.508,106.037,4
35ISBknsCeZQtq66xABI9g,Messy,Lola Young,18,3,3,NZ,2025-06-10,89,True,284066,This Wasn't Meant For You Anyway,2024-06-21,0.798,0.562,9,-5.913,1,0.0375,0.11,0.00606,0.122,0.647,110.991,4
221eHga9f9Ne4f8D7WVgPT,Mystical Magical,Benson Boone,19,-2,0,NZ,2025-06-10,92,False,165746,Mystical Magical,2025-04-24,0.671,0.697,11,-3.851,1,0.116,0.19,0.0,0.393,0.848,119.867,4
21IYMdzTrzSe191Cy5eMap,Sailor Song,Gigi Perez,20,-2,-3,NZ,2025-06-10,89,False,211978,"At The Beach, In Every Life",2025-04-25,0.499,0.392,11,-10.441,1,0.0262,0.627,7.1e-05,0.192,0.272,95.076,4
04emojnbYkrRmv5qtJcgVP,What I Want (feat. Tate McRae),"Morgan Wallen, Tate McRae",21,2,2,NZ,2025-06-10,92,False,184517,I’m The Problem,2025-05-16,0.657,0.699,9,-3.92,1,0.0262,0.639,0.0,0.148,0.495,115.998,4
6393yGahSJ9slVdOwSxOVR,Pink Pony Club,Chappell Roan,22,-2,-2,NZ,2025-06-10,88,False,258034,The Rise and Fall of a Midwest Princess,2023-09-21,0.61,0.65,6,-6.199,1,0.0474,0.399,0.0,0.11,0.507,106.719,4
7ne4VBA60CxGM75vw0EYad,That’s So True,Gracie Abrams,23,-4,-5,NZ,2025-06-10,96,True,166300,The Secret of Us (Deluxe),2024-10-18,0.554,0.808,1,-4.169,1,0.0368,0.214,0.0,0.159,0.372,108.548,4
5fZJQrFKWQLb7FpJXZ1g7K,A Bar Song (Tipsy),Shaboozey,24,0,-2,NZ,2025-06-10,86,True,171291,"Where I've Been, Isn't Where I'm Going",2024-05-31,0.722,0.706,9,-4.857,1,0.0292,0.072,0.0,0.067,0.599,80.969,4
3GCdLUSnKSMJhs4Tj6CV3s,All The Stars (with SZA),"Kendrick Lamar, SZA",25,3,2,NZ,2025-06-10,94,True,232186,Black Panther The Album Music From And Inspired By,2018-02-09,0.695,0.633,8,-4.946,1,0.0599,0.0612,0.000195,0.0926,0.557,96.782,4
2RdEC8Ff83WkX7kDVCHseE,party 4 u,Charli xcx,26,3,3,NZ,2025-06-10,93,False,296653,how i'm feeling now,2020-05-15,0.579,0.522,1,-8.393,1,0.0993,0.761,1.41e-05,0.655,0.245,79.453,4
19XpFsce28aByvCC4g89tJ,Too Sweet,Hozier,27,3,-1,NZ,2025-06-10,87,False,251424,Unreal Unearth: Unaired,2024-08-19,0.74,0.643,10,-5.446,1,0.0413,0.041,0.00229,0.0407,0.96,117.025,4
3QaPy1KgI7nu9FJEQUgn6h,WILDFLOWER,Billie Eilish,28,-2,0,NZ,2025-06-10,96,False,261466,HIT ME HARD AND SOFT,2024-05-17,0.467,0.247,6,-12.002,0,0.0431,0.612,0.000271,0.17,0.126,148.101,4
0QCIpQV3twfqo9kh0t8Zza,Shake It To The Max (FLY) - Remix,"MOLIY, Silent Addy, Skillibeng, Shenseea",29,3,2,NZ,2025-06-10,93,True,178775,Shake It To The Max (FLY) (Remix),2025-02-21,0.856,0.548,0,-6.609,0,0.123,0.561,0.0,0.155,0.562,97.997,4
7gKxCvTDWwV9wBhdeBbr3l,Nice To Each Other,Olivia Dean,30,20,20,NZ,2025-06-10,78,False,209000,Nice To Each Other,2025-05-30,0.761,0.737,0,-6.869,1,0.049,0.406,0.00166,0.364,0.738,131.998,4
7u7IqryLFAygWFz6bsEB7y,Blue Strips,Jessie Murph,31,0,11,NZ,2025-06-10,89,False,147209,Blue Strips,2025-04-11,0.646,0.653,1,-4.132,1,0.0392,0.294,0.0,0.0968,0.235,133.936,4
3BntzKsnLf2pc0dsvE3Zav,Bad Dreams,Teddy Swims,32,-7,-8,NZ,2025-06-10,89,False,184577,I've Tried Everything But Therapy (Part 2),2025-01-24,0.707,0.68,8,-6.203,1,0.0884,0.274,0.0,0.0932,0.62,125.058,4
6KFQdIB3njXBQNcg1xUh9U,One Thing,Lola Young,33,5,17,NZ,2025-06-10,86,True,208829,One Thing,2025-05-16,0.751,0.663,5,-6.456,0,0.0443,0.0875,0.0143,0.091,0.921,98.029,4
5e9TFTbltYBg2xThimr0rU,The Chain - 2004 Remaster,Fleetwood Mac,34,0,1,NZ,2025-06-10,87,False,270213,Rumours (Super Deluxe),1977-02-04,0.545,0.67,9,-8.81,1,0.0496,0.009,0.000822,0.0451,0.481,151.553,4
7B3BwNecBhKvNwSMOOl7Gk,Fame is a Gun,Addison Rae,35,-2,15,NZ,2025-06-10,73,False,183237,Addison,2025-06-06,0.692,0.399,3,-7.325,0,0.035,0.165,0.00109,0.1,0.411,137.976,4
2HRqTpkrJO5ggZyyK6NPWz,Espresso,Sabrina Carpenter,36,0,3,NZ,2025-06-10,91,True,175459,Short n' Sweet,2024-08-23,0.699,0.776,0,-5.282,1,0.0293,0.131,5.36e-06,0.205,0.708,103.963,4
1KZG1H1OCugGqIRmk1wF9m,Indigo (feat. Avery Anna),"Sam Barber, Avery Anna",37,0,0,NZ,2025-06-10,87,False,286634,Restless Mind,2024-11-01,0.495,0.327,4,-9.921,0,0.0281,0.462,2.74e-05,0.1,0.101,82.937,3
1wOp7yTVyH176bW1z9WAiv,Carry You Home,Alex Warren,38,-11,-8,NZ,2025-06-10,88,False,166880,"You'll Be Alright, Kid (Chapter 1)",2024-09-26,0.525,0.66,10,-7.094,1,0.111,0.468,3.3e-06,0.128,0.458,123.787,4
003vvx7Niy0yvhvHt4a68B,Mr. Brightside,The Killers,39,7,1,NZ,2025-06-10,90,False,222973,Hot Fuss,2004-01-01,0.352,0.911,1,-5.23,1,0.0747,0.00121,0.0,0.0995,0.236,148.033,4
2uvE4L5ZsYKpv8hbK4TIOt,MUTT,Leon Thomas,40,0,-7,NZ,2025-06-10,85,True,192933,MUTT,2024-09-27,0.572,0.455,1,-8.078,1,0.134,0.216,3.88e-06,0.072,0.597,179.787,4
5UJbgR4XF4y1DvbkxEqe8S,Sports car,Tate McRae,41,3,-5,NZ,2025-06-10,89,False,165045,So Close To What,2025-02-20,0.861,0.815,11,-3.672,0,0.0349,0.0505,0.00139,0.1,0.886,106.978,4
37Tmv4NnfQeb0ZgUC4fOJj,Sultans Of Swing,Dire Straits,42,-3,-8,NZ,2025-06-10,86,False,348400,Dire Straits,1978-10-07,0.733,0.794,5,-10.023,1,0.0307,0.0614,0.0367,0.33,0.931,148.174,4
254bXAqt3zP6P50BdQvEsq,Everywhere - 2017 Remaster,Fleetwood Mac,43,2,6,NZ,2025-06-10,85,False,226653,Tango In the Night (Deluxe Edition),1987-04-13,0.73,0.487,4,-10.991,1,0.0303,0.258,0.01,0.0852,0.731,114.965,4
5IZXB5IKAD2qlvTPJYDCFB,I Had Some Help (Feat. Morgan Wallen),"Post Malone, Morgan Wallen",44,-1,1,NZ,2025-06-10,88,True,178205,F-1 Trillion,2024-08-15,0.644,0.874,0,-4.723,1,0.0265,0.0113,0.0,0.227,0.753,128.017,4
0WbMK4wrZ1wFSty9F7FCgu,"Good Luck, Babe!",Chappell Roan,45,3,-2,NZ,2025-06-10,94,False,218423,"Good Luck, Babe!",2024-04-05,0.7,0.582,11,-5.96,0,0.0356,0.0502,0.0,0.0881,0.785,116.712,4
3fqwjXwUGN6vbzIwvyFMhx,Tennessee Whiskey,Chris Stapleton,46,3,-14,NZ,2025-06-10,87,False,293293,Traveller,2015-05-04,0.392,0.37,9,-10.888,1,0.0298,0.205,0.0096,0.0821,0.512,48.718,4
541sN2qNfIlllGn9nGOQoC,Revolving door,Tate McRae,47,-6,-9,NZ,2025-06-10,91,True,180032,So Close To What,2025-02-21,0.452,0.737,6,-6.22,1,0.27,0.354,0.0,0.105,0.179,147.822,4
2fuYa3Lx06QQJAm0MjztKr,Let Down,Radiohead,48,2,2,NZ,2025-06-10,88,False,299560,OK Computer,1997-05-28,0.351,0.676,9,-9.017,1,0.0313,0.000121,0.113,0.18,0.143,102.46,4
5G2f63n7IPVPPjfNIGih7Q,Taste,Sabrina Carpenter,49,-7,1,NZ,2025-06-10,91,False,157279,Short n' Sweet,2024-08-23,0.674,0.907,3,-4.086,1,0.064,0.101,0.0,0.297,0.721,112.964,4
3WMj8moIAXJhHsyLaqIIHI,Something in the Orange,Zach Bryan,50,-3,-9,NZ,2025-06-10,87,False,228013,Something in the Orange,2022-04-22,0.369,0.192,4,-12.151,0,0.04,0.555,8.35e-06,0.0954,0.148,175.212,3
2p4HaYc7zQLWXrf4gHIrnf,Falle og slå seg,Ari Bajgora,1,0,0,NO,2025-06-10,68,True,189440,"Valget å gå, og vi gikk",2025-05-28,0.64,0.502,5,-7.125,0,0.0529,0.382,0.0,0.0932,0.657,102.047,4
2RkZ5LkEzeHGRsmDqKwmaJ,Ordinary,Alex Warren,2,0,1,NO,2025-06-10,95,False,186964,"You'll Be Alright, Kid (Chapter 1)",2024-09-26,0.368,0.694,2,-6.141,1,0.06,0.704,6.59e-06,0.055,0.391,168.115,3
2HrQbrT7N3VcV3PmZIy9Wq,Alle vil til himmelen,"Emma Steinbakken, Synne Vo",3,0,-1,NO,2025-06-10,65,False,145733,Alle vil til himmelen,2025-05-30,0.611,0.748,11,-5.909,0,0.166,0.229,0.0,0.142,0.45,101.043,4
1Ia7Mk2djngsXBlVWf28NJ,Misforstått,Streetboys,4,0,3,NO,2025-06-10,62,False,138000,Misforstått,2025-05-30,0.576,0.799,6,-5.013,0,0.0434,0.00246,1.04e-06,0.414,0.484,99.98,4
6kHrtlTkNbQl0cD6I6t7pC,Alt du trenger,Ari Bajgora,5,3,3,NO,2025-06-10,63,True,251213,"Valget å gå, og vi gikk",2025-05-28,0.57,0.678,11,-6.527,0,0.171,0.342,0.0,0.183,0.476,99.997,4
5EvBoKgVNrMp3NNSSaLqFB,Putt Diamanter Opp,"Amara, Chris Abolade",6,-1,-1,NO,2025-06-10,63,True,162651,Skrubbsår og Skallebank 2,2025-05-30,0.76,0.681,11,-5.719,0,0.222,0.226,0.0,0.399,0.756,91.016,4
5xsHQu1SXYS6DYOJwIWhSC,Svagare än jag,Ida-Lova,7,-1,-3,NO,2025-06-10,77,False,187076,Svagare än jag,2025-04-11,0.404,0.683,1,-6.969,1,0.0594,0.302,0.0,0.318,0.661,162.091,4
3EG3vnspSaUzPDHDF1m33l,Ka visste eg,Tobias Sten,8,-1,3,NO,2025-06-10,68,False,233500,Tobias Sten,2025-05-09,0.47,0.685,0,-6.494,1,0.037,0.138,0.0,0.0791,0.69,180.083,4
42UBPzRMh5yyz0EDPr6fr1,Manchild,Sabrina Carpenter,9,2,41,NO,2025-06-10,87,True,213645,Manchild,2025-06-05,0.731,0.685,7,-5.087,1,0.0572,0.122,0.0,0.317,0.811,123.01,4
6eIzQCYExfnNeM7KOlE3lE,Bara Bada Bastu,KAJ,10,-1,3,NO,2025-06-10,75,False,166880,Sauna Collection,2025-05-09,0.757,0.889,9,-4.729,0,0.0788,0.0754,2.32e-05,0.0397,0.754,106.037,4
73w95wSsGRANVc3RyGITRP,Eli,Tobias Sten,11,-1,-1,NO,2025-06-10,63,False,205454,Tobias Sten,2025-05-09,0.608,0.664,10,-5.914,1,0.0339,0.259,0.0,0.0975,0.213,132.033,4
2yWlGEgEfPot0lv3OAjuG3,Just Keep Watching (From F1® The Movie),"Tate McRae, F1 The Album",12,0,2,NO,2025-06-10,90,False,142550,Just Keep Watching (From F1® The Movie),2025-05-30,0.656,0.796,9,-5.856,0,0.113,0.0767,0.0,0.509,0.425,129.956,4
0XX70hZPPFTnPQRL7NlWYO,SKJORTE & SLIPS,Ramón,13,1,-7,NO,2025-06-10,62,False,182769,SKJORTE & SLIPS,2025-05-30,0.706,0.691,11,-6.469,1,0.0333,0.0135,0.000503,0.106,0.747,129.913,4
1KtiKEGGrhnNqGN7Hc84qb,Ekko,"Golfklubb, Olivia Lobato",14,1,-5,NO,2025-06-10,72,True,156035,Ekko,2025-05-09,0.696,0.671,1,-10.375,0,0.133,0.144,0.0,0.185,0.495,140.06,4
4AajxCEwGEsmHmT4H1TwjY,undressed,sombr,15,-2,-3,NO,2025-06-10,96,False,182088,undressed,2025-03-21,0.642,0.887,0,-3.883,1,0.0406,0.137,0.0,0.0829,0.888,115.999,4
0AMoopn68aGAAaJ9qFXPnX,Lighter,Kyle Alessandro,16,1,3,NO,2025-06-10,83,False,175853,Lighter,2025-01-24,0.704,0.657,2,-3.79,0,0.0601,0.0115,0.0,0.268,0.561,105.088,4
4zpNfuWJA3K4d9TS4qnOIB,Espresso Macchiato,Tommy Cash,17,33,33,NO,2025-06-10,84,False,173746,Espresso Macchiato,2024-12-07,0.682,0.699,4,-6.168,0,0.045,0.0116,9.82e-06,0.135,0.697,119.889,4
2IdIiiNX7SpQO9WW77aZPx,Birra,"Fjellrev, Kudos",18,0,-3,NO,2025-06-10,69,True,113400,Birra,2025-04-30,0.609,0.824,1,-3.983,0,0.108,0.335,0.0,0.129,0.868,149.863,4
5TrYG1brmOJcqtOFXhLaMm,Overfladisk,Bausa,19,0,-2,NO,2025-06-10,68,True,178666,Overfladisk,2025-03-28,0.645,0.559,5,-10.405,0,0.0766,0.0478,1.47e-05,0.123,0.526,90.061,4
7v9T6N0q35ZwpqdN7Ln2xs,Friskis,"Kjartan Lauritzen, Astrid S, Hver gang vi møtes",20,0,0,NO,2025-06-10,66,False,168774,Friskis,2025-02-14,0.802,0.797,2,-4.456,1,0.0325,0.0451,0.000203,0.212,0.892,126.986,4
65kF2jDvLKN7OSfpb8glPk,Hvis jeg kunne fly,Ari Bajgora,21,4,4,NO,2025-06-10,59,True,208280,"Valget å gå, og vi gikk",2025-05-28,0.623,0.821,9,-6.946,0,0.0761,0.524,0.0,0.197,0.755,160.036,4
0FTmksd2dxiE5e3rWyJXs6,back to friends,sombr,22,-1,1,NO,2025-06-10,98,False,199032,back to friends,2024-12-27,0.436,0.723,1,-2.291,1,0.0301,9.37e-05,8.82e-05,0.0929,0.235,92.855,4
0Ut7eeI3sDP23XOIponRFk,Koster å være kar,Ari Bajgora,23,5,-2,NO,2025-06-10,60,True,185346,"Valget å gå, og vi gikk",2025-05-28,0.839,0.867,0,-4.38,1,0.202,0.229,1.18e-05,0.0721,0.633,105.014,4
4wJ5Qq0jBN4ajy7ouZIV1c,APT.,"ROSÉ, Bruno Mars",24,-1,7,NO,2025-06-10,89,False,169917,rosie,2024-12-06,0.777,0.783,0,-4.477,0,0.26,0.0283,0.0,0.355,0.939,149.027,4
4WFgvKVfEhb3IUAFGrutTR,Love Me Not,Ravyn Lenae,25,-3,8,NO,2025-06-10,90,False,213466,Bird's Eye,2024-08-09,0.779,0.731,0,-6.176,1,0.0306,0.296,0.0,0.128,0.814,114.001,4
0qmhTHMVxnXRmT5N92wTD9,Bloodline (with Jelly Roll),"Alex Warren, Jelly Roll",26,-2,-10,NO,2025-06-10,90,False,182008,Bloodline (with Jelly Roll),2025-05-22,0.621,0.779,4,-6.346,0,0.056,0.255,0.0,0.0683,0.513,127.925,4
2a6YR0c3awqx6OIQekVmZe,Kanskje til nytte,Ari Bajgora,27,7,-3,NO,2025-06-10,60,True,271240,"Valget å gå, og vi gikk",2025-05-28,0.571,0.592,6,-10.216,1,0.137,0.694,0.0,0.651,0.699,101.532,4
5E5GQ6dnxc5PpvMcN9U3fX,hvem kan seile foruten vind?,"lille Caesar, Tobias Sten",28,-1,2,NO,2025-06-10,63,False,203693,LENGE LEVE LIVET,2025-03-21,0.229,0.528,9,-7.114,0,0.0336,0.524,0.0,0.164,0.234,80.169,3
0GRc3eGTg8HBdWLRGYgqIc,Azizam,Ed Sheeran,29,0,-2,NO,2025-06-10,92,False,162029,Azizam,2025-04-04,0.663,0.899,6,-5.103,1,0.0473,0.00255,0.0,0.065,0.876,127.998,4
2BtcfopAsabwKFovwFyvFk,BASSIANI,Soppgirobygget,30,-4,-4,NO,2025-06-10,71,False,163200,BASSIANI,2025-04-11,0.611,0.96,0,-5.7,0,0.142,0.0309,0.0,0.136,0.624,150.035,4
37p6tirLRljcRz2XhR9G4X,St. Tropez,Bausa,31,-1,-2,NO,2025-06-10,65,True,142660,St. Tropez,2025-05-09,0.785,0.759,9,-8.331,0,0.0786,0.0451,3.55e-05,0.176,0.949,130.008,4
01RdEXps15f3VmQMV6OuTM,Tusen spänn,"Tjuvjakt, Fanny Avonne",32,6,-10,NO,2025-06-10,76,False,190344,Tusen spänn,2025-05-09,0.735,0.653,3,-6.261,1,0.0533,0.36,0.0,0.0791,0.62,116.002,4
2ptL2Lc5oZLGpjUv9rjNek,Stjernestøv,"Ari Bajgora, Jonatan Brox",33,11,2,NO,2025-06-10,58,True,172160,"Valget å gå, og vi gikk",2025-05-28,0.792,0.623,11,-6.497,0,0.0817,0.419,0.00434,0.133,0.551,125.043,4
35ISBknsCeZQtq66xABI9g,Messy,Lola Young,34,-2,3,NO,2025-06-10,89,True,284066,This Wasn't Meant For You Anyway,2024-06-21,0.798,0.562,9,-5.913,1,0.0375,0.11,0.00606,0.122,0.647,110.991,4
3hRV0jL3vUpRrcy398teAU,The Night We Met,Lord Huron,35,15,15,NO,2025-06-10,92,False,208211,Strange Trails,2015-04-06,0.448,0.369,9,-9.514,1,0.0452,0.968,0.272,0.638,0.0998,174.097,3
5ITV0zqzjOYfFWpW0xBmRa,Show Me Love,"WizTheMc, bees & honey",36,-3,3,NO,2025-06-10,94,False,176965,Show Me Love,2025-02-07,0.714,0.691,1,-7.333,1,0.0434,0.0212,0.000292,0.111,0.155,107.15,4
3tgDP0BTRP10i4HkLlAER3,Om,Niklas Strömstedt,37,-2,-5,NO,2025-06-10,72,False,248066,Om,1990-03-05,0.602,0.759,8,-6.646,0,0.0308,0.0406,2.38e-05,0.0975,0.505,88.957,4
57ilwMdNXbsbVaP8GtfEIB,Konfetti,"Molly Sandén, Astrid S",38,1,-10,NO,2025-06-10,69,False,194425,Konfetti,2025-05-23,0.733,0.659,9,-6.202,1,0.0468,0.116,0.0,0.123,0.57,117.95,4
4ADggmM9xpZQd6OMXepjIv,Samma det,Tigergutt101,39,-8,11,NO,2025-06-10,42,False,154042,Like Barn Leker Best,2025-06-06,0.607,0.883,7,-6.237,0,0.0347,0.00905,0.0,0.289,0.911,140.975,3
19188WQf2DrNMfI1XLDnYF,Utested,Ari Bajgora,40,2,10,NO,2025-06-10,60,True,162857,Utested,2024-06-07,0.498,0.515,5,-10.601,1,0.2,0.366,0.0,0.0853,0.273,82.586,4
3xkHsmpQCBMytMJNiDf3Ii,Beautiful Things,Benson Boone,41,-4,3,NO,2025-06-10,93,False,180304,Fireworks & Rollerblades,2024-04-05,0.472,0.471,10,-5.692,1,0.0603,0.151,0.0,0.14,0.219,105.029,3
7b2BJHw0HsBBHdojXWe4fA,Få det på,"Astrid S, Stig Brenner, Hver gang vi møtes",42,8,8,NO,2025-06-10,62,False,199109,Få det på,2025-01-31,0.705,0.678,11,-5.212,1,0.0666,0.0345,2.21e-05,0.242,0.923,147.997,4
7so0lgd0zP2Sbgs2d7a1SZ,Die With A Smile,"Lady Gaga, Bruno Mars",43,-3,0,NO,2025-06-10,91,False,251667,MAYHEM,2025-03-07,0.519,0.601,6,-7.727,0,0.0317,0.289,0.0,0.126,0.498,157.964,3
5bpNC61pnAqXWJg8CLoxhP,Drugs N Love,Roc Boyz,44,-3,-6,NO,2025-06-10,66,True,138187,Drugs N Love,2025-05-23,0.594,0.909,2,-5.711,1,0.0687,0.0446,8.12e-06,0.762,0.597,160.097,4
7px3lmdf4nzNEMt6zaQ5yJ,SAMMEN,"Marstein, Annika",45,-2,5,NO,2025-06-10,68,True,178280,FRIHET I LENKER,2024-10-25,0.65,0.734,3,-6.332,0,0.163,0.243,8.15e-05,0.084,0.339,105.199,4
4qqKLHCbw96XRXX4tBfasV,10 Hoes,Roc Boyz,46,1,-12,NO,2025-06-10,69,True,148750,10 Hoes,2025-04-11,0.62,0.977,8,-2.176,1,0.049,0.0174,0.000168,0.0513,0.485,144.051,4
6ZB1dFgdUW6I9qzW7Oap6o,Idyll,Postgirobygget,47,-2,3,NO,2025-06-10,60,False,203253,Melis,1996-01-01,0.525,0.63,7,-9.245,1,0.0297,0.485,1.83e-05,0.0812,0.535,156.139,4
6kx2yUfhcc372Iknjrx6YK,Galopp,"Coucheron, Stig Brenner, Arif Murakami, May",48,2,-2,NO,2025-06-10,65,False,165785,Galopp,2025-04-11,0.84,0.756,0,-6.452,0,0.0544,0.22,0.0,0.276,0.769,120.003,4
2eT6tyhlP3fTkK4lclgedn,Fredagsbarn,El Papi,49,0,-9,NO,2025-06-10,67,False,190946,Fredagsbarn,2025-05-09,0.624,0.826,3,-6.136,1,0.0329,0.000749,2e-05,0.196,0.694,103.983,4
3BntzKsnLf2pc0dsvE3Zav,Bad Dreams,Teddy Swims,50,-2,-3,NO,2025-06-10,89,False,184577,I've Tried Everything But Therapy (Part 2),2025-01-24,0.707,0.68,8,-6.203,1,0.0884,0.274,0.0,0.0932,0.62,125.058,4
3s4WNh0WnfhwvIlrp6RTBj,ZAAZAA,"Frenna, Shallipopi",1,0,0,NL,2025-06-10,78,False,156080,ZAAZAA,2025-05-22,0.868,0.731,11,-5.949,0,0.0793,0.0744,0.112,0.0808,0.785,117.016,4
2RkZ5LkEzeHGRsmDqKwmaJ,Ordinary,Alex Warren,2,1,0,NL,2025-06-10,95,False,186964,"You'll Be Alright, Kid (Chapter 1)",2024-09-26,0.368,0.694,2,-6.141,1,0.06,0.704,6.59e-06,0.055,0.391,168.115,3
7ps3LdQn8lKdaa2sbIKFTR,Lotje - Lil Kleine Remix,"Roeland Beelen, Lil Kleine",3,-1,47,NL,2025-06-10,67,True,146727,Lotje (Lil Kleine Remix),2025-06-06,0.82,0.934,9,-2.96,0,0.0794,0.0986,0.0,0.0848,0.937,125.957,4
289NOT3DzIaOL5usnMEU4V,Lotje,"Lustrum U.V.S.V./N.V.V.S.U., Jopke van Dobbenburgh, Roeland Beelen",4,0,-1,NL,2025-06-10,74,True,167804,ANNO ONS,2024-07-18,0.784,0.698,9,-7.786,0,0.0511,0.248,1.44e-06,0.146,0.819,122.998,4
7tW2Md8xOwnKPIYhCqPiU4,Echte Liefde Is Te Koop,Samuel Welten,5,0,0,NL,2025-06-10,78,False,152659,Echte Liefde Is Te Koop,2025-03-21,0.469,0.724,1,-7.008,1,0.0526,0.0302,0.0,0.0949,0.501,131.385,4
6zdmJ79GtRfpJJdaDPECYm,Atlas,Pommelien Thijs,6,1,-2,NL,2025-06-10,78,False,180013,Atlas,2025-03-21,0.732,0.558,7,-6.816,1,0.124,0.49,0.0,0.0909,0.637,119.999,4
0fROjdyTv6S6E65qpQfwHa,Ik Zing (feat. Snelle),"Zoë Livay, Snelle",7,2,1,NL,2025-06-10,75,False,174288,Ik Zing (feat. Snelle),2025-03-20,0.573,0.474,5,-7.992,1,0.0303,0.486,3.85e-06,0.091,0.221,96.749,3
4zpNfuWJA3K4d9TS4qnOIB,Espresso Macchiato,Tommy Cash,8,-2,42,NL,2025-06-10,84,False,173746,Espresso Macchiato,2024-12-07,0.682,0.699,4,-6.168,0,0.045,0.0116,9.82e-06,0.135,0.697,119.889,4
0GRc3eGTg8HBdWLRGYgqIc,Azizam,Ed Sheeran,9,2,2,NL,2025-06-10,92,False,162029,Azizam,2025-04-04,0.663,0.899,6,-5.103,1,0.0473,0.00255,0.0,0.065,0.876,127.998,4
2MPWNU7QkwmBNAoHdYLYfW,1+1 (Outside),"Dior, Cristian D",10,-2,-3,NL,2025-06-10,68,True,158132,1+1 (Outside),2025-05-30,0.613,0.661,5,-7.671,0,0.406,0.376,0.0,0.108,0.812,128.701,5
05mRvdy1w3YtLhz2sHYzrB,Mona Lisa,Robert van Hemert,11,-1,8,NL,2025-06-10,72,False,147367,Niet Voor Lief,2025-02-28,0.835,0.732,11,-6.173,1,0.0602,0.0225,0.0,0.246,0.846,110.07,4
16VFlUdJfBnF2UoMgTJIDI,Lichtje Branden,Suzan & Freek,12,0,-6,NL,2025-06-10,70,False,172317,Dromen In Kleur,2021-10-29,0.527,0.231,2,-10.564,1,0.0515,0.911,0.0,0.103,0.306,163.657,4
5ITV0zqzjOYfFWpW0xBmRa,Show Me Love,"WizTheMc, bees & honey",13,2,2,NL,2025-06-10,94,False,176965,Show Me Love,2025-02-07,0.714,0.691,1,-7.333,1,0.0434,0.0212,0.000292,0.111,0.155,107.15,4
1lzzSzBejW6m8UN2PdRsDv,100%,"FLEMMING, Mart Hoogkamer",14,-1,6,NL,2025-06-10,74,False,151493,100%,2025-02-21,0.644,0.906,9,-3.335,1,0.053,0.0578,0.0,0.155,0.496,144.995,4
30k0WUGuf3QCotkXbxnrOx,Hart In Brand,"Froukje, S10",15,-1,-5,NL,2025-06-10,74,True,146400,Hart In Brand,2025-04-22,0.787,0.734,11,-5.058,0,0.0402,0.0601,0.0,0.343,0.947,124.987,4
0b9RNAzGtDRRMQS1cF9HXT,C'est La Vie,Claude,16,0,1,NL,2025-06-10,81,False,160281,C'est La Vie,2025-02-27,0.481,0.457,9,-8.264,1,0.0478,0.267,0.0,0.135,0.271,123.957,4
4WFgvKVfEhb3IUAFGrutTR,Love Me Not,Ravyn Lenae,17,3,6,NL,2025-06-10,90,False,213466,Bird's Eye,2024-08-09,0.779,0.731,0,-6.176,1,0.0306,0.296,0.0,0.128,0.814,114.001,4
35ISBknsCeZQtq66xABI9g,Messy,Lola Young,18,1,3,NL,2025-06-10,89,True,284066,This Wasn't Meant For You Anyway,2024-06-21,0.798,0.562,9,-5.913,1,0.0375,0.11,0.00606,0.122,0.647,110.991,4
3HcIbVeDYLg8u2DiqM4zuT,Blikkendag,"Sven Versteeg, Likke Pêhp",19,-2,15,NL,2025-06-10,71,False,209090,Blikkendag,2024-09-22,0.712,0.936,10,-3.876,1,0.0301,0.00612,0.0,0.0663,0.814,132.058,4
6EkLMgBYvDlRnj2UOtG622,Met Of Zonder Jou,Tino Martin,20,-2,24,NL,2025-06-10,64,False,182618,Met Of Zonder Jou,2025-05-30,0.703,0.779,0,-5.373,1,0.038,0.178,0.0,0.241,0.96,129.025,4
7ubZ97TycJ5fWKKgbFQlue,Beneden (ZIDZ anthem),"Bizzey, Ronnie Flex, Russo",21,0,-9,NL,2025-06-10,73,True,135325,Beneden (ZIDZ anthem),2025-05-01,0.748,0.713,7,-5.894,0,0.0408,0.242,5.07e-06,0.0985,0.875,101.297,4
0qmhTHMVxnXRmT5N92wTD9,Bloodline (with Jelly Roll),"Alex Warren, Jelly Roll",22,3,-6,NL,2025-06-10,90,False,182008,Bloodline (with Jelly Roll),2025-05-22,0.621,0.779,4,-6.346,0,0.056,0.255,0.0,0.0683,0.513,127.925,4
4TwEdnSiTPDR1vg1QZ5K8W,Beautiful People,"David Guetta, Sia",23,3,1,NL,2025-06-10,87,False,187086,Beautiful People,2025-03-07,0.739,0.761,9,-5.39,0,0.0904,0.107,0.0,0.131,0.417,127.033,4
78nx0HDJIFD5xDq2L5420Z,Blessings,"Calvin Harris, Clementine Douglas",24,4,5,NL,2025-06-10,89,False,219650,Blessings,2025-05-09,0.721,0.875,11,-4.125,0,0.0557,0.0022,0.0285,0.0888,0.642,129.913,4
2zqqu4TbRW3yOI5wqdrgDL,Beetje Van Mij,Antoon,25,-3,0,NL,2025-06-10,74,False,150620,Beetje Van Mij,2025-02-06,0.588,0.867,0,-5.949,1,0.0344,0.116,0.0559,0.295,0.168,145.027,4
42UBPzRMh5yyz0EDPr6fr1,Manchild,Sabrina Carpenter,26,13,24,NL,2025-06-10,87,True,213645,Manchild,2025-06-05,0.731,0.685,7,-5.087,1,0.0572,0.122,0.0,0.317,0.811,123.01,4
0QCIpQV3twfqo9kh0t8Zza,Shake It To The Max (FLY) - Remix,"MOLIY, Silent Addy, Skillibeng, Shenseea",27,4,5,NL,2025-06-10,93,True,178775,Shake It To The Max (FLY) (Remix),2025-02-21,0.856,0.548,0,-6.609,0,0.123,0.561,0.0,0.155,0.562,97.997,4
3qQhi8uyeiCZnpkqh2VMNR,SINGLE,"Idaly, Milolaathetlukken",28,-1,-10,NL,2025-06-10,73,True,141320,SINGLE,2025-05-01,0.939,0.683,5,-6.768,1,0.188,0.0424,1.78e-06,0.0901,0.675,123.968,4
3wpV3YcADlbf4AHXnjWtUo,OUT OF PLACE,"Brokezart, Lusho, Def, YGN KAMII",29,-5,21,NL,2025-06-10,60,True,190477,OUT OF PLACE,2025-06-06,0.557,0.625,7,-7.857,1,0.0724,0.204,0.0,0.231,0.322,142.006,4
43TPlT0l0HXLtKUOUoY3gY,Baila de Gasolina,Effe Serieus,30,-1,20,NL,2025-06-10,64,False,140782,Baila de Gasolina,2025-01-17,0.416,0.866,2,-6.222,1,0.0357,0.0112,0.0,0.376,0.461,127.65,1
5d0KtdnoPpniNFngV5ehcP,Alles Wordt Beter,Emma Heesters,31,1,-3,NL,2025-06-10,72,False,191404,Alles Wordt Beter,2025-04-17,0.542,0.596,6,-5.651,1,0.0346,0.233,1.11e-06,0.0847,0.235,174.123,3
4xTjO1NgHBEbINFUQ9Kgao,"Zoet, Zout, Zuur",Robert van Hemert,32,-2,15,NL,2025-06-10,69,False,180778,"Zoet, Zout, Zuur",2023-05-19,0.577,0.882,9,-4.056,1,0.0505,0.0172,0.0,0.0697,0.637,136.168,4
0FTmksd2dxiE5e3rWyJXs6,back to friends,sombr,33,7,4,NL,2025-06-10,98,False,199032,back to friends,2024-12-27,0.436,0.723,1,-2.291,1,0.0301,9.37e-05,8.82e-05,0.0929,0.235,92.855,4
29OyY2QfQnTP9KgdAmNviU,Don Julio Daddy,"Jonna Fraser, Lil Kleine",34,-1,-12,NL,2025-06-10,70,False,176518,Don Julio Daddy,2025-05-15,0.875,0.672,4,-6.064,0,0.243,0.0502,1.32e-05,0.113,0.613,115.949,4
2yWlGEgEfPot0lv3OAjuG3,Just Keep Watching (From F1® The Movie),"Tate McRae, F1 The Album",35,0,-8,NL,2025-06-10,90,False,142550,Just Keep Watching (From F1® The Movie),2025-05-30,0.656,0.796,9,-5.856,0,0.113,0.0767,0.0,0.509,0.425,129.956,4
0xVHwr9T53uhPZpih1LW8g,Terug In De Tijd,Yves Berendse,36,-13,5,NL,2025-06-10,59,False,187357,Voor Altijd,2025-05-16,0.649,0.766,8,-7.688,1,0.0458,0.109,0.0,0.0879,0.541,122.739,4
5SaapweQAEx7X1R47ItZ75,Goud,Suzan & Freek,37,-3,-28,NL,2025-06-10,70,False,202943,Dromen In Kleur,2021-10-29,0.736,0.486,0,-7.627,0,0.043,0.162,0.0,0.121,0.562,110.026,4
2MoLobj6hxy9NdH59TImPL,Batterij,Suzan & Freek,38,0,-25,NL,2025-06-10,70,False,148965,Batterij,2025-05-15,0.762,0.538,9,-7.739,0,0.0567,0.027,1.11e-06,0.19,0.966,145.039,4
4NZ15Gn3KJrmflE8jwiMBU,Wereldwonder,"LA$$A, Poke, John West, Billy Dans",39,-3,-4,NL,2025-06-10,69,False,151714,Wereldwonder,2025-05-02,0.935,0.767,7,-4.81,0,0.0515,0.104,0.0,0.291,0.765,105.044,4
62iG1lk8qtd26ldgzCdRh5,Ga Dan!,Roxy Dekker,40,5,9,NL,2025-06-10,71,False,137999,Mama I Made It,2025-03-07,0.716,0.892,0,-4.391,0,0.0412,0.147,0.0,0.285,0.888,119.988,4
6u9MrPWzCXj0pQjuglCyqy,Jouw Idee,Roxy Dekker,41,0,-8,NL,2025-06-10,74,False,200463,Mama I Made It,2025-03-07,0.561,0.49,3,-6.291,1,0.0427,0.721,0.0,0.0936,0.305,176.014,3
4wJ5Qq0jBN4ajy7ouZIV1c,APT.,"ROSÉ, Bruno Mars",42,-5,4,NL,2025-06-10,89,False,169917,rosie,2024-12-06,0.777,0.783,0,-4.477,0,0.26,0.0283,0.0,0.355,0.939,149.027,4
4AajxCEwGEsmHmT4H1TwjY,undressed,sombr,43,0,-13,NL,2025-06-10,96,False,182088,undressed,2025-03-21,0.642,0.887,0,-3.883,1,0.0406,0.137,0.0,0.0829,0.888,115.999,4
7so0lgd0zP2Sbgs2d7a1SZ,Die With A Smile,"Lady Gaga, Bruno Mars",44,-2,-4,NL,2025-06-10,91,False,251667,MAYHEM,2025-03-07,0.519,0.601,6,-7.727,0,0.0317,0.289,0.0,0.126,0.498,157.964,3
2LddWQtqjD4ORObbXr9pKX,Matcha Coco,"Noano, Jonna Fraser",45,-1,-14,NL,2025-06-10,72,False,177758,Matcha Coco,2025-04-25,0.839,0.836,3,-4.176,0,0.0455,0.0342,3.05e-05,0.122,0.586,126.986,4
1sqe31TzOsjCeex1INgmsq,Hier Mag Alles,"Donnie, Marco Schuitmaker",46,1,4,NL,2025-06-10,68,False,195859,Hier Mag Alles,2023-11-24,0.672,0.838,6,-5.246,0,0.0449,0.0334,0.0,0.06,0.783,139.978,4
5nPbKG04fhLkIAjcPFaZq7,I Adore You (feat. Daecolm),"HUGEL, Topic, Arash, Daecolm",47,-1,-8,NL,2025-06-10,89,False,214000,I Adore You (feat. Daecolm),2024-07-19,0.704,0.787,11,-6.751,0,0.0462,0.00926,0.00538,0.159,0.31,119.996,4
3x3K1RP3Zfi2qeMR8kyrNO,Sorry I'm Here For Someone Else,Benson Boone,48,0,2,NL,2025-06-10,91,False,156582,Sorry I'm Here For Someone Else,2025-02-27,0.533,0.758,2,-4.613,1,0.034,0.0437,0.0,0.16,0.515,149.719,4
1MWpdDDf3Yk0w6o4oviMFY,Als Het Avond Is,Suzan & Freek,49,0,-23,NL,2025-06-10,68,False,205714,Gedeeld Door Ons,2019-09-27,0.725,0.47,11,-7.215,1,0.0301,0.528,0.0,0.113,0.45,104.984,4
221eHga9f9Ne4f8D7WVgPT,Mystical Magical,Benson Boone,50,0,0,NL,2025-06-10,92,False,165746,Mystical Magical,2025-04-24,0.671,0.697,11,-3.851,1,0.116,0.19,0.0,0.393,0.848,119.867,4
6iOndD4OFo7GkaDypWQIou,La Plena - W Sound 05,"W Sound, Beéle, Ovy On The Drums",1,0,3,NI,2025-06-10,95,True,150001,La Plena (W Sound 05),2025-02-19,0.894,0.643,5,-3.485,1,0.132,0.543,0.000984,0.101,0.659,99.039,4
6eLQXa6uk2EW8drsiKbABZ,TU SANCHO,Fuerza Regida,2,0,-1,NI,2025-06-10,90,True,177994,111XPANTIA,2025-05-02,0.689,0.84,8,-6.423,1,0.0457,0.576,0.0,0.126,0.631,120.012,3
7tI8dRuH2Yc6RuoTjxo4dU,Who,Jimin,3,4,0,NI,2025-06-10,90,False,170887,MUSE,2024-07-19,0.66,0.756,0,-3.743,0,0.032,0.00289,0.0,0.193,0.838,116.034,4
3hpm0fTeSqlhJbnqAgaLZs,Marlboro Rojo,Fuerza Regida,4,-1,-2,NI,2025-06-10,91,True,184173,111XPANTIA,2025-05-02,0.773,0.645,4,-6.376,0,0.0349,0.342,3.38e-06,0.32,0.923,114.996,1
1PREzVLuDT6PSE9sej4wnV,COQUETA,"Fuerza Regida, Grupo Frontera",5,-1,0,NI,2025-06-10,90,False,241648,MALA MÍA,2024-12-19,0.74,0.819,1,-4.853,0,0.0866,0.244,0.0,0.107,0.884,78.975,4
4oB8Xd7gMlUEtWoD8bmCXW,Morena,"Neton Vega, Peso Pluma",6,-1,1,NI,2025-06-10,92,False,193728,Mi Vida Mi Muerte,2025-02-14,0.697,0.776,4,-7.409,0,0.0308,0.379,0.00148,0.341,0.189,118.007,3
1HEwEN64NjgTaHmo7LfkX8,no tiene sentido,Beéle,7,1,7,NI,2025-06-10,89,False,158036,BORONDO,2025-05-15,0.671,0.596,2,-7.565,0,0.0556,0.0871,1.97e-05,0.119,0.497,121.976,4
6J5kc12BW5HuP3d7C3vvx8,EoO,Bad Bunny,8,-2,-2,NI,2025-06-10,94,True,204768,DeBÍ TiRAR MáS FOToS,2025-01-05,0.36,0.464,10,-29.598,0,0.0702,0.749,0.859,0.0825,0.184,63.662,4
4zhk2RS2EZODmBW6il55Qj,mi refe,"Beéle, Ovy On The Drums",9,4,4,NI,2025-06-10,84,False,159404,BORONDO,2025-05-15,0.637,0.648,7,-5.306,0,0.271,0.403,5.41e-05,0.119,0.441,123.108,4
2lTm559tuIvatlT1u0JYG2,BAILE INoLVIDABLE,Bad Bunny,10,2,0,NI,2025-06-10,96,True,367725,DeBÍ TiRAR MáS FOToS,2025-01-05,0.168,0.00332,10,-46.113,1,0.0615,0.192,0.79,0.112,0.219,119.387,3
4N1dogCaVWnGyFdPjdqNWF,COMO CAPO,"Clave Especial, Fuerza Regida",11,-2,-2,NI,2025-06-10,87,True,165482,MIJA NO TE ASUSTES,2025-02-20,0.767,0.768,5,-4.529,0,0.0474,0.147,0.0,0.068,0.802,133.082,3
3D24ErT1MMmUfXWotSj2A2,ME JALO,"Fuerza Regida, Grupo Frontera",12,-2,-4,NI,2025-06-10,92,True,212002,MALA MÍA,2024-12-19,0.47,0.75,2,-5.887,0,0.112,0.216,0.0,0.169,0.62,79.814,4
77pDO4WZPIdkwFve0iHWnb,Por Esos Ojos,Fuerza Regida,13,-2,-2,NI,2025-06-10,84,True,188064,111XPANTIA,2025-05-02,0.696,0.678,5,-7.002,0,0.0695,0.31,0.0,0.191,0.522,102.48,3
5mp6OBKCAjN4UYRvhOuUze,Tu Boda,"Oscar Maydon, Fuerza Regida",14,1,36,NI,2025-06-10,65,True,225880,"Rico o Muerto, Vol. 1",2025-06-06,0.694,0.651,6,-6.968,1,0.0785,0.496,1.36e-05,0.0787,0.472,112.648,3
3jS9G4KmuOwuawj3k4Smpc,Vita Fer,"Los Dareyes De La Sierra, Tito Double P",15,1,-3,NI,2025-06-10,83,True,184743,Redención,2025-05-08,0.769,0.81,3,-3.567,0,0.0623,0.351,0.0,0.111,0.753,125.02,3
0L5gbpFGU06vqSHacOxgka,TU TU TU,"Clave Especial, Edgardo Nuñez",16,-2,0,NI,2025-06-10,86,True,151570,MIJA NO TE ASUSTES,2025-02-20,0.768,0.816,5,-5.264,0,0.0755,0.169,5.1e-05,0.477,0.828,142.163,3
7d6yK8v8J484SWH5prIQiE,VeLDÁ,"Bad Bunny, Omar Courtz, Dei V",17,0,1,NI,2025-06-10,92,True,235336,DeBÍ TiRAR MáS FOToS,2025-01-05,0.613,0.981,1,-18.638,1,0.149,0.29,0.0023,0.437,0.0337,101.852,3
3sK8wGT43QFpWrvNQsrQya,DtMF,Bad Bunny,18,0,-1,NI,2025-06-10,97,True,237117,DeBÍ TiRAR MáS FOToS,2025-01-05,0.625,0.131,7,-27.405,0,0.0717,0.177,0.218,0.0807,0.032,136.02,4
6C1RD7YQVvt3YQj0CmuTeu,Diles,"Bad Bunny, Ozuna, Farruko, Arcángel, Ñengo Flow, DJ Luian, Mambo Kingz",19,10,26,NI,2025-06-10,84,True,286040,Diles,2016-08-26,0.813,0.56,2,-5.904,0,0.0618,0.108,0.0,0.268,0.287,118.033,4
3KgHiAVuP88QoQs9CO4z1P,TATTOO,Tito Double P,20,1,-1,NI,2025-06-10,90,True,167955,TATTOO,2025-02-27,0.755,0.747,10,-4.278,0,0.0656,0.482,5.48e-06,0.0853,0.463,109.897,3
5LHPcY9yd0hWVFIW4yfOCJ,Pika Pika,"Chuyin, Fuerza Regida, Jorsshh, Calle 24",21,1,1,NI,2025-06-10,88,True,147981,Pika Pika,2024-11-29,0.716,0.808,1,-6.383,1,0.0332,0.207,4.61e-06,0.14,0.788,127.023,3
2SkB7jADnfiWH8qAE9H8cO,En Privado,"Xavi, Manuel Turizo",22,-2,-1,NI,2025-06-10,89,False,199399,En Privado,2025-02-06,0.833,0.863,7,-3.822,1,0.0377,0.111,4.75e-06,0.135,0.91,126.973,4
4MUrUT38U98olfnyzMBCzm,KLOuFRENS,Bad Bunny,23,7,3,NI,2025-06-10,90,True,199114,DeBÍ TiRAR MáS FOToS,2025-01-05,0.326,0.125,1,-32.45,1,0.148,0.703,0.706,0.18,0.306,106.974,4
2JPctdUgvkQSpnUdfROxvY,Te Quería Ver,"Alemán, Neton Vega",24,-5,0,NI,2025-06-10,84,False,176129,De Vuelta a las Andadas,2025-05-09,0.807,0.763,4,-5.172,0,0.0624,0.186,1.69e-05,0.0917,0.448,100.033,4
0DMJz677XfXiiruhIELu2e,VITAMINA,"Jombriel, DFZM, Jøtta",25,1,-5,NI,2025-06-10,92,False,208743,VITAMINA,2025-02-27,0.815,0.746,10,-4.855,0,0.0528,0.015,2.26e-06,0.056,0.768,92.007,4
3KZCP2StVGdWkOKyRZNWA4,Es un Secreto,Plan B,26,24,13,NI,2025-06-10,84,False,192120,House of Pleasure,2010-07-20,0.841,0.774,6,-4.963,0,0.0421,0.117,2.66e-06,0.0674,0.494,95.006,4
0fea68AdmYNygeTGI4RC18,LA CANCIÓN,"J Balvin, Bad Bunny",27,4,-4,NI,2025-06-10,90,False,242573,OASIS,2019-06-28,0.756,0.646,7,-5.795,1,0.319,0.152,1.81e-05,0.108,0.429,176.088,4
07bruo5RoHasGqnun1Z31S,Chiquita,"Neton Vega, Tito Double P",28,-3,20,NI,2025-06-10,88,False,132051,Mi Vida Mi Muerte,2025-02-14,0.745,0.862,1,-6.345,0,0.058,0.519,2.29e-05,0.12,0.815,138.065,3
0LTwdL5yZ6YOTEGUQPFuSN,ROSONES,Tito Double P,29,-5,6,NI,2025-06-10,88,True,177590,ROSONES,2024-12-05,0.802,0.726,1,-5.939,1,0.0318,0.704,9.7e-06,0.117,0.604,120.129,3
5lKFO0PrOC9jmOlPEdjHsL,DOS DÍAS,"Tito Double P, Peso Pluma",30,3,1,NI,2025-06-10,88,True,153928,INCÓMODO,2024-08-22,0.745,0.513,1,-9.116,1,0.087,0.783,0.0,0.216,0.929,109.935,3
3t72JCbFJ3syOhFC7x9Pa4,M&M,Neton Vega,31,-8,-6,NI,2025-06-10,89,False,166801,Mi Vida Mi Muerte,2025-02-14,0.596,0.839,5,-6.022,1,0.038,0.334,0.00713,0.0952,0.537,178.837,3
5TFD2bmFKGhoCRbX61nXY5,NUEVAYoL,Bad Bunny,32,-5,-5,NI,2025-06-10,94,False,183685,DeBÍ TiRAR MáS FOToS,2025-01-05,0.142,0.195,6,-20.024,1,0.139,0.265,0.995,0.204,0.12,137.922,4
51qYdMBxt9mFbtZBzq1Yfi,Regalo De Dios,Julión Álvarez y su Norteño Banda,33,13,11,NI,2025-06-10,85,False,185933,PRESENTE,2023-11-17,0.792,0.516,4,-6.097,0,0.027,0.197,0.0,0.0855,0.916,108.939,4
5GTBdEjZe7zEDp1N0eCZE4,HOLLYWOOD,"Peso Pluma, Estevan Plazola",34,1,4,NI,2025-06-10,85,True,284864,ÉXODO,2024-06-20,0.707,0.683,3,-7.598,0,0.191,0.7,5.88e-06,0.134,0.545,94.979,3
1a7onn7lPqqRWul5ogyMyX,ANSIEDAD,Fuerza Regida,35,-3,-7,NI,2025-06-10,87,True,151836,111XPANTIA,2025-05-02,0.659,0.684,10,-7.631,0,0.0336,0.421,0.0,0.0814,0.737,107.057,3
3fmw8iIyQDS2L7nE6Wd0xG,sobelove,Beéle,36,1,-3,NI,2025-06-10,81,False,131827,BORONDO,2025-05-15,0.756,0.721,8,-4.046,0,0.191,0.36,9.88e-06,0.0794,0.715,111.994,4
7bywjHOc0wSjGGbj04XbVi,LUNA,"Feid, ATL Jacob",37,10,3,NI,2025-06-10,89,False,196800,FERXXOCALIPSIS,2023-12-01,0.774,0.86,7,-2.888,0,0.13,0.131,0.0,0.116,0.446,100.019,4
59D4DOkspUbWyMmbAPQkxZ,VOY A LLeVARTE PA PR,Bad Bunny,38,0,-4,NI,2025-06-10,93,True,156364,DeBÍ TiRAR MáS FOToS,2025-01-05,0.148,0.604,7,-35.032,1,0.0588,0.921,0.453,0.405,1e-05,106.295,3
4VWKUO1My9MfRecR5ftRkr,Rey Sin Reina,Julión Álvarez y su Norteño Banda,39,-3,-2,NI,2025-06-10,79,False,150523,42 18,2025-02-19,0.529,0.356,3,-6.612,1,0.0569,0.29,0.0,0.136,0.659,169.653,3
0Qe2g06yzLBuuSvVmFiweP,Hasta Aquí Llegué,"Nanpa Básico, Beéle",40,-1,6,NI,2025-06-10,84,False,188887,Duelo,2024-11-07,0.641,0.657,11,-8.338,0,0.218,0.538,0.0,0.106,0.411,100.016,4
2QP041AcWg8PwPIWP95RKN,top diesel,Beéle,41,7,9,NI,2025-06-10,82,False,189456,BORONDO,2025-05-15,0.825,0.73,5,-4.007,1,0.11,0.144,0.000884,0.0435,0.77,99.995,4
6X6m4xmdFcz31p1h7Qg68c,EL LOKERON,Tito Double P,42,3,0,NI,2025-06-10,86,True,145473,INCÓMODO,2024-08-22,0.724,0.689,7,-7.174,0,0.0524,0.573,6.77e-06,0.0922,0.936,120.208,3
1YYfyJ2yCvGFCxwjsIqEK9,Khé?,"Rauw Alejandro, Romeo Santos",43,1,7,NI,2025-06-10,88,False,206066,Cosa Nuestra,2024-11-15,0.687,0.627,7,-4.975,1,0.181,0.326,0.0,0.0893,0.47,155.865,4
0HDHY6RSHHG2ZTE0cMT4GJ,Los Infieles,Aventura,44,-3,-1,NI,2025-06-10,83,False,257186,K.O.B. Live,2006-12-19,0.745,0.716,9,-8.221,0,0.0411,0.202,0.0,0.059,0.817,132.932,4
2BvPMS2XWfnCpHHvWeOyeC,DETRÁS DE TU ALMA,Mora,45,5,5,NI,2025-06-10,83,True,237000,LO MISMO DE SIEMPRE,2025-05-18,0.433,0.733,4,-5.54,0,0.128,0.503,0.0,0.244,0.263,89.405,4
3FqUPvubYeRCMsdJ02QyZR,TÚ NAME,Fuerza Regida,46,-4,4,NI,2025-06-10,84,False,152078,Dolido Pero No Arrepentido,2024-02-09,0.76,0.747,0,-5.083,0,0.0282,0.0675,2.73e-06,0.309,0.884,128.912,3
6ifUES3keWjwXgae8pXI3o,Me Rehúso,Danny Ocean,47,-19,-11,NI,2025-06-10,86,False,205714,54+1,2019-03-22,0.744,0.804,1,-6.327,1,0.0677,0.0231,0.0,0.0494,0.426,104.823,4
4DnrAI8WyUY6gkOwl8GlPN,capaz (merengueton),"Alleh, Yorghaki",48,2,2,NI,2025-06-10,90,False,173858,LA CIUDAD,2024-12-24,0.872,0.614,3,-5.618,0,0.181,0.0815,0.000207,0.135,0.785,126.957,4
61C7zXd4t2Zuhz6DRwgsLM,Volver,"Piso 21, Marc Anthony, Beéle",49,1,1,NI,2025-06-10,85,False,232149,Volver,2025-02-06,0.478,0.793,11,-4.449,1,0.387,0.235,0.0,0.146,0.604,92.294,4
6uroNiDEDd0xFLiri0aQNk,Triple Lavada,Esau Ortiz,50,-7,-20,NI,2025-06-10,91,True,165790,Triple Lavada,2025-03-28,0.909,0.583,10,-5.735,0,0.0847,0.417,0.0,0.137,0.557,100.012,4
4sm7xhaW2PT4iLuTtXaKa1,99 (feat. Daecolm),"Olamide, Seyi Vibez, Asake, Young Jonn, Daecolm",1,49,49,NG,2025-06-10,0,False,248832,99 (feat. Daecolm),2025-06-09,0.796,0.618,5,-8.775,0,0.102,0.223,0.000738,0.0918,0.727,112.06,4
54HwZc6fEmR5EnjRT4oBq5,Very Soon,"BNXN, FOLA",2,-1,48,NG,2025-06-10,72,False,137100,Very Soon,2025-06-04,0.795,0.492,8,-9.565,1,0.0975,0.716,0.0496,0.11,0.446,99.966,4
05lhFsOWPXRjfGA7xY7XJz,Pressure,Seyi Vibez,3,-1,-2,NG,2025-06-10,79,False,159994,Pressure,2025-05-21,0.587,0.384,10,-14.073,1,0.218,0.0351,0.000648,0.0404,0.74,105.388,4
0mCxHKr5bp05PMdD7jU4rW,Al-Jannah,"Kizz Daniel, ODUMODUBLVCK, Bella Shmurda",4,0,-2,NG,2025-06-10,72,True,138614,Uncle K: Lemon Chase,2025-05-29,0.533,0.777,2,-5.501,1,0.27,0.0771,0.0,0.112,0.52,136.673,5
5GyaXqMfcIGHfmTUITFacS,With You (feat. Omah Lay),"Davido, Omah Lay",5,-2,-2,NG,2025-06-10,83,False,136036,5ive,2025-04-18,0.695,0.836,1,-5.553,0,0.0462,0.0075,0.0246,0.0325,0.814,125.002,4
56lGvDVasowdpufZnBJbuB,Titi,"Kizz Daniel, FOLA",6,-1,-1,NG,2025-06-10,71,True,181606,Uncle K: Lemon Chase,2025-05-29,0.774,0.677,0,-3.894,1,0.124,0.418,0.00554,0.12,0.481,98.94,4
3wdV4OJ37JdoLyUJMm50UW,lost,"FOLA, Kizz Daniel",7,-1,-3,NG,2025-06-10,77,False,168082,lost,2025-04-24,0.417,0.359,11,-13.971,1,0.103,0.858,0.00235,0.101,0.521,92.2,1
2iCI6gHilTbSiD8a138KMU,Che Che (feat. Asake),"Young Jonn, Asake",8,-1,42,NG,2025-06-10,67,False,169911,Che Che (feat. Asake),2025-06-06,0.658,0.704,7,-8.617,0,0.127,0.176,6.43e-05,0.18,0.0504,112.392,4
5nmYNuBSh99LNDdZ0iSe2O,Get Better,"Zlatan, FOLA",9,-1,-3,NG,2025-06-10,75,False,195600,Get Better,2025-03-21,0.64,0.538,8,-10.027,1,0.354,0.387,0.0,0.206,0.521,66.304,5
4WnlAkJ3S0r6C7ofHy6kNP,Arike,Kunmie,10,0,1,NG,2025-06-10,76,False,124286,Arike,2025-02-15,0.641,0.493,7,-8.235,1,0.213,0.709,0.000176,0.113,0.147,112.61,5
4DREBgUie15tAPq9KQqe2c,Laho II,"Shallipopi, Burna Boy",11,-2,-3,NG,2025-06-10,79,True,157090,Laho II,2025-04-25,0.654,0.481,6,-7.284,1,0.17,0.183,0.0239,0.103,0.589,137.618,5
52ZxqHSe1HesJPwuuBiW4U,MARIO KART,Seyi Vibez,12,-1,-2,NG,2025-06-10,74,True,171138,Children of Africa,2025-02-20,0.761,0.558,9,-12.608,0,0.051,0.146,0.00368,0.083,0.511,115.017,4
2pNjk1fIZTMtj8ry6SdEmB,Venus,"Faceless, Serøtonin",13,-1,-6,NG,2025-06-10,78,False,139199,Venus,2024-11-28,0.597,0.591,2,-8.161,0,0.182,0.627,0.191,0.19,0.84,200.008,4
3ZR7IlqBPK8TrJyZYfFX9L,who does that? (feat. Bella Shmurda),"FOLA, Bella Shmurda",14,-1,6,NG,2025-06-10,72,False,159945,what a feeling,2024-12-05,0.625,0.749,10,-6.638,1,0.293,0.585,7.05e-05,0.124,0.381,61.697,5
7L1DT2ByQ331AJkDfjvI5N,Management,"Smur Lee, BIGKHALID",15,10,17,NG,2025-06-10,72,True,155669,Management,2025-01-25,0.836,0.707,8,-9.436,1,0.0745,0.0842,5.1e-05,0.122,0.731,111.988,4
20l4NPs2c9OBKBKUKRjxIy,Chandelier,Monaky,16,0,7,NG,2025-06-10,72,False,175666,Candor,2024-11-08,0.721,0.636,5,-9.437,0,0.0612,0.446,0.064,0.125,0.466,100.031,4
3RMr94P81nO3GtW9MfqNp5,PITY THIS BOY (with Victony),"ODUMODUBLVCK, Victony",17,0,-5,NG,2025-06-10,71,False,165000,THE MACHINE IS COMING,2025-03-31,0.855,0.714,11,-8.073,0,0.0555,0.572,0.0,0.0853,0.745,111.988,4
07eJSSPcNlkR34wVlkrCcY,Dangbana Riddim,"Bella Shmurda, FOLA",18,4,8,NG,2025-06-10,72,False,160587,Dangbana Riddim,2025-04-11,0.788,0.686,5,-6.487,0,0.105,0.535,1.07e-06,0.0838,0.903,111.014,4
0lhLSwvRKGHfIcVEz3uQK6,Laho,Shallipopi,19,4,6,NG,2025-06-10,79,True,144000,Laho,2025-03-13,0.965,0.435,6,-8.056,1,0.175,0.331,0.0377,0.116,0.559,110.03,4
7msfmSm4KbVnIds5DvsGzT,Joy is Coming,Fido,20,8,-5,NG,2025-06-10,76,False,188571,Joy is Coming,2024-12-14,0.908,0.608,1,-7.376,0,0.0885,0.0367,3.45e-06,0.0916,0.812,112.001,4
1xFkc8KXwVk1FoG5xhcU3H,See Me See God (SMSG),Barry Jhay,21,3,0,NG,2025-06-10,71,False,192857,Barrystar Vol. 1,2025-04-10,0.743,0.672,8,-7.656,1,0.132,0.333,0.000262,0.317,0.435,111.974,4
6zZixF6uYbtG8uiNzDO2LH,Funds (feat. ODUMODUBLVCK & Chike),"Davido, ODUMODUBLVCK, Chike",22,-3,0,NG,2025-06-10,72,False,206948,5ive,2025-04-18,0.817,0.738,1,-6.197,0,0.0371,0.187,0.0,0.108,0.726,113.04,4
6n6J0mZb0ltWlt2AqobHVd,Black Girl Magic,Kizz Daniel,23,-8,-10,NG,2025-06-10,68,False,137142,Uncle K: Lemon Chase,2025-05-29,0.655,0.781,11,-4.743,1,0.116,0.489,0.00884,0.169,0.902,104.944,4
7iCvoWlfuJ1y7zibnh1EW9,TaTaTa (feat. Travis Scott),"Burna Boy, Travis Scott",24,26,26,NG,2025-06-10,80,False,150651,TaTaTa (feat. Travis Scott),2025-05-21,0.919,0.519,10,-8.382,1,0.17,0.0556,0.00149,0.0738,0.719,124.025,4
7mdvPu1ZAOIgMzr3sfpAqk,My Darling,Chella,25,-4,-1,NG,2025-06-10,81,False,146086,My Darling,2025-03-26,0.832,0.494,7,-9.27,0,0.0509,0.293,0.782,0.0894,0.619,115.032,4
2hODYSmDyWMu2C2XN4bgOV,SHAOLIN,Seyi Vibez,26,-6,-7,NG,2025-06-10,73,True,140527,Children of Africa,2025-02-20,0.706,0.905,5,-7.425,0,0.0865,0.13,0.00362,0.122,0.844,151.124,4
0OWPr4POCQ7iH9BGmTxOZV,LEGOLAS,ODUMODUBLVCK,27,0,-11,NG,2025-06-10,72,False,169285,THE MACHINE IS COMING,2025-03-31,0.403,0.642,2,-7.623,0,0.202,0.618,0.0,0.0866,0.709,60.704,5
1136eJrkWsDvReASbjLTaU,Awolowo,Fido,28,4,2,NG,2025-06-10,75,False,135576,Awolowo,2024-08-07,0.619,0.385,0,-11.272,0,0.118,0.129,0.00369,0.179,0.294,106.312,5
0UKX2OlSnobdX77f0Y1jok,Kai!,"Olamide, Wizkid",29,0,-15,NG,2025-06-10,76,True,175367,Kai!,2025-04-28,0.573,0.726,5,-7.381,1,0.284,0.505,0.134,0.177,0.567,199.061,4
5hphSVebVxTpDfrk09W0hS,Doha,Seyi Vibez,30,-4,1,NG,2025-06-10,72,False,164317,Loseyi Professor,2024-07-12,0.534,0.691,5,-8.121,0,0.428,0.421,6.88e-05,0.155,0.343,203.894,4
4XHrQHvHWlE0RldeG8Nslq,Na Scra,Famous Pluto,31,-1,-3,NG,2025-06-10,72,True,150000,Na Scra,2025-03-07,0.89,0.886,1,-5.689,1,0.0626,0.183,0.0108,0.167,0.836,112.03,4
5VKXfM7SWob2onq118RjYJ,No Turning Back II,"Gaise Baba, Lawrence Oyor",32,-18,-14,NG,2025-06-10,73,False,299468,No Turning Back II,2025-05-16,0.671,0.948,5,-4.443,0,0.171,0.052,0.0,0.287,0.551,113.064,4
3qS4spuVywoeh9uGIpRuQh,Bout U,Rema,33,0,-4,NG,2025-06-10,76,False,163481,Bout U,2025-04-10,0.649,0.773,2,-4.384,1,0.0474,0.183,8.49e-06,0.272,0.485,94.027,4
6NOrpcicPUh2eaj8bAD44u,Baby (Is it a Crime),Rema,34,1,0,NG,2025-06-10,79,False,164151,Baby (Is it a Crime),2025-02-07,0.58,0.665,5,-4.659,0,0.0438,0.0751,4.32e-06,0.39,0.695,129.915,5
10y7iW3rc8bzGbhAC3mNPA,Are you there?,Ayo Maff,35,3,0,NG,2025-06-10,71,False,156428,MAFFIAN,2024-08-15,0.782,0.529,0,-8.626,1,0.0592,0.509,1.42e-06,0.413,0.44,112.014,4
4xVj25uTjTZCaHbSFbYwAE,Hey Jago,"Poco Lee, Shoday, Rahman Jago",36,4,4,NG,2025-06-10,70,True,125284,Hey Jago,2025-03-19,0.772,0.95,1,-4.359,0,0.243,0.21,1.19e-06,0.0943,0.795,125.002,4
2aisLWyo4vnIsh7yJHweaN,Sweet,"Spyro, Shoday",37,4,13,NG,2025-06-10,64,False,153000,Sweet,2025-05-22,0.892,0.75,1,-5.79,1,0.113,0.167,0.000348,0.0792,0.904,120.091,4
1k51Q6GFWBbsaWlBB2gnzo,Gimme Dat (feat. Wizkid),"Ayra Starr, Wizkid",38,-1,-5,NG,2025-06-10,79,False,225500,Gimme Dat,2025-04-25,0.739,0.754,10,-5.284,1,0.177,0.00851,0.0,0.0981,0.596,94.851,4
5Wxkvvb6pLky16pwq4gBI3,Dealer,"Ayo Maff, Fireboy DML",39,-5,3,NG,2025-06-10,72,False,180594,Dealer,2024-04-16,0.49,0.651,11,-6.259,1,0.138,0.714,7.59e-06,0.108,0.567,67.813,5
0Q1bMs3xLQiDEeaneehdxv,Remember,Asake,40,8,4,NG,2025-06-10,72,False,182142,Work Of Art,2023-06-15,0.755,0.675,10,-6.973,1,0.0918,0.512,1.41e-06,0.117,0.783,112.049,4
4uLBwGnr1U3ctcDZrnVEgK,WHY LOVE,Asake,41,1,0,NG,2025-06-10,72,True,210000,WHY LOVE,2025-02-11,0.791,0.489,5,-8.061,0,0.0733,0.024,0.00253,0.106,0.556,111.997,4
78lEwmE6xpWtwHhS8D9Fw2,Escaladizzy,"Mavo, WAVE$TAR",42,-11,8,NG,2025-06-10,58,True,164745,Escaladizzy,2025-06-06,0.591,0.866,9,-4.46,0,0.0556,0.175,0.0,0.552,0.62,157.349,5
26nFIDWjleB6k8P2sm5noh,Peace I Chose,"Kizz Daniel, Runtown",43,-4,-16,NG,2025-06-10,66,True,145853,Uncle K: Lemon Chase,2025-05-29,0.716,0.63,2,-5.864,1,0.147,0.484,4.54e-05,0.0922,0.253,202.54,3
3H2bLX6U4kNuv04iTkCrSp,HAUSAPIANO - Remix,"Kvng Vinci, Zerrydl",44,-8,-1,NG,2025-06-10,70,False,137844,HAUSAPIANO (Remix),2024-11-01,0.796,0.636,7,-9.828,1,0.127,0.463,0.0319,0.248,0.433,116.032,4
5EMD7ozaMBD2GJCUHD5nVn,Feeling,FOLA,45,-2,5,NG,2025-06-10,67,False,161619,Feeling,2024-02-23,0.512,0.684,5,-6.59,1,0.0633,0.703,0.000384,0.109,0.478,109.508,4
0VjzaXw81JQJM61pzWwP8b,Nzaza,Asake,46,4,-1,NG,2025-06-10,70,False,183829,Mr. Money With The Vibe,2022-09-07,0.72,0.602,0,-6.797,1,0.07,0.23,0.00472,0.509,0.709,93.966,4
13VXuHw3O8Yt7VwRIDqSo4,MMS,"Asake, Wizkid",47,0,-8,NG,2025-06-10,75,False,219628,Lungu Boy,2024-08-08,0.502,0.634,8,-3.367,0,0.144,0.677,0.0341,0.188,0.645,101.837,3
6JvWMLscnWYkgX1zPufIGT,Kese (Dance),Wizkid,48,-2,-11,NG,2025-06-10,75,False,174053,Morayo,2024-11-22,0.775,0.874,5,-5.635,0,0.0503,0.143,0.393,0.411,0.915,118.082,4
4OnCrs3h948Ee4yLLTcaRx,JUJU (with Smur Lee & Shallipopi),"ODUMODUBLVCK, Smur Lee, Shallipopi",49,0,1,NG,2025-06-10,67,True,157750,THE MACHINE IS COMING,2025-03-31,0.848,0.687,6,-8.457,0,0.0716,0.0434,0.225,0.0644,0.585,113.038,4
0esYF9xrVgLdKPVAN0mrN4,Secure,"Kizz Daniel, Zlatan",50,-6,-33,NG,2025-06-10,66,True,139666,Uncle K: Lemon Chase,2025-05-29,0.765,0.578,2,-4.871,1,0.109,0.581,0.000281,0.124,0.851,65.404,3
